{"id":"AD","name":"Andorra","month":"2017-01","access_date":"2017-02-02","data":{"chrome":{"4":null,"5":null,"6":null,"7":null,"8":null,"9":null,"10":null,"11":0.017547,"12":null,"13":null,"14":null,"15":null,"16":null,"17":null,"18":null,"19":null,"20":null,"21":null,"22":0.023396,"23":null,"24":null,"25":null,"26":null,"27":null,"28":null,"29":null,"30":null,"31":0.099433,"32":0.029245,"33":null,"34":0.029245,"35":0.011698,"36":0.134527,"37":null,"38":0.011698,"39":0.011698,"40":0.035094,"41":0.017547,"42":null,"43":0.064339,"44":0.005849,"45":null,"46":0.035094,"47":0.029245,"48":0.046792,"49":1.666965,"50":0.222262,"51":0.625843,"52":0.046792,"53":0.099433,"54":0.274903,"55":26.595403,"56":0.198866,"57":0.011698,"58":null,"59":null},"firefox":{"2":null,"3":null,"3.5":null,"3.6":null,"4":null,"5":null,"6":null,"7":null,"8":null,"9":null,"10":null,"11":null,"12":null,"13":null,"14":null,"15":0.011698,"16":null,"17":null,"18":null,"19":null,"20":null,"21":null,"22":null,"23":null,"24":null,"25":null,"26":null,"27":null,"28":null,"29":null,"30":null,"31":null,"32":null,"33":null,"34":null,"35":null,"36":null,"37":0.076037,"38":0.035094,"39":0.005849,"40":null,"41":null,"42":null,"43":0.070188,"44":null,"45":0.052641,"46":0.070188,"47":0.210564,"48":0.298299,"49":0.11698,"50":7.66219,"51":1.468099,"52":0.035094,"53":null,"54":null},"opera":{"9":null,"9.5-9.6":null,"10.0-10.1":0,"10.5":null,"10.6":null,"11":null,"11.1":null,"11.5":null,"11.6":null,"12":null,"12.1":null,"15":null,"16":null,"17":null,"18":null,"19":null,"20":null,"21":null,"22":null,"23":null,"24":null,"25":null,"26":null,"27":null,"28":null,"29":null,"30":null,"31":0.011698,"32":null,"33":null,"34":null,"35":null,"36":0.05849,"37":null,"38":0.099433,"39":null,"40":null,"41":null,"42":0.157923,"43":null,"44":null},"safari":{"3.1":null,"3.2":null,"4":0,"5":0.198866,"5.1":0.198866,"6":null,"6.1":0.087735,"7":0.040943,"7.1":null,"8":0.245658,"9":0.450373,"9.1":1.918472,"10":7.773321,"10.1":null,"0":null},"ios_saf":{"3.2":0,"4.0-4.1":0,"4.2-4.3":0,"5.0-5.1":0,"6.0-6.1":0.0696634141134,"7.0-7.1":0.327418046333,"8":0,"8.1-8.4":0.393598289741,"9.0-9.2":0.177641705989,"9.3":1.52911193979,"10.0-10.2":13.815996604},"android":{"2.1":0,"2.2":0,"2.3":0,"3":0,"4":0.0239414073107,"4.1":0.0774275300261,"4.2-4.3":0.235848331593,"4.4":0.534351835509,"4.4.3-4.4.4":0.299012895561,"53":null},"op_mob":{"10":0,"11":0,"11.1":0,"11.5":0,"12":0,"12.1":0,"0":5.43799126638e-5},"ie":{"5.5":null,"6":null,"7":0.017547,"8":0.152074,"9":0.193017,"10":0.222262,"11":2.994688},"edge":{"12":0.052641,"13":0.309997,"14":1.830737,"15":null},"bb":{"7":0.004151,"10":null},"ie_mob":{"10":0.0558571456311,"11":0.263769854369},"and_ff":{"0":0.012453},"samsung":{"0":2.411731},"and_uc":{"0":0.016604},"op_mini":{"0":0.0248516200873},"and_chr":{"0":21.140661}},"total":98.886419}