{"id":"AI","name":"Anguilla","month":"2017-01","access_date":"2017-02-02","data":{"chrome":{"4":null,"5":null,"6":null,"7":null,"8":null,"9":null,"10":null,"11":0.02806,"12":null,"13":null,"14":null,"15":null,"16":null,"17":null,"18":null,"19":null,"20":null,"21":null,"22":0.011224,"23":null,"24":null,"25":0.005612,"26":null,"27":null,"28":null,"29":0.022448,"30":null,"31":0.016836,"32":0.016836,"33":0.02806,"34":0.005612,"35":0.011224,"36":null,"37":0.022448,"38":0.129076,"39":0.039284,"40":0.011224,"41":null,"42":0.05612,"43":0.022448,"44":0.011224,"45":0.011224,"46":null,"47":0.011224,"48":0.005612,"49":1.588196,"50":0.044896,"51":0.039284,"52":0.117852,"53":0.129076,"54":0.376004,"55":27.52686,"56":0.802516,"57":0.134688,"58":0.005612,"59":null},"firefox":{"2":null,"3":null,"3.5":null,"3.6":null,"4":null,"5":null,"6":0.011224,"7":null,"8":null,"9":null,"10":0.022448,"11":null,"12":null,"13":null,"14":null,"15":null,"16":null,"17":null,"18":null,"19":null,"20":null,"21":null,"22":null,"23":null,"24":null,"25":null,"26":null,"27":null,"28":null,"29":null,"30":null,"31":null,"32":null,"33":null,"34":null,"35":null,"36":null,"37":null,"38":0.218868,"39":0.005612,"40":null,"41":null,"42":null,"43":null,"44":null,"45":0.005612,"46":null,"47":0.067344,"48":0.11224,"49":0.157136,"50":4.652348,"51":0.510692,"52":0.039284,"53":null,"54":null},"opera":{"9":null,"9.5-9.6":null,"10.0-10.1":0,"10.5":null,"10.6":null,"11":null,"11.1":null,"11.5":null,"11.6":null,"12":null,"12.1":null,"15":null,"16":null,"17":null,"18":null,"19":null,"20":null,"21":null,"22":null,"23":null,"24":null,"25":null,"26":null,"27":null,"28":null,"29":null,"30":null,"31":null,"32":null,"33":null,"34":null,"35":null,"36":null,"37":null,"38":null,"39":null,"40":null,"41":0.016836,"42":0.359168,"43":null,"44":null},"safari":{"3.1":null,"3.2":null,"4":0,"5":0.016836,"5.1":0.011224,"6":null,"6.1":0.1403,"7":0.039284,"7.1":null,"8":0.185196,"9":0.078568,"9.1":0.723948,"10":2.963136,"10.1":null,"0":null},"ios_saf":{"3.2":0,"4.0-4.1":0,"4.2-4.3":0,"5.0-5.1":0,"6.0-6.1":0.0503003950037,"7.0-7.1":0.236411856518,"8":0,"8.1-8.4":0.284197231771,"9.0-9.2":0.12826600726,"9.3":1.10409367033,"10.0-10.2":9.97582583912},"android":{"2.1":0,"2.2":0,"2.3":0,"3":0,"4":0.0540146988686,"4.1":0.174685834639,"4.2-4.3":0.532102246301,"4.4":1.20556210879,"4.4.3-4.4.4":0.674609111401,"53":null},"op_mob":{"10":0,"11":0,"11.1":0,"11.5":0,"12":0,"12.1":0,"0":0.000392722707424},"ie":{"5.5":null,"6":null,"7":null,"8":0.061732,"9":0.202032,"10":0.089792,"11":6.190036},"edge":{"12":0.173972,"13":0.723948,"14":4.534496,"15":null},"bb":{"7":0.0241285,"10":null},"ie_mob":{"10":0.0421663106796,"11":0.19911868932},"and_ff":{"0":null},"samsung":{"0":4.597576},"and_uc":{"0":0.478183},"op_mini":{"0":0.179474277293},"and_chr":{"0":25.557685}},"total":99.0428855}