{"id":"AL","name":"Albania","month":"2017-01","access_date":"2017-02-02","data":{"chrome":{"4":null,"5":0.0045,"6":null,"7":null,"8":null,"9":null,"10":0.009,"11":0.027,"12":0.0045,"13":0.0045,"14":0.0045,"15":null,"16":0.0045,"17":null,"18":0.018,"19":null,"20":null,"21":0.0045,"22":0.045,"23":0.009,"24":0.0045,"25":null,"26":0.0135,"27":0.036,"28":0.0135,"29":0.0315,"30":0.0225,"31":0.0135,"32":0.0315,"33":0.027,"34":0.036,"35":0.0405,"36":0.171,"37":0.018,"38":0.0315,"39":0.063,"40":0.0405,"41":0.036,"42":0.0135,"43":0.189,"44":0.0585,"45":0.036,"46":0.0585,"47":0.1125,"48":0.081,"49":4.0545,"50":0.153,"51":0.9135,"52":0.3285,"53":0.3645,"54":0.2655,"55":26.2755,"56":0.477,"57":0.0675,"58":null,"59":null},"firefox":{"2":null,"3":0.0135,"3.5":null,"3.6":0.018,"4":0.009,"5":null,"6":null,"7":null,"8":null,"9":null,"10":0.009,"11":0.009,"12":0.0045,"13":null,"14":0.0045,"15":null,"16":null,"17":null,"18":null,"19":null,"20":null,"21":null,"22":0.0045,"23":null,"24":0.0315,"25":null,"26":null,"27":0.0045,"28":0.0045,"29":0.009,"30":0.009,"31":0.009,"32":0.0045,"33":0.009,"34":0.009,"35":0.009,"36":0.063,"37":0.009,"38":0.0405,"39":0.018,"40":0.0315,"41":0.027,"42":0.0135,"43":0.153,"44":0.036,"45":0.072,"46":0.0855,"47":0.441,"48":0.18,"49":0.126,"50":2.79,"51":0.4455,"52":0.0135,"53":null,"54":null},"opera":{"9":null,"9.5-9.6":null,"10.0-10.1":0,"10.5":null,"10.6":null,"11":null,"11.1":null,"11.5":null,"11.6":null,"12":null,"12.1":0.0135,"15":null,"16":null,"17":null,"18":null,"19":null,"20":null,"21":null,"22":null,"23":null,"24":null,"25":null,"26":null,"27":null,"28":0.018,"29":null,"30":null,"31":null,"32":null,"33":null,"34":null,"35":null,"36":0.054,"37":0.009,"38":0.126,"39":null,"40":0.0315,"41":0.0045,"42":0.5625,"43":null,"44":null},"safari":{"3.1":null,"3.2":null,"4":0.009,"5":0.009,"5.1":0.018,"6":null,"6.1":0.009,"7":null,"7.1":null,"8":0.0225,"9":0.027,"9.1":0.099,"10":0.2835,"10.1":null,"0":null},"ios_saf":{"3.2":0,"4.0-4.1":0,"4.2-4.3":0,"5.0-5.1":0,"6.0-6.1":0.0689804633287,"7.0-7.1":0.324208177645,"8":0,"8.1-8.4":0.389739617807,"9.0-9.2":0.175900181488,"9.3":1.51412117007,"10.0-10.2":13.6805503897},"android":{"2.1":0,"2.2":0,"2.3":0,"3":0,"4":0.110914273281,"4.1":0.358701479547,"4.2-4.3":1.09262358573,"4.4":2.47551218451,"4.4.3-4.4.4":1.38524847694,"53":null},"op_mob":{"10":0,"11":0,"11.1":0,"11.5":0,"12":0,"12.1":0,"0":0.00283406113537},"ie":{"5.5":null,"6":0.0283156779661,"7":0.0377542372881,"8":0.88250529661,"9":0.108543432203,"10":0.136859110169,"11":1.02408368644},"edge":{"12":0.027,"13":0.09,"14":0.4095,"15":null},"bb":{"7":0.042625,"10":null},"ie_mob":{"10":0.173970873786,"11":0.821529126214},"and_ff":{"0":0.011},"samsung":{"0":3.575},"and_uc":{"0":0.2365},"op_mini":{"0":1.29516593886},"and_chr":{"0":27.4655}},"total":98.1706864407}