{"id":"an","name":"Antarctica","month":"2017-01","access_date":"2017-02-02","data":{"chrome":{"4":null,"5":null,"6":null,"7":null,"8":null,"9":null,"10":null,"11":null,"12":null,"13":null,"14":null,"15":null,"16":null,"17":null,"18":null,"19":null,"20":null,"21":null,"22":null,"23":null,"24":null,"25":null,"26":null,"27":0.105616,"28":null,"29":null,"30":null,"31":null,"32":null,"33":null,"34":null,"35":null,"36":null,"37":null,"38":null,"39":null,"40":null,"41":null,"42":null,"43":null,"44":null,"45":null,"46":null,"47":null,"48":null,"49":0.475272,"50":null,"51":0.347024,"52":null,"53":0.105616,"54":0.316848,"55":31.367952,"56":1.478624,"57":0.030176,"58":null,"59":null},"firefox":{"2":null,"3":null,"3.5":null,"3.6":null,"4":null,"5":null,"6":null,"7":null,"8":null,"9":null,"10":null,"11":null,"12":null,"13":null,"14":null,"15":null,"16":null,"17":null,"18":null,"19":null,"20":null,"21":null,"22":null,"23":null,"24":null,"25":null,"26":null,"27":null,"28":null,"29":null,"30":null,"31":null,"32":null,"33":null,"34":null,"35":null,"36":0.082984,"37":null,"38":null,"39":0.052808,"40":null,"41":null,"42":null,"43":0.135792,"44":null,"45":0.663872,"46":0.030176,"47":null,"48":0.052808,"49":0.739312,"50":9.76948,"51":0.739312,"52":null,"53":null,"54":null},"opera":{"9":null,"9.5-9.6":null,"10.0-10.1":0,"10.5":null,"10.6":null,"11":null,"11.1":null,"11.5":null,"11.6":null,"12":null,"12.1":null,"15":null,"16":null,"17":null,"18":null,"19":null,"20":null,"21":null,"22":null,"23":null,"24":null,"25":null,"26":null,"27":null,"28":null,"29":null,"30":null,"31":null,"32":null,"33":null,"34":null,"35":null,"36":null,"37":null,"38":null,"39":null,"40":null,"41":null,"42":0.739312,"43":null,"44":null},"safari":{"3.1":null,"3.2":null,"4":0,"5":null,"5.1":0.26404,"6":null,"6.1":0.030176,"7":null,"7.1":null,"8":0.399832,"9":2.172672,"9.1":2.700752,"10":7.196976,"10.1":null,"0":null},"ios_saf":{"3.2":0,"4.0-4.1":0,"4.2-4.3":0,"5.0-5.1":0,"6.0-6.1":0.0591201964343,"7.0-7.1":0.277864923241,"8":0,"8.1-8.4":0.334029109854,"9.0-9.2":0.150756500907,"9.3":1.29768831173,"10.0-10.2":11.7250129578},"android":{"2.1":0,"2.2":0,"2.3":0,"3":0,"4":0.00130601914708,"4.1":0.00422372149695,"4.2-4.3":0.0128656779809,"4.4":0.0291492358573,"4.4.3-4.4.4":0.0163113455178,"53":null},"op_mob":{"10":0,"11":0,"11.1":0,"11.5":0,"12":0,"12.1":0,"0":0.000139423580786},"ie":{"5.5":null,"6":null,"7":null,"8":null,"9":null,"10":null,"11":9.31684},"edge":{"12":0.105616,"13":0.082984,"14":5.793792,"15":null},"bb":{"7":0,"10":null},"ie_mob":{"10":0.0111593009709,"11":0.0526966990291},"and_ff":{"0":null},"samsung":{"0":4.000824},"and_uc":{"0":null},"op_mini":{"0":0.0637165764192},"and_chr":{"0":4.16292}},"total":97.496448}