{"id":"eu","name":"Europe","month":"2017-01","access_date":"2017-02-02","data":{"chrome":{"4":null,"5":null,"6":null,"7":null,"8":null,"9":null,"10":null,"11":0.024592,"12":null,"13":null,"14":null,"15":null,"16":0.006148,"17":null,"18":0.018444,"19":0.03074,"20":null,"21":0.012296,"22":0.036888,"23":0.006148,"24":0.086072,"25":0.012296,"26":0.018444,"27":0.006148,"28":0.006148,"29":0.012296,"30":0.036888,"31":0.036888,"32":0.043036,"33":0.012296,"34":0.049184,"35":0.110664,"36":0.190588,"37":0.049184,"38":0.049184,"39":0.06148,"40":0.03074,"41":0.055332,"42":0.049184,"43":0.141404,"44":0.043036,"45":0.055332,"46":0.049184,"47":0.086072,"48":0.098368,"49":1.881288,"50":0.221328,"51":0.565616,"52":0.159848,"53":0.24592,"54":0.627096,"55":26.608544,"56":0.411916,"57":0.055332,"58":null,"59":null},"firefox":{"2":0.03074,"3":0.012296,"3.5":0.012296,"3.6":0.043036,"4":0.006148,"5":null,"6":null,"7":null,"8":null,"9":null,"10":null,"11":null,"12":0.012296,"13":null,"14":null,"15":0.03074,"16":0.012296,"17":null,"18":0.03074,"19":null,"20":0.012296,"21":0.036888,"22":null,"23":0.03074,"24":0.018444,"25":0.067628,"26":0.012296,"27":null,"28":0.012296,"29":0.012296,"30":0.012296,"31":0.03074,"32":0.012296,"33":0.012296,"34":0.024592,"35":0.024592,"36":0.024592,"37":0.03074,"38":0.135256,"39":0.036888,"40":0.03074,"41":0.036888,"42":0.06148,"43":0.135256,"44":0.036888,"45":0.344288,"46":0.202884,"47":0.375028,"48":0.405768,"49":0.405768,"50":8.644088,"51":1.125084,"52":0.024592,"53":null,"54":null},"opera":{"9":null,"9.5-9.6":null,"10.0-10.1":0.024592,"10.5":null,"10.6":null,"11":null,"11.1":null,"11.5":null,"11.6":0.012296,"12":0.024592,"12.1":0.27666,"15":null,"16":null,"17":null,"18":null,"19":null,"20":null,"21":null,"22":null,"23":null,"24":null,"25":null,"26":null,"27":0.006148,"28":0.012296,"29":null,"30":null,"31":null,"32":null,"33":null,"34":null,"35":null,"36":0.098368,"37":0.012296,"38":0.067628,"39":0.006148,"40":0.006148,"41":0.036888,"42":1.01442,"43":0.012296,"44":null},"safari":{"3.1":null,"3.2":null,"4":0.018444,"5":0.067628,"5.1":0.098368,"6":0.006148,"6.1":0.067628,"7":0.03074,"7.1":0.006148,"8":0.141404,"9":0.18444,"9.1":0.694724,"10":2.42846,"10.1":null,"0":null},"ios_saf":{"3.2":0,"4.0-4.1":0,"4.2-4.3":0,"5.0-5.1":0,"6.0-6.1":0.0455926678766,"7.0-7.1":0.21428553902,"8":0,"8.1-8.4":0.257598573503,"9.0-9.2":0.116261303085,"9.3":1.00075905989,"10.0-10.2":9.04216585662},"android":{"2.1":0,"2.2":0,"2.3":0,"3":0,"4":0.0364073289817,"4.1":0.117742851175,"4.2-4.3":0.358650921671,"4.4":0.812580597911,"4.4.3-4.4.4":0.454704300261,"53":null},"op_mob":{"10":0,"11":0,"11.1":0,"11.5":0,"12":0,"12.1":0,"0":0.00100951965066},"ie":{"5.5":null,"6":0.0186535909091,"7":0.0186535909091,"8":0.348200363636,"9":0.279803863636,"10":0.304675318182,"11":5.04890527273},"edge":{"12":0.079924,"13":0.301252,"14":2.42846,"15":null},"bb":{"7":0.02600775,"10":null},"ie_mob":{"10":0.115141106796,"11":0.543721893204},"and_ff":{"0":0.046236},"samsung":{"0":3.826029},"and_uc":{"0":0.393006},"op_mini":{"0":0.461350480349},"and_chr":{"0":20.683118}},"total":97.60390875}