{"id":"af","name":"Africa","month":"2017-01","access_date":"2017-02-02","data":{"chrome":{"4":0.011904,"5":0.007936,"6":0.007936,"7":null,"8":null,"9":0.007936,"10":0.007936,"11":0.047616,"12":0.01984,"13":0.003968,"14":0.003968,"15":0.011904,"16":0.01984,"17":0.023808,"18":0.023808,"19":0.261888,"20":0.023808,"21":0.01984,"22":0.01984,"23":0.027776,"24":0.757888,"25":0.031744,"26":0.071424,"27":0.031744,"28":0.03968,"29":0.047616,"30":0.301568,"31":0.091264,"32":0.130944,"33":0.186496,"34":0.091264,"35":0.583296,"36":0.194432,"37":0.067456,"38":0.063488,"39":0.083328,"40":0.095232,"41":0.107136,"42":0.0992,"43":1.142784,"44":0.226176,"45":0.130944,"46":0.075392,"47":0.107136,"48":0.071424,"49":1.345152,"50":0.075392,"51":0.313472,"52":0.162688,"53":0.2976,"54":0.33728,"55":13.705472,"56":0.293632,"57":0.047616,"58":null,"59":null},"firefox":{"2":0.249984,"3":0.03968,"3.5":0.007936,"3.6":0.03968,"4":0.015872,"5":0.015872,"6":0.003968,"7":0.007936,"8":0.011904,"9":0.011904,"10":0.011904,"11":0.023808,"12":0.027776,"13":0.023808,"14":0.011904,"15":0.281728,"16":0.023808,"17":0.015872,"18":0.265856,"19":0.027776,"20":0.027776,"21":0.265856,"22":0.023808,"23":0.269824,"24":0.023808,"25":0.53568,"26":0.035712,"27":0.03968,"28":0.043648,"29":0.063488,"30":0.055552,"31":0.055552,"32":0.035712,"33":0.023808,"34":0.031744,"35":0.043648,"36":0.043648,"37":0.051584,"38":0.075392,"39":0.05952,"40":0.067456,"41":0.051584,"42":0.035712,"43":0.210304,"44":0.130944,"45":0.0992,"46":0.071424,"47":0.369024,"48":0.242048,"49":0.1984,"50":3.844992,"51":0.6944,"52":0.051584,"53":null,"54":null},"opera":{"9":null,"9.5-9.6":null,"10.0-10.1":0.25792,"10.5":null,"10.6":null,"11":null,"11.1":null,"11.5":null,"11.6":0.015872,"12":0.007936,"12.1":0.023808,"15":0.003968,"16":null,"17":0.003968,"18":0.007936,"19":0.015872,"20":0.015872,"21":0.015872,"22":0.007936,"23":0.011904,"24":null,"25":null,"26":null,"27":null,"28":0.011904,"29":0.011904,"30":0.015872,"31":0.007936,"32":null,"33":0.003968,"34":0.007936,"35":0.007936,"36":0.051584,"37":0.043648,"38":0.031744,"39":0.007936,"40":0.007936,"41":0.01984,"42":0.53568,"43":0.003968,"44":null},"safari":{"3.1":null,"3.2":null,"4":0.007936,"5":0.246016,"5.1":0.01984,"6":0.015872,"6.1":0.011904,"7":0.015872,"7.1":0.01984,"8":0.051584,"9":0.043648,"9.1":0.123008,"10":0.329344,"10.1":null,"0":null},"ios_saf":{"3.2":0,"4.0-4.1":0,"4.2-4.3":0,"5.0-5.1":0,"6.0-6.1":0.0111276780186,"7.0-7.1":0.0523000866873,"8":0,"8.1-8.4":0.062871380805,"9.0-9.2":0.0283755789474,"9.3":0.244252532508,"10.0-10.2":2.20689674303},"android":{"2.1":0,"2.2":0,"2.3":0,"3":0,"4":0.0884562088773,"4.1":0.286071143603,"4.2-4.3":0.871387759791,"4.4":1.97426730026,"4.4.3-4.4.4":1.10476158747,"53":null},"op_mob":{"10":0,"11":0,"11.1":0,"11.5":0,"12":0,"12.1":0,"0":0.0498496069869},"ie":{"5.5":null,"6":0.0121613837838,"7":0.0283765621622,"8":0.851296864865,"9":0.69725267027,"10":0.729683027027,"11":1.43098949189},"edge":{"12":0.075392,"13":0.11904,"14":0.361088,"15":null},"bb":{"7":0.25636,"10":null},"ie_mob":{"10":0.174986563107,"11":0.826325436893},"and_ff":{"0":0.072384},"samsung":{"0":3.52872},"and_uc":{"0":4.85576},"op_mini":{"0":22.781270393},"and_chr":{"0":20.3044}},"total":97.080024}