{"id":"as","name":"Asia","month":"2017-01","access_date":"2017-02-02","data":{"chrome":{"4":null,"5":null,"6":0.00321,"7":null,"8":null,"9":null,"10":0.00642,"11":0.02889,"12":0.00963,"13":0.00321,"14":0.00642,"15":0.00642,"16":0.00642,"17":0.00642,"18":0.00963,"19":0.00642,"20":0.00963,"21":0.01605,"22":0.05136,"23":0.01284,"24":0.00963,"25":0.01605,"26":0.02568,"27":0.01605,"28":0.01926,"29":0.02247,"30":0.01926,"31":0.15087,"32":0.02889,"33":0.04494,"34":0.03531,"35":0.01926,"36":0.05778,"37":0.01284,"38":0.03531,"39":0.0321,"40":0.01926,"41":0.01926,"42":0.03852,"43":0.2247,"44":0.04494,"45":0.5778,"46":0.0642,"47":0.13161,"48":0.09309,"49":1.30326,"50":0.17976,"51":0.28569,"52":0.1605,"53":0.2568,"54":0.39483,"55":17.2698,"56":0.29853,"57":0.07704,"58":null,"59":null},"firefox":{"2":null,"3":0.03852,"3.5":0.00321,"3.6":0.01605,"4":0.00963,"5":0.00321,"6":0.00321,"7":null,"8":0.01605,"9":null,"10":0.00642,"11":0.00642,"12":0.01284,"13":0.00642,"14":0.00642,"15":0.00642,"16":0.00642,"17":0.00642,"18":0.00642,"19":0.00642,"20":0.00642,"21":0.00642,"22":0.00642,"23":0.00642,"24":0.00642,"25":0.00642,"26":0.00642,"27":0.00642,"28":0.00642,"29":0.01284,"30":0.01284,"31":0.0321,"32":0.00963,"33":0.01284,"34":0.01605,"35":0.01605,"36":0.01605,"37":0.01926,"38":0.02889,"39":0.02247,"40":0.02247,"41":0.01926,"42":0.01926,"43":0.0963,"44":0.09309,"45":0.0642,"46":0.04173,"47":0.18297,"48":0.12198,"49":0.0963,"50":2.19243,"51":0.39804,"52":0.0321,"53":null,"54":null},"opera":{"9":null,"9.5-9.6":null,"10.0-10.1":0,"10.5":null,"10.6":null,"11":null,"11.1":null,"11.5":null,"11.6":null,"12":0.00321,"12.1":0.01605,"15":null,"16":null,"17":null,"18":null,"19":null,"20":null,"21":null,"22":null,"23":null,"24":null,"25":null,"26":null,"27":null,"28":0.00642,"29":null,"30":null,"31":null,"32":null,"33":null,"34":null,"35":null,"36":0.01926,"37":0.00963,"38":0.02247,"39":0.00321,"40":0.00321,"41":0.00963,"42":0.27285,"43":null,"44":null},"safari":{"3.1":null,"3.2":null,"4":0.00642,"5":0.00642,"5.1":0.01926,"6":0.00321,"6.1":0.00963,"7":0.00963,"7.1":0.00321,"8":0.03852,"9":0.03531,"9.1":0.12519,"10":0.37236,"10.1":null,"0":null},"ios_saf":{"3.2":0,"4.0-4.1":0,"4.2-4.3":0,"5.0-5.1":0,"6.0-6.1":0.0296623038326,"7.0-7.1":0.139412828013,"8":0,"8.1-8.4":0.167592016654,"9.0-9.2":0.0756388747731,"9.3":0.651087569126,"10.0-10.2":5.8827764076},"android":{"2.1":0,"2.2":0,"2.3":0,"3":0,"4":0.0694364664926,"4.1":0.22456048738,"4.2-4.3":0.684023063534,"4.4":1.54976283725,"4.4.3-4.4.4":0.867217145344,"53":null},"op_mob":{"10":0,"11":0,"11.1":0,"11.5":0,"12":0,"12.1":0,"0":0.010155349345},"ie":{"5.5":null,"6":0.0239586375,"7":0.0171133125,"8":0.403874175,"9":0.2019370875,"10":0.184823775,"11":1.9064230125},"edge":{"12":0.03531,"13":0.08988,"14":0.45261,"15":null},"bb":{"7":0.044135,"10":null},"ie_mob":{"10":0.0676363106796,"11":0.31939368932},"and_ff":{"0":0.02037},"samsung":{"0":4.21659},"and_uc":{"0":17.68795},"op_mini":{"0":4.64099465066},"and_chr":{"0":30.23035}},"total":97.855465}