{"id":"na","name":"North America","month":"2017-01","access_date":"2017-02-02","data":{"chrome":{"4":null,"5":null,"6":null,"7":null,"8":null,"9":null,"10":null,"11":0.016356,"12":null,"13":null,"14":null,"15":null,"16":null,"17":null,"18":0.010904,"19":null,"20":null,"21":0.010904,"22":0.016356,"23":0.005452,"24":null,"25":0.010904,"26":0.005452,"27":0.021808,"28":0.005452,"29":0.016356,"30":null,"31":0.021808,"32":0.021808,"33":0.010904,"34":0.021808,"35":0.02726,"36":0.08178,"37":0.032712,"38":0.038164,"39":0.043616,"40":0.043616,"41":0.119944,"42":0.065424,"43":0.234436,"44":0.087232,"45":0.076328,"46":0.05452,"47":0.059972,"48":0.1363,"49":1.101304,"50":0.147204,"51":0.62698,"52":0.278052,"53":0.338024,"54":0.986812,"55":23.945184,"56":0.32712,"57":0.049068,"58":0.010904,"59":null},"firefox":{"2":null,"3":0.016356,"3.5":null,"3.6":0.016356,"4":null,"5":null,"6":null,"7":null,"8":null,"9":null,"10":null,"11":0.010904,"12":0.005452,"13":null,"14":null,"15":null,"16":0.010904,"17":null,"18":null,"19":null,"20":null,"21":0.021808,"22":null,"23":null,"24":0.010904,"25":0.005452,"26":null,"27":0.005452,"28":0.005452,"29":0.010904,"30":0.005452,"31":0.02726,"32":0.005452,"33":0.010904,"34":0.010904,"35":0.016356,"36":0.02726,"37":0.02726,"38":0.059972,"39":0.016356,"40":0.016356,"41":0.038164,"42":0.016356,"43":0.076328,"44":0.021808,"45":0.234436,"46":0.092684,"47":0.294408,"48":0.35438,"49":0.179916,"50":4.519708,"51":0.528844,"52":0.010904,"53":null,"54":null},"opera":{"9":null,"9.5-9.6":null,"10.0-10.1":0,"10.5":null,"10.6":null,"11":null,"11.1":null,"11.5":null,"11.6":null,"12":null,"12.1":0.016356,"15":null,"16":null,"17":null,"18":null,"19":null,"20":null,"21":null,"22":null,"23":null,"24":null,"25":null,"26":null,"27":null,"28":0.02726,"29":null,"30":null,"31":null,"32":null,"33":null,"34":null,"35":null,"36":0.010904,"37":null,"38":0.070876,"39":0.005452,"40":null,"41":0.005452,"42":0.16356,"43":null,"44":null},"safari":{"3.1":null,"3.2":null,"4":0.02726,"5":0.043616,"5.1":0.10904,"6":0.010904,"6.1":0.076328,"7":0.038164,"7.1":0.016356,"8":0.19082,"9":0.207176,"9.1":1.079496,"10":3.145804,"10.1":null,"0":null},"ios_saf":{"3.2":0,"4.0-4.1":0,"4.2-4.3":0,"5.0-5.1":0,"6.0-6.1":0.0897264310879,"7.0-7.1":0.421714226113,"8":0,"8.1-8.4":0.506954335646,"9.0-9.2":0.228802399274,"9.3":1.96949516238,"10.0-10.2":17.7949944455},"android":{"2.1":0,"2.2":0,"2.3":0,"3":0,"4":0.0221334821584,"4.1":0.0715806231506,"4.2-4.3":0.218038345518,"4.4":0.494000484769,"4.4.3-4.4.4":0.276433064404,"53":null},"op_mob":{"10":0,"11":0,"11.1":0,"11.5":0,"12":0,"12.1":0,"0":0.000744596069869},"ie":{"5.5":null,"6":0.0441940433735,"7":0.0331455325301,"8":0.508231498795,"9":0.336979580723,"10":0.342503836145,"11":7.87758823133},"edge":{"12":0.059972,"13":0.2726,"14":2.742356,"15":null},"bb":{"7":0.040923,"10":null},"ie_mob":{"10":0.0437041747573,"11":0.206380825243},"and_ff":{"0":0.054564},"samsung":{"0":2.869157},"and_uc":{"0":0.354666},"op_mini":{"0":0.34028040393},"and_chr":{"0":19.49363}},"total":98.7799577229}