{"id":"oc","name":"Oceania","month":"2017-01","access_date":"2017-02-02","data":{"chrome":{"4":null,"5":null,"6":null,"7":null,"8":null,"9":null,"10":null,"11":0.015348,"12":null,"13":null,"14":null,"15":null,"16":null,"17":null,"18":0.005116,"19":null,"20":null,"21":null,"22":0.015348,"23":null,"24":null,"25":null,"26":0.02558,"27":null,"28":null,"29":0.005116,"30":0.010232,"31":0.02558,"32":0.02558,"33":0.015348,"34":0.040928,"35":0.02558,"36":0.097204,"37":0.015348,"38":0.056276,"39":0.035812,"40":0.02558,"41":0.040928,"42":0.040928,"43":0.066508,"44":0.056276,"45":0.225104,"46":0.05116,"47":0.081856,"48":0.071624,"49":1.038548,"50":0.15348,"51":0.23022,"52":0.250684,"53":0.317192,"54":0.864604,"55":24.843296,"56":0.327424,"57":0.056276,"58":null,"59":null},"firefox":{"2":null,"3":null,"3.5":null,"3.6":0.010232,"4":null,"5":null,"6":null,"7":null,"8":null,"9":null,"10":null,"11":null,"12":null,"13":null,"14":null,"15":null,"16":null,"17":null,"18":null,"19":null,"20":null,"21":null,"22":null,"23":null,"24":0.005116,"25":null,"26":null,"27":null,"28":0.005116,"29":0.005116,"30":0.005116,"31":0.010232,"32":null,"33":0.010232,"34":0.010232,"35":0.010232,"36":0.010232,"37":0.020464,"38":0.066508,"39":0.020464,"40":0.015348,"41":0.02558,"42":0.015348,"43":0.040928,"44":0.040928,"45":0.173944,"46":0.030696,"47":0.138132,"48":0.189292,"49":0.10232,"50":4.793692,"51":0.572992,"52":0.015348,"53":null,"54":null},"opera":{"9":null,"9.5-9.6":null,"10.0-10.1":0,"10.5":null,"10.6":null,"11":null,"11.1":null,"11.5":null,"11.6":null,"12":null,"12.1":0.015348,"15":null,"16":null,"17":null,"18":null,"19":null,"20":null,"21":null,"22":null,"23":null,"24":null,"25":null,"26":null,"27":null,"28":0.010232,"29":null,"30":null,"31":null,"32":null,"33":null,"34":null,"35":null,"36":0.010232,"37":null,"38":0.010232,"39":null,"40":null,"41":null,"42":0.15348,"43":null,"44":null},"safari":{"3.1":null,"3.2":null,"4":0,"5":0.046044,"5.1":0.112552,"6":0.015348,"6.1":0.086972,"7":0.046044,"7.1":0.010232,"8":0.245568,"9":0.291612,"9.1":1.130636,"10":3.130992,"10.1":null,"0":null},"ios_saf":{"3.2":0,"4.0-4.1":0,"4.2-4.3":0,"5.0-5.1":0,"6.0-6.1":0.105156946728,"7.0-7.1":0.494237649621,"8":0,"8.1-8.4":0.594136749012,"9.0-9.2":0.268150214156,"9.3":2.30819498068,"10.0-10.2":20.8552514598},"android":{"2.1":0,"2.2":0,"2.3":0,"3":0,"4":0.0244731331593,"4.1":0.079147154047,"4.2-4.3":0.241086396867,"4.4":0.546219503916,"4.4.3-4.4.4":0.30565381201,"53":null},"op_mob":{"10":0,"11":0,"11.1":0,"11.5":0,"12":0,"12.1":0,"0":0.0017488558952},"ie":{"5.5":null,"6":null,"7":0.0104094848222,"8":0.182165984389,"9":0.202984954033,"10":0.182165984389,"11":5.41813684996},"edge":{"12":0.066508,"13":0.30696,"14":2.783104,"15":null},"bb":{"7":0.006105,"10":null},"ie_mob":{"10":0.0520643883495,"11":0.24585961165},"and_ff":{"0":0.053724},"samsung":{"0":4.283268},"and_uc":{"0":1.75824},"op_mini":{"0":0.799227144105},"and_chr":{"0":15.911096}},"total":98.9009242576}