{"id":"sa","name":"South America","month":"2017-01","access_date":"2017-02-02","data":{"chrome":{"4":null,"5":null,"6":null,"7":null,"8":null,"9":null,"10":null,"11":0.012096,"12":null,"13":null,"14":null,"15":null,"16":null,"17":null,"18":0.012096,"19":null,"20":null,"21":null,"22":0.036288,"23":null,"24":null,"25":0.006048,"26":0.024192,"27":0.012096,"28":null,"29":0.018144,"30":0.006048,"31":0.03024,"32":0.229824,"33":0.012096,"34":0.036288,"35":0.254016,"36":1.324512,"37":0.024192,"38":0.042336,"39":0.042336,"40":0.03024,"41":0.03024,"42":0.03024,"43":0.163296,"44":0.066528,"45":0.054432,"46":0.084672,"47":1.27008,"48":0.127008,"49":2.352672,"50":0.12096,"51":0.586656,"52":0.24192,"53":0.338688,"54":0.592704,"55":39.124512,"56":0.610848,"57":0.066528,"58":null,"59":null},"firefox":{"2":null,"3":0.012096,"3.5":null,"3.6":0.024192,"4":null,"5":null,"6":null,"7":null,"8":0.036288,"9":null,"10":null,"11":null,"12":0.006048,"13":null,"14":null,"15":null,"16":null,"17":null,"18":null,"19":null,"20":null,"21":0.006048,"22":null,"23":0.006048,"24":null,"25":0.006048,"26":0.006048,"27":0.066528,"28":0.006048,"29":0.012096,"30":0.006048,"31":0.024192,"32":null,"33":0.018144,"34":0.012096,"35":0.012096,"36":0.012096,"37":0.018144,"38":0.042336,"39":0.018144,"40":0.03024,"41":0.024192,"42":0.018144,"43":0.09072,"44":0.018144,"45":0.108864,"46":0.042336,"47":0.247968,"48":0.193536,"49":0.102816,"50":4.040064,"51":0.489888,"52":0.012096,"53":null,"54":null},"opera":{"9":null,"9.5-9.6":null,"10.0-10.1":0,"10.5":null,"10.6":null,"11":null,"11.1":null,"11.5":null,"11.6":null,"12":null,"12.1":0.012096,"15":null,"16":null,"17":null,"18":null,"19":null,"20":null,"21":null,"22":null,"23":null,"24":null,"25":null,"26":null,"27":null,"28":0.006048,"29":null,"30":null,"31":null,"32":null,"33":null,"34":null,"35":null,"36":0.018144,"37":null,"38":0.042336,"39":null,"40":null,"41":0.006048,"42":0.381024,"43":null,"44":null},"safari":{"3.1":null,"3.2":null,"4":0.006048,"5":0.012096,"5.1":0.018144,"6":null,"6.1":0.012096,"7":0.012096,"7.1":null,"8":0.066528,"9":0.066528,"9.1":0.235872,"10":0.731808,"10.1":null,"0":null},"ios_saf":{"3.2":0,"4.0-4.1":0,"4.2-4.3":0,"5.0-5.1":0,"6.0-6.1":0.0146654766734,"7.0-7.1":0.0689277403651,"8":0,"8.1-8.4":0.0828599432049,"9.0-9.2":0.0373969655172,"9.3":0.321907212982,"10.0-10.2":2.90853066126},"android":{"2.1":0,"2.2":0,"2.3":0,"3":0,"4":0.0565799825936,"4.1":0.182982071366,"4.2-4.3":0.557373020017,"4.4":1.26281705831,"4.4.3-4.4.4":0.706647867711,"53":null},"op_mob":{"10":0,"11":0,"11.1":0,"11.5":0,"12":0,"12.1":0,"0":0.002416069869},"ie":{"5.5":null,"6":0.0186317419355,"7":0.0248423225806,"8":0.403687741935,"9":0.167685677419,"10":0.186317419355,"11":1.50917109677},"edge":{"12":0.054432,"13":0.127008,"14":0.677376,"15":null},"bb":{"7":0.025688,"10":null},"ie_mob":{"10":0.183710446602,"11":0.867521553398},"and_ff":{"0":0.01976},"samsung":{"0":1.833728},"and_uc":{"0":0.466336},"op_mini":{"0":1.10414393013},"and_chr":{"0":29.253456}},"total":98.538376}