{"id":"ww","name":"Worldwide","month":"2017-01","access_date":"2017-02-02","data":{"chrome":{"4":null,"5":null,"6":null,"7":null,"8":null,"9":null,"10":0.004534,"11":0.02267,"12":0.004534,"13":null,"14":null,"15":null,"16":0.004534,"17":0.004534,"18":0.013602,"19":0.02267,"20":0.009068,"21":0.013602,"22":0.036272,"23":0.009068,"24":0.054408,"25":0.013602,"26":0.02267,"27":0.013602,"28":0.013602,"29":0.018136,"30":0.027204,"31":0.086146,"32":0.04534,"33":0.036272,"34":0.036272,"35":0.077078,"36":0.172292,"37":0.027204,"38":0.040806,"39":0.04534,"40":0.031738,"41":0.054408,"42":0.049874,"43":0.235768,"44":0.063476,"45":0.303778,"46":0.058942,"47":0.172292,"48":0.104282,"49":1.437278,"50":0.172292,"51":0.435264,"52":0.190428,"53":0.276574,"54":0.584886,"55":21.867482,"56":0.344584,"57":0.063476,"58":0.004534,"59":null},"firefox":{"2":0.018136,"3":0.027204,"3.5":0.004534,"3.6":0.02267,"4":0.009068,"5":null,"6":null,"7":null,"8":0.009068,"9":null,"10":0.004534,"11":0.009068,"12":0.013602,"13":null,"14":0.004534,"15":0.02267,"16":0.009068,"17":0.004534,"18":0.02267,"19":0.004534,"20":0.004534,"21":0.027204,"22":0.004534,"23":0.02267,"24":0.009068,"25":0.040806,"26":0.009068,"27":0.009068,"28":0.009068,"29":0.013602,"30":0.013602,"31":0.031738,"32":0.009068,"33":0.013602,"34":0.018136,"35":0.018136,"36":0.02267,"37":0.02267,"38":0.063476,"39":0.027204,"40":0.02267,"41":0.031738,"42":0.027204,"43":0.104282,"44":0.063476,"45":0.172292,"46":0.09068,"47":0.258438,"48":0.240302,"49":0.185894,"50":4.289164,"51":0.603022,"52":0.027204,"53":null,"54":null},"opera":{"9":null,"9.5-9.6":null,"10.0-10.1":0.018136,"10.5":null,"10.6":null,"11":null,"11.1":null,"11.5":null,"11.6":0.004534,"12":0.009068,"12.1":0.077078,"15":null,"16":null,"17":null,"18":null,"19":null,"20":null,"21":null,"22":null,"23":null,"24":null,"25":null,"26":null,"27":null,"28":0.013602,"29":null,"30":null,"31":null,"32":null,"33":null,"34":null,"35":null,"36":0.036272,"37":0.009068,"38":0.04534,"39":0.004534,"40":0.004534,"41":0.013602,"42":0.426196,"43":0.004534,"44":null},"safari":{"3.1":null,"3.2":null,"4":0.009068,"5":0.040806,"5.1":0.058942,"6":0.009068,"6.1":0.036272,"7":0.02267,"7.1":0.009068,"8":0.099748,"9":0.108816,"9.1":0.471536,"10":1.459948,"10.1":null,"0":null},"ios_saf":{"3.2":0,"4.0-4.1":0,"4.2-4.3":0,"5.0-5.1":0,"6.0-6.1":0.0425282459699,"7.0-7.1":0.199882756059,"8":0,"8.1-8.4":0.24028458973,"9.0-9.2":0.108447027223,"9.3":0.933494999039,"10.0-10.2":8.43441438198},"android":{"2.1":0,"2.2":0,"2.3":0,"3":0,"4":0.0522076736292,"4.1":0.16884183812,"4.2-4.3":0.514301125326,"4.4":1.16523084334,"4.4.3-4.4.4":0.652040519582,"53":null},"op_mob":{"10":0,"11":0,"11.1":0,"11.5":0,"12":0,"12.1":0,"0":0.00751873362445},"ie":{"5.5":null,"6":0.0232973187023,"7":0.0232973187023,"8":0.424011200382,"9":0.265589433206,"10":0.265589433206,"11":3.87201436832},"edge":{"12":0.054408,"13":0.18136,"14":1.40554,"15":null},"bb":{"7":0.046461,"10":null},"ie_mob":{"10":0.0821492038835,"11":0.387926796117},"and_ff":{"0":0.032796},"samsung":{"0":3.623958},"and_uc":{"0":8.942376},"op_mini":{"0":3.43606126638},"and_chr":{"0":25.45438}},"total":98.0514500725}