{"id":"AM","name":"Armenia","month":"2017-01","access_date":"2017-02-02","data":{"chrome":{"4":0.03292,"5":0.02469,"6":0.00823,"7":0.00823,"8":0.00823,"9":0.01646,"10":0.03292,"11":0.03292,"12":0.05761,"13":0.01646,"14":0.04115,"15":0.05761,"16":0.04938,"17":0.06584,"18":0.10699,"19":0.06584,"20":0.03292,"21":0.09053,"22":0.13168,"23":0.05761,"24":0.09876,"25":0.03292,"26":0.07407,"27":0.06584,"28":0.03292,"29":0.03292,"30":0.03292,"31":0.04115,"32":0.02469,"33":0.02469,"34":0.03292,"35":0.04938,"36":0.04115,"37":0.05761,"38":0.04938,"39":0.09053,"40":0.11522,"41":0.09876,"42":0.02469,"43":0.25513,"44":0.03292,"45":0.04115,"46":0.03292,"47":0.12345,"48":0.10699,"49":3.33315,"50":0.12345,"51":0.55964,"52":0.33743,"53":0.37858,"54":0.5761,"55":43.9482,"56":0.87238,"57":0.30451,"58":null,"59":null},"firefox":{"2":0.01646,"3":0.0823,"3.5":0.09876,"3.6":0.4115,"4":0.02469,"5":null,"6":null,"7":null,"8":null,"9":0.01646,"10":0.02469,"11":0.00823,"12":0.00823,"13":null,"14":0.02469,"15":0.01646,"16":0.01646,"17":null,"18":0.00823,"19":0.01646,"20":0.02469,"21":0.02469,"22":0.02469,"23":0.01646,"24":0.02469,"25":0.01646,"26":0.02469,"27":0.00823,"28":null,"29":0.01646,"30":null,"31":0.01646,"32":0.03292,"33":0.01646,"34":0.02469,"35":0.03292,"36":0.02469,"37":0.04115,"38":0.07407,"39":0.01646,"40":null,"41":0.00823,"42":0.02469,"43":0.0823,"44":0.00823,"45":0.04938,"46":0.04115,"47":0.2469,"48":0.13168,"49":0.12345,"50":14.55064,"51":1.70361,"52":null,"53":null,"54":null},"opera":{"9":null,"9.5-9.6":null,"10.0-10.1":0.00823,"10.5":null,"10.6":0.05761,"11":0.00823,"11.1":0.01646,"11.5":0.02469,"11.6":0.0823,"12":0.09876,"12.1":0.36212,"15":null,"16":0.00823,"17":null,"18":0.00823,"19":null,"20":0.01646,"21":null,"22":null,"23":0.00823,"24":null,"25":0.00823,"26":0.01646,"27":0.09053,"28":0.05761,"29":0.01646,"30":0.00823,"31":null,"32":0.00823,"33":null,"34":0.01646,"35":0.02469,"36":0.13168,"37":0.01646,"38":0.06584,"39":0.01646,"40":0.01646,"41":0.04115,"42":1.35795,"43":null,"44":null},"safari":{"3.1":0.00823,"3.2":null,"4":0.07407,"5":0.10699,"5.1":0.06584,"6":0.01646,"6.1":0.09053,"7":null,"7.1":null,"8":0.03292,"9":0.03292,"9.1":0.13168,"10":0.44442,"10.1":null,"0":null},"ios_saf":{"3.2":0,"4.0-4.1":0,"4.2-4.3":0,"5.0-5.1":0,"6.0-6.1":0.0180344614071,"7.0-7.1":0.0847619686132,"8":0,"8.1-8.4":0.10189470695,"9.0-9.2":0.045987876588,"9.3":0.395856427885,"10.0-10.2":3.57668455856},"android":{"2.1":0,"2.2":0,"2.3":0,"3":0,"4":0.0280558093995,"4.1":0.0907336814621,"4.2-4.3":0.276379569191,"4.4":0.626181788512,"4.4.3-4.4.4":0.350399151436,"53":null},"op_mob":{"10":0,"11":0,"11.1":0,"11.5":0,"12":0,"12.1":0,"0":0.00150334061135},"ie":{"5.5":null,"6":0.0175017721519,"7":null,"8":0.341284556962,"9":0.113761518987,"10":0.236273924051,"11":0.673818227848},"edge":{"12":0.03292,"13":0.09876,"14":0.37035,"15":null},"bb":{"7":0.00885,"10":null},"ie_mob":{"10":0.0457794174757,"11":0.216180582524},"and_ff":{"0":0.01416},"samsung":{"0":1.13988},"and_uc":{"0":0.24957},"op_mini":{"0":0.687026659389},"and_chr":{"0":10.09816}},"total":94.72676}