{"id":"AO","name":"Angola","month":"2017-01","access_date":"2017-02-02","data":{"chrome":{"4":null,"5":null,"6":null,"7":null,"8":null,"9":null,"10":0.008574,"11":0.08574,"12":0.008574,"13":null,"14":0.008574,"15":null,"16":null,"17":null,"18":0.012861,"19":null,"20":0.004287,"21":0.008574,"22":0.008574,"23":0.017148,"24":null,"25":0.021435,"26":0.030009,"27":0.004287,"28":null,"29":0.025722,"30":0.008574,"31":0.030009,"32":0.587319,"33":0.025722,"34":0.025722,"35":0.540162,"36":3.069492,"37":0.004287,"38":0.008574,"39":0.008574,"40":0.034296,"41":0.008574,"42":0.017148,"43":0.784521,"44":0.017148,"45":0.115749,"46":0.025722,"47":4.904328,"48":0.017148,"49":0.64305,"50":0.090027,"51":0.141471,"52":0.145758,"53":0.270081,"54":0.312951,"55":15.137397,"56":0.261507,"57":0.060018,"58":null,"59":null},"firefox":{"2":null,"3":0.017148,"3.5":null,"3.6":0.017148,"4":0.025722,"5":0.012861,"6":null,"7":0.008574,"8":null,"9":0.004287,"10":0.021435,"11":0.021435,"12":0.025722,"13":0.004287,"14":0.021435,"15":0.008574,"16":0.008574,"17":0.017148,"18":0.004287,"19":0.008574,"20":0.012861,"21":0.021435,"22":0.025722,"23":0.012861,"24":0.017148,"25":0.017148,"26":0.021435,"27":0.004287,"28":0.008574,"29":0.017148,"30":0.034296,"31":0.012861,"32":0.008574,"33":0.012861,"34":0.008574,"35":0.008574,"36":0.008574,"37":0.021435,"38":0.021435,"39":0.008574,"40":0.017148,"41":0.038583,"42":0.017148,"43":0.090027,"44":0.04287,"45":0.04287,"46":0.04287,"47":0.188628,"48":0.197202,"49":0.132897,"50":2.735106,"51":0.304377,"52":0.012861,"53":null,"54":null},"opera":{"9":null,"9.5-9.6":null,"10.0-10.1":0,"10.5":null,"10.6":null,"11":0.004287,"11.1":null,"11.5":0.012861,"11.6":0.012861,"12":0.008574,"12.1":0.025722,"15":0.008574,"16":0.004287,"17":null,"18":null,"19":null,"20":0.008574,"21":0.004287,"22":null,"23":0.017148,"24":0.017148,"25":null,"26":null,"27":null,"28":0.004287,"29":null,"30":null,"31":null,"32":0.025722,"33":null,"34":0.008574,"35":0.008574,"36":0.012861,"37":0.017148,"38":0.012861,"39":0.017148,"40":0.017148,"41":0.025722,"42":0.831678,"43":0.008574,"44":null},"safari":{"3.1":null,"3.2":null,"4":0.008574,"5":0.004287,"5.1":0.030009,"6":0.008574,"6.1":0.025722,"7":0.017148,"7.1":0.008574,"8":0.124323,"9":0.04287,"9.1":0.192915,"10":0.98601,"10.1":null,"0":null},"ios_saf":{"3.2":0,"4.0-4.1":0,"4.2-4.3":0,"5.0-5.1":0,"6.0-6.1":0.0166109618875,"7.0-7.1":0.0780715208711,"8":0,"8.1-8.4":0.0938519346642,"9.0-9.2":0.0423579528131,"9.3":0.36461061343,"10.0-10.2":3.29436901633},"android":{"2.1":0,"2.2":0,"2.3":0,"3":0,"4":0.157012887728,"4.1":0.507786360313,"4.2-4.3":1.54674397911,"4.4":3.50439402611,"4.4.3-4.4.4":1.96099074674,"53":null},"op_mob":{"10":0,"11":0,"11.1":0,"11.5":0,"12":0,"12.1":0,"0":0.0501109519651},"ie":{"5.5":null,"6":0.00869707177033,"7":0.00434853588517,"8":0.356579942584,"9":0.230472401914,"10":0.421807980861,"11":3.52231406699},"edge":{"12":0.240072,"13":0.274368,"14":1.046028,"15":null},"bb":{"7":0.0357,"10":null},"ie_mob":{"10":0.0888410097087,"11":0.419526990291},"and_ff":{"0":0.02856},"samsung":{"0":3.261552},"and_uc":{"0":1.525104},"op_mini":{"0":22.900705048},"and_chr":{"0":17.618133}},"total":98.09721}