{"id":"AS","name":"American Samoa","month":"2017-01","access_date":"2017-02-02","data":{"chrome":{"4":null,"5":null,"6":null,"7":null,"8":null,"9":null,"10":null,"11":null,"12":null,"13":null,"14":null,"15":null,"16":null,"17":null,"18":null,"19":null,"20":null,"21":null,"22":null,"23":null,"24":null,"25":null,"26":null,"27":null,"28":null,"29":null,"30":null,"31":null,"32":null,"33":null,"34":null,"35":0.008542,"36":null,"37":null,"38":0.008542,"39":null,"40":null,"41":null,"42":0.008542,"43":null,"44":null,"45":0.017084,"46":null,"47":0.017084,"48":7.465708,"49":1.042124,"50":null,"51":0.025626,"52":0.068336,"53":0.529604,"54":0.102504,"55":12.266312,"56":0.068336,"57":null,"58":null,"59":null},"firefox":{"2":null,"3":null,"3.5":null,"3.6":3.37409,"4":null,"5":null,"6":null,"7":null,"8":null,"9":null,"10":null,"11":null,"12":0.017084,"13":0.025626,"14":null,"15":0.034168,"16":null,"17":null,"18":null,"19":null,"20":null,"21":null,"22":null,"23":null,"24":null,"25":null,"26":0.008542,"27":null,"28":null,"29":0.239176,"30":null,"31":null,"32":null,"33":null,"34":null,"35":0.017084,"36":null,"37":null,"38":null,"39":null,"40":1.32401,"41":null,"42":null,"43":0.093962,"44":19.638058,"45":32.33147,"46":0.017084,"47":0.734612,"48":0.273344,"49":0.145214,"50":1.571728,"51":0.093962,"52":0.008542,"53":null,"54":null},"opera":{"9":null,"9.5-9.6":null,"10.0-10.1":0,"10.5":null,"10.6":null,"11":null,"11.1":null,"11.5":null,"11.6":null,"12":null,"12.1":null,"15":null,"16":null,"17":null,"18":null,"19":null,"20":null,"21":null,"22":null,"23":null,"24":null,"25":null,"26":null,"27":null,"28":null,"29":null,"30":null,"31":null,"32":null,"33":null,"34":null,"35":null,"36":null,"37":null,"38":null,"39":null,"40":null,"41":null,"42":0.025626,"43":null,"44":null},"safari":{"3.1":null,"3.2":null,"4":0.008542,"5":0.068336,"5.1":0.145214,"6":0.051252,"6.1":0.025626,"7":0.025626,"7.1":null,"8":0.136672,"9":0.264802,"9.1":0.222092,"10":0.153756,"10.1":null,"0":null},"ios_saf":{"3.2":0,"4.0-4.1":0,"4.2-4.3":0,"5.0-5.1":0,"6.0-6.1":0.00924565816163,"7.0-7.1":0.0434545933597,"8":0,"8.1-8.4":0.0522379686132,"9.0-9.2":0.0235764283122,"9.3":0.202942196648,"10.0-10.2":1.83364515491},"android":{"2.1":0,"2.2":0,"2.3":0,"3":0,"4":0.0273856401218,"4.1":0.0885663255004,"4.2-4.3":0.26977768886,"4.4":0.611224180592,"4.4.3-4.4.4":0.342029164926,"53":null},"op_mob":{"10":0,"11":0,"11.1":0,"11.5":0,"12":0,"12.1":0,"0":0.00266586462882},"ie":{"5.5":null,"6":null,"7":null,"8":0.051252,"9":0.051252,"10":0.25626,"11":1.341094},"edge":{"12":0.153756,"13":0.162298,"14":0.222092,"15":null},"bb":{"7":0.01056325,"10":null},"ie_mob":{"10":0.0188419805825,"11":0.0889760194175},"and_ff":{"0":0.002914},"samsung":{"0":1.076723},"and_uc":{"0":0.74307},"op_mini":{"0":1.21830013537},"and_chr":{"0":8.08055}},"total":99.68833725}