{"id":"AT","name":"Austria","month":"2017-01","access_date":"2017-02-02","data":{"chrome":{"4":null,"5":null,"6":null,"7":null,"8":null,"9":null,"10":null,"11":0.011932,"12":null,"13":null,"14":null,"15":null,"16":null,"17":null,"18":null,"19":null,"20":null,"21":null,"22":0.047728,"23":null,"24":null,"25":null,"26":0.017898,"27":null,"28":null,"29":null,"30":null,"31":0.017898,"32":0.017898,"33":0.005966,"34":0.035796,"35":0.011932,"36":0.113354,"37":0.011932,"38":0.047728,"39":0.035796,"40":0.011932,"41":0.023864,"42":0.011932,"43":0.053694,"44":0.02983,"45":0.05966,"46":0.047728,"47":0.035796,"48":0.047728,"49":0.709954,"50":0.065626,"51":0.316198,"52":0.11932,"53":0.167048,"54":0.32813,"55":19.443194,"56":0.316198,"57":0.041762,"58":null,"59":null},"firefox":{"2":0.005966,"3":null,"3.5":null,"3.6":0.011932,"4":null,"5":null,"6":null,"7":null,"8":null,"9":null,"10":null,"11":null,"12":0.05966,"13":null,"14":null,"15":null,"16":0.035796,"17":null,"18":0.005966,"19":null,"20":0.017898,"21":0.011932,"22":null,"23":0.005966,"24":0.005966,"25":0.005966,"26":0.011932,"27":null,"28":0.011932,"29":0.011932,"30":0.017898,"31":0.023864,"32":0.011932,"33":0.02983,"34":0.017898,"35":0.02983,"36":0.023864,"37":0.02983,"38":0.125286,"39":0.05966,"40":0.041762,"41":0.083524,"42":0.08949,"43":0.137218,"44":0.053694,"45":0.471314,"46":0.05966,"47":0.351994,"48":0.453416,"49":0.351994,"50":12.552464,"51":1.682412,"52":0.02983,"53":0.005966,"54":null},"opera":{"9":null,"9.5-9.6":null,"10.0-10.1":0,"10.5":null,"10.6":null,"11":null,"11.1":null,"11.5":null,"11.6":0.005966,"12":null,"12.1":0.101422,"15":null,"16":null,"17":null,"18":null,"19":null,"20":null,"21":null,"22":null,"23":null,"24":null,"25":null,"26":null,"27":null,"28":0.011932,"29":null,"30":null,"31":null,"32":null,"33":null,"34":null,"35":null,"36":0.035796,"37":0.005966,"38":0.02983,"39":null,"40":null,"41":0.023864,"42":0.823308,"43":0.005966,"44":null},"safari":{"3.1":null,"3.2":null,"4":0.011932,"5":0.053694,"5.1":0.131252,"6":0.011932,"6.1":0.107388,"7":0.041762,"7.1":0.011932,"8":0.202844,"9":0.280402,"9.1":0.960526,"10":3.185844,"10.1":null,"0":null},"ios_saf":{"3.2":0,"4.0-4.1":0,"4.2-4.3":0,"5.0-5.1":0,"6.0-6.1":0.0509902423401,"7.0-7.1":0.239654138999,"8":0,"8.1-8.4":0.288094869222,"9.0-9.2":0.130025117967,"9.3":1.11923581937,"10.0-10.2":10.1126398121},"android":{"2.1":0,"2.2":0,"2.3":0,"3":0,"4":0.0278869120975,"4.1":0.0901874604003,"4.2-4.3":0.274715751088,"4.4":0.622412144473,"4.4.3-4.4.4":0.348289731941,"53":null},"op_mob":{"10":0,"11":0,"11.1":0,"11.5":0,"12":0,"12.1":0,"0":0.00193772925764},"ie":{"5.5":null,"6":null,"7":0.0179101260163,"8":0.191041344173,"9":0.220891554201,"10":0.262681848238,"11":8.11925712737},"edge":{"12":0.08949,"13":0.405688,"14":3.603464,"15":null},"bb":{"7":0.0151275,"10":null},"ie_mob":{"10":0.0585125825243,"11":0.276309417476},"and_ff":{"0":0.068578},"samsung":{"0":5.58709},"and_uc":{"0":1.75479},"op_mini":{"0":0.885542270742},"and_chr":{"0":18.269198}},"total":98.3181255}