{"id":"AU","name":"Australia","month":"2017-01","access_date":"2017-02-02","data":{"chrome":{"4":null,"5":null,"6":null,"7":null,"8":null,"9":null,"10":null,"11":0.015249,"12":null,"13":null,"14":null,"15":null,"16":null,"17":null,"18":0.005083,"19":null,"20":null,"21":null,"22":0.015249,"23":null,"24":null,"25":null,"26":0.030498,"27":null,"28":null,"29":0.005083,"30":0.010166,"31":0.020332,"32":0.025415,"33":0.015249,"34":0.040664,"35":0.020332,"36":0.066079,"37":0.015249,"38":0.055913,"39":0.035581,"40":0.025415,"41":0.045747,"42":0.045747,"43":0.071162,"44":0.060996,"45":0.218569,"46":0.055913,"47":0.086411,"48":0.066079,"49":0.996268,"50":0.157573,"51":0.233818,"52":0.264316,"53":0.330395,"54":0.899691,"55":24.372985,"56":0.320229,"57":0.05083,"58":null,"59":null},"firefox":{"2":null,"3":null,"3.5":null,"3.6":0.005083,"4":null,"5":null,"6":null,"7":null,"8":null,"9":null,"10":null,"11":null,"12":null,"13":null,"14":null,"15":null,"16":null,"17":null,"18":null,"19":null,"20":null,"21":null,"22":null,"23":null,"24":null,"25":null,"26":null,"27":null,"28":null,"29":0.005083,"30":0.005083,"31":0.010166,"32":null,"33":0.015249,"34":0.010166,"35":0.010166,"36":0.010166,"37":0.020332,"38":0.071162,"39":0.015249,"40":0.015249,"41":0.025415,"42":0.015249,"43":0.040664,"44":0.020332,"45":0.147407,"46":0.035581,"47":0.137241,"48":0.188071,"49":0.096577,"50":4.732273,"51":0.564213,"52":0.015249,"53":null,"54":null},"opera":{"9":null,"9.5-9.6":null,"10.0-10.1":0,"10.5":null,"10.6":null,"11":null,"11.1":null,"11.5":null,"11.6":null,"12":null,"12.1":0.015249,"15":null,"16":null,"17":null,"18":null,"19":null,"20":null,"21":null,"22":null,"23":null,"24":null,"25":null,"26":null,"27":null,"28":0.010166,"29":null,"30":null,"31":null,"32":null,"33":null,"34":null,"35":null,"36":0.010166,"37":null,"38":0.010166,"39":null,"40":null,"41":null,"42":0.147407,"43":null,"44":null},"safari":{"3.1":null,"3.2":null,"4":0,"5":0.040664,"5.1":0.111826,"6":0.015249,"6.1":0.086411,"7":0.045747,"7.1":0.010166,"8":0.25415,"9":0.310063,"9.1":1.194505,"10":3.248037,"10.1":null,"0":null},"ios_saf":{"3.2":0,"4.0-4.1":0,"4.2-4.3":0,"5.0-5.1":0,"6.0-6.1":0.112187599018,"7.0-7.1":0.527281715384,"8":0,"8.1-8.4":0.633859934451,"9.0-9.2":0.286078377495,"9.3":2.46251779844,"10.0-10.2":22.2496055752},"android":{"2.1":0,"2.2":0,"2.3":0,"3":0,"4":0.0233311436031,"4.1":0.0754539112272,"4.2-4.3":0.229836584856,"4.4":0.52073126893,"4.4.3-4.4.4":0.291391091384,"53":null},"op_mob":{"10":0,"11":0,"11.1":0,"11.5":0,"12":0,"12.1":0,"0":0.00192170960699},"ie":{"5.5":null,"6":null,"7":0.0103643189143,"8":0.186557740458,"9":0.207286378287,"10":0.191739899915,"11":5.51381766243},"edge":{"12":0.066079,"13":0.310063,"14":2.805816,"15":null},"bb":{"7":0.00614625,"10":null},"ie_mob":{"10":0.0506976116505,"11":0.23940538835},"and_ff":{"0":0.054087},"samsung":{"0":4.405632},"and_uc":{"0":1.047321},"op_mini":{"0":0.878221290393},"and_chr":{"0":15.131395}},"total":98.91851025}