{"id":"AW","name":"Aruba","month":"2017-01","access_date":"2017-02-02","data":{"chrome":{"4":null,"5":null,"6":null,"7":null,"8":null,"9":null,"10":null,"11":0.07408,"12":null,"13":null,"14":null,"15":null,"16":null,"17":null,"18":0.03241,"19":null,"20":null,"21":null,"22":0.06945,"23":null,"24":null,"25":null,"26":null,"27":null,"28":null,"29":null,"30":0.01389,"31":0.04167,"32":0.07871,"33":0.00926,"34":0.02315,"35":0.01389,"36":0.37966,"37":0.01852,"38":0.02778,"39":0.00463,"40":0.01389,"41":0.00926,"42":0.02315,"43":0.03241,"44":0.03704,"45":0.11575,"46":0.00463,"47":0.06945,"48":0.06482,"49":1.06953,"50":0.04167,"51":0.06482,"52":0.0926,"53":0.15742,"54":0.29169,"55":21.45542,"56":0.26391,"57":0.03241,"58":null,"59":null},"firefox":{"2":null,"3":null,"3.5":null,"3.6":null,"4":null,"5":null,"6":null,"7":null,"8":null,"9":null,"10":null,"11":null,"12":0.00926,"13":null,"14":null,"15":null,"16":null,"17":null,"18":null,"19":null,"20":null,"21":null,"22":null,"23":null,"24":null,"25":null,"26":null,"27":null,"28":null,"29":null,"30":null,"31":0.00463,"32":null,"33":null,"34":null,"35":null,"36":0.00463,"37":null,"38":0.01389,"39":null,"40":null,"41":0.02778,"42":null,"43":0.01389,"44":0.01389,"45":0.02315,"46":0.00926,"47":0.07871,"48":0.14353,"49":0.07408,"50":3.09747,"51":0.31947,"52":0.03704,"53":null,"54":null},"opera":{"9":null,"9.5-9.6":null,"10.0-10.1":0,"10.5":null,"10.6":null,"11":null,"11.1":null,"11.5":null,"11.6":null,"12":null,"12.1":0.02778,"15":null,"16":null,"17":null,"18":null,"19":null,"20":null,"21":null,"22":null,"23":null,"24":null,"25":null,"26":null,"27":null,"28":null,"29":null,"30":null,"31":null,"32":null,"33":0.01389,"34":null,"35":null,"36":0.00463,"37":0.01852,"38":0.00463,"39":null,"40":null,"41":null,"42":0.12964,"43":null,"44":null},"safari":{"3.1":null,"3.2":null,"4":0,"5":0.00463,"5.1":0.03704,"6":null,"6.1":0.02778,"7":0.00463,"7.1":0.00463,"8":0.12501,"9":0.12501,"9.1":0.51393,"10":2.55576,"10.1":null,"0":null},"ios_saf":{"3.2":0,"4.0-4.1":0,"4.2-4.3":0,"5.0-5.1":0,"6.0-6.1":0.0860621757233,"7.0-7.1":0.404492225899,"8":0,"8.1-8.4":0.486251292837,"9.0-9.2":0.219458548094,"9.3":1.88906475713,"10.0-10.2":17.0682810003},"android":{"2.1":0,"2.2":0,"2.3":0,"3":0,"4":0.0510710835509,"4.1":0.165166057441,"4.2-4.3":0.503104503916,"4.4":1.1398631201,"4.4.3-4.4.4":0.637845234987,"53":null},"op_mob":{"10":0,"11":0,"11.1":0,"11.5":0,"12":0,"12.1":0,"0":0.000644868995633},"ie":{"5.5":null,"6":null,"7":0.0370793833068,"8":0.398603370548,"9":0.361523987241,"10":1.40901656566,"11":6.51206669325},"edge":{"12":0.08334,"13":0.35188,"14":3.4262,"15":null},"bb":{"7":0.0443025,"10":null},"ie_mob":{"10":0.0262765048544,"11":0.124083495146},"and_ff":{"0":0.02685},"samsung":{"0":10.66482},"and_uc":{"0":0.12351},"op_mini":{"0":0.294705131004},"and_chr":{"0":20.41502}},"total":99.0457425}