{"id":"AX","name":"Aland Islands","month":"2017-01","access_date":"2017-02-02","data":{"chrome":{"4":null,"5":null,"6":null,"7":null,"8":null,"9":null,"10":null,"11":null,"12":null,"13":null,"14":null,"15":null,"16":null,"17":null,"18":null,"19":null,"20":null,"21":null,"22":0.01303,"23":null,"24":null,"25":null,"26":null,"27":null,"28":null,"29":null,"30":null,"31":null,"32":null,"33":null,"34":null,"35":0.01303,"36":0.01303,"37":null,"38":null,"39":0.019545,"40":null,"41":0.01303,"42":null,"43":null,"44":null,"45":null,"46":0.006515,"47":0.02606,"48":null,"49":1.504965,"50":0.032575,"51":0.03909,"52":null,"53":0.27363,"54":0.27363,"55":38.757735,"56":0.201965,"57":0.136815,"58":0.03909,"59":null},"firefox":{"2":null,"3":null,"3.5":null,"3.6":null,"4":null,"5":null,"6":null,"7":null,"8":null,"9":null,"10":null,"11":null,"12":0.006515,"13":null,"14":null,"15":null,"16":null,"17":null,"18":null,"19":null,"20":null,"21":0.006515,"22":null,"23":null,"24":null,"25":null,"26":0.019545,"27":null,"28":null,"29":0.006515,"30":null,"31":null,"32":null,"33":null,"34":null,"35":null,"36":null,"37":0.006515,"38":null,"39":0.045605,"40":null,"41":0.319235,"42":0.02606,"43":0.01303,"44":null,"45":0.2606,"46":0.09121,"47":0.188935,"48":0.175905,"49":0.071665,"50":6.72348,"51":0.631955,"52":0.006515,"53":null,"54":null},"opera":{"9":null,"9.5-9.6":null,"10.0-10.1":0,"10.5":null,"10.6":null,"11":null,"11.1":null,"11.5":null,"11.6":null,"12":null,"12.1":0.019545,"15":null,"16":null,"17":null,"18":null,"19":null,"20":null,"21":null,"22":null,"23":null,"24":null,"25":null,"26":null,"27":null,"28":0.01303,"29":null,"30":null,"31":null,"32":null,"33":null,"34":null,"35":null,"36":0.01303,"37":null,"38":null,"39":0.01303,"40":null,"41":null,"42":0.358325,"43":null,"44":null},"safari":{"3.1":null,"3.2":null,"4":0.006515,"5":null,"5.1":0.14333,"6":null,"6.1":0.06515,"7":0.01303,"7.1":null,"8":0.07818,"9":0.11727,"9.1":1.26391,"10":2.85357,"10.1":null,"0":null},"ios_saf":{"3.2":0,"4.0-4.1":0,"4.2-4.3":0,"5.0-5.1":0,"6.0-6.1":0.0675495462795,"7.0-7.1":0.317482867514,"8":0,"8.1-8.4":0.381654936479,"9.0-9.2":0.172251343013,"9.3":1.48271254083,"10.0-10.2":13.3967637659},"android":{"2.1":0,"2.2":0,"2.3":0,"3":0,"4":0.00776921453438,"4.1":0.0251259704091,"4.2-4.3":0.0765350282855,"4.4":0.17340225631,"4.4.3-4.4.4":0.0970325304613,"53":null},"op_mob":{"10":0,"11":0,"11.1":0,"11.5":0,"12":0,"12.1":0,"0":0.000494596069869},"ie":{"5.5":null,"6":null,"7":null,"8":0.175905,"9":0.11727,"10":0.097725,"11":5.62896},"edge":{"12":0.032575,"13":0.35181,"14":3.43992,"15":null},"bb":{"7":0.0017425,"10":null},"ie_mob":{"10":0.133377378641,"11":0.629837621359},"and_ff":{"0":0.00697},"samsung":{"0":3.05983},"and_uc":{"0":0.0697},"op_mini":{"0":0.22603040393},"and_chr":{"0":14.360775}},"total":99.4526525}