{"id":"AZ","name":"Azerbaijan","month":"2017-01","access_date":"2017-02-02","data":{"chrome":{"4":0.012768,"5":0.02128,"6":0.008512,"7":0.008512,"8":0.029792,"9":0.012768,"10":0.017024,"11":0.046816,"12":0.02128,"13":0.02128,"14":0.029792,"15":0.017024,"16":0.034048,"17":0.034048,"18":0.025536,"19":0.012768,"20":0.012768,"21":0.034048,"22":0.17024,"23":0.017024,"24":0.012768,"25":0.017024,"26":0.059584,"27":0.02128,"28":0.029792,"29":0.017024,"30":0.012768,"31":0.059584,"32":0.029792,"33":0.02128,"34":0.034048,"35":0.02128,"36":0.04256,"37":0.008512,"38":0.068096,"39":0.029792,"40":0.046816,"41":0.029792,"42":0.025536,"43":0.157472,"44":0.055328,"45":0.055328,"46":0.038304,"47":0.076608,"48":0.123424,"49":2.068416,"50":0.080864,"51":0.344736,"52":0.242592,"53":0.285152,"54":0.344736,"55":24.586912,"56":0.476672,"57":0.059584,"58":null,"59":null},"firefox":{"2":0.008512,"3":0.02128,"3.5":0.034048,"3.6":0.136192,"4":0.012768,"5":null,"6":null,"7":null,"8":null,"9":0.004256,"10":null,"11":null,"12":0.004256,"13":null,"14":0.004256,"15":null,"16":null,"17":null,"18":null,"19":null,"20":0.008512,"21":0.012768,"22":null,"23":null,"24":null,"25":0.004256,"26":null,"27":null,"28":null,"29":null,"30":null,"31":null,"32":null,"33":0.008512,"34":0.012768,"35":0.008512,"36":0.008512,"37":0.008512,"38":0.012768,"39":0.004256,"40":0.004256,"41":0.004256,"42":null,"43":0.04256,"44":0.046816,"45":0.025536,"46":0.02128,"47":0.140448,"48":0.076608,"49":0.055328,"50":1.064,"51":0.140448,"52":null,"53":null,"54":null},"opera":{"9":null,"9.5-9.6":0.008512,"10.0-10.1":0.004256,"10.5":0.008512,"10.6":0.025536,"11":0.008512,"11.1":0.008512,"11.5":0.017024,"11.6":0.038304,"12":0.076608,"12.1":0.40432,"15":0.02128,"16":0.008512,"17":0.008512,"18":0.029792,"19":0.012768,"20":0.02128,"21":0.017024,"22":null,"23":0.004256,"24":0.008512,"25":0.017024,"26":null,"27":0.029792,"28":0.02128,"29":0.012768,"30":0.02128,"31":0.008512,"32":0.008512,"33":0.008512,"34":0.017024,"35":0.02128,"36":0.183008,"37":0.04256,"38":0.080864,"39":0.038304,"40":0.034048,"41":0.114912,"42":2.796192,"43":0.029792,"44":0.008512},"safari":{"3.1":0.004256,"3.2":0.004256,"4":0.034048,"5":0.025536,"5.1":0.034048,"6":0.004256,"6.1":0.004256,"7":0.008512,"7.1":null,"8":0.025536,"9":0.012768,"9.1":0.102144,"10":0.27664,"10.1":null,"0":null},"ios_saf":{"3.2":0,"4.0-4.1":0,"4.2-4.3":0,"5.0-5.1":0,"6.0-6.1":0.0334383900929,"7.0-7.1":0.157160433437,"8":0,"8.1-8.4":0.188926904025,"9.0-9.2":0.0852678947368,"9.3":0.733972662539,"10.0-10.2":6.63166871517},"android":{"2.1":0,"2.2":0,"2.3":0,"3":0,"4":0.133715,"4.1":0.43244,"4.2-4.3":1.317235,"4.4":2.984405,"4.4.3-4.4.4":1.670015,"53":null},"op_mob":{"10":0,"11":0,"11.1":0,"11.5":0,"12":0,"12.1":0,"0":0.0155165174672},"ie":{"5.5":null,"6":null,"7":0.004749696,"8":0.289731456,"9":0.085494528,"10":0.123492096,"11":0.683956224},"edge":{"12":0.017024,"13":0.08512,"14":0.195776,"15":null},"bb":{"7":0.05601375,"10":null},"ie_mob":{"10":0.0833303883495,"11":0.39350461165},"and_ff":{"0":0.017235},"samsung":{"0":5.66457},"and_uc":{"0":0.78132},"op_mini":{"0":7.09104848253},"and_chr":{"0":28.808715}},"total":95.63457075}