{"id":"BA","name":"Bosnia and Herzegovina","month":"2017-01","access_date":"2017-02-02","data":{"chrome":{"4":null,"5":null,"6":null,"7":null,"8":null,"9":null,"10":null,"11":0.020472,"12":0.005118,"13":null,"14":0.005118,"15":null,"16":null,"17":null,"18":0.005118,"19":null,"20":null,"21":null,"22":0.040944,"23":0.010236,"24":null,"25":0.010236,"26":0.035826,"27":0.005118,"28":null,"29":null,"30":0.010236,"31":0.015354,"32":0.015354,"33":0.015354,"34":0.05118,"35":0.015354,"36":0.07677,"37":0.015354,"38":0.056298,"39":0.02559,"40":0.020472,"41":0.010236,"42":0.015354,"43":0.071652,"44":0.046062,"45":0.02559,"46":0.02559,"47":0.066534,"48":0.040944,"49":3.76173,"50":0.046062,"51":0.194484,"52":0.07677,"53":0.15354,"54":0.209838,"55":30.73359,"56":0.475974,"57":0.05118,"58":null,"59":null},"firefox":{"2":0.046062,"3":0.005118,"3.5":null,"3.6":0.010236,"4":null,"5":null,"6":null,"7":null,"8":null,"9":null,"10":0.005118,"11":0.005118,"12":0.005118,"13":null,"14":0.010236,"15":0.015354,"16":0.005118,"17":null,"18":0.005118,"19":null,"20":null,"21":null,"22":null,"23":null,"24":null,"25":null,"26":null,"27":null,"28":null,"29":null,"30":null,"31":0.005118,"32":null,"33":0.005118,"34":0.010236,"35":0.020472,"36":0.010236,"37":0.020472,"38":0.020472,"39":0.020472,"40":0.010236,"41":0.020472,"42":0.020472,"43":0.097242,"44":0.02559,"45":0.17913,"46":0.030708,"47":0.20472,"48":0.117714,"49":0.112596,"50":6.893946,"51":0.951948,"52":0.02559,"53":null,"54":null},"opera":{"9":null,"9.5-9.6":null,"10.0-10.1":0,"10.5":null,"10.6":null,"11":null,"11.1":null,"11.5":null,"11.6":null,"12":null,"12.1":0.02559,"15":null,"16":null,"17":null,"18":null,"19":null,"20":null,"21":null,"22":null,"23":null,"24":null,"25":null,"26":null,"27":null,"28":0.005118,"29":null,"30":null,"31":null,"32":null,"33":null,"34":null,"35":0.010236,"36":0.168894,"37":0.035826,"38":0.020472,"39":null,"40":0.005118,"41":0.010236,"42":1.069662,"43":0.005118,"44":null},"safari":{"3.1":null,"3.2":null,"4":0,"5":0.030708,"5.1":0.015354,"6":null,"6.1":0.005118,"7":null,"7.1":null,"8":0.015354,"9":0.035826,"9.1":0.097242,"10":0.322434,"10.1":null,"0":null},"ios_saf":{"3.2":0,"4.0-4.1":0,"4.2-4.3":0,"5.0-5.1":0,"6.0-6.1":0.0206391801004,"7.0-7.1":0.0970041464717,"8":0,"8.1-8.4":0.116611367567,"9.0-9.2":0.0526299092559,"9.3":0.453030003203,"10.0-10.2":4.0932653934},"android":{"2.1":0,"2.2":0,"2.3":0,"3":0,"4":0.101846422977,"4.1":0.329375665796,"4.2-4.3":1.00329561358,"4.4":2.27312548303,"4.4.3-4.4.4":1.27199681462,"53":null},"op_mob":{"10":0,"11":0,"11.1":0,"11.5":0,"12":0,"12.1":0,"0":0.000596925764192},"ie":{"5.5":null,"6":null,"7":0.00513461688312,"8":0.0821538701299,"9":0.0564807857143,"10":0.0667500194805,"11":1.37094270779},"edge":{"12":0.030708,"13":0.117714,"14":0.583452,"15":null},"bb":{"7":0.004882,"10":null},"ie_mob":{"10":0.16380768932,"11":0.77353631068},"and_ff":{"0":0.014646},"samsung":{"0":1.982092},"and_uc":{"0":0.04882},"op_mini":{"0":0.272795074236},"and_chr":{"0":36.28369}},"total":98.925516}