{"id":"BB","name":"Barbados","month":"2017-01","access_date":"2017-02-02","data":{"chrome":{"4":null,"5":null,"6":null,"7":null,"8":null,"9":null,"10":null,"11":0.018903,"12":0.012602,"13":null,"14":null,"15":null,"16":null,"17":null,"18":null,"19":null,"20":null,"21":null,"22":0.31505,"23":null,"24":null,"25":null,"26":null,"27":0.012602,"28":null,"29":0.025204,"30":0.012602,"31":0.012602,"32":0.094515,"33":0.006301,"34":0.025204,"35":0.195331,"36":0.396963,"37":0.037806,"38":0.113418,"39":0.037806,"40":0.012602,"41":0.012602,"42":0.018903,"43":0.075612,"44":0.018903,"45":0.025204,"46":0.037806,"47":0.044107,"48":0.018903,"49":1.650862,"50":0.100816,"51":0.283545,"52":0.113418,"53":0.283545,"54":0.459973,"55":33.426805,"56":0.674207,"57":0.18903,"58":null,"59":null},"firefox":{"2":null,"3":0.006301,"3.5":null,"3.6":0.012602,"4":null,"5":null,"6":null,"7":null,"8":null,"9":null,"10":null,"11":0.025204,"12":null,"13":null,"14":null,"15":null,"16":null,"17":null,"18":null,"19":0.012602,"20":null,"21":null,"22":null,"23":null,"24":null,"25":null,"26":null,"27":null,"28":0.006301,"29":null,"30":null,"31":null,"32":null,"33":null,"34":null,"35":null,"36":0.006301,"37":null,"38":0.018903,"39":0.037806,"40":0.056709,"41":null,"42":0.018903,"43":0.044107,"44":0.006301,"45":0.050408,"46":0.044107,"47":0.214234,"48":0.195331,"49":0.081913,"50":5.935542,"51":0.831732,"52":0.031505,"53":0.012602,"54":null},"opera":{"9":null,"9.5-9.6":null,"10.0-10.1":0,"10.5":null,"10.6":null,"11":null,"11.1":null,"11.5":null,"11.6":null,"12":null,"12.1":0.044107,"15":null,"16":null,"17":null,"18":null,"19":null,"20":null,"21":null,"22":null,"23":null,"24":null,"25":null,"26":null,"27":0.006301,"28":null,"29":0.025204,"30":null,"31":null,"32":null,"33":0.012602,"34":null,"35":null,"36":0.012602,"37":0.018903,"38":0.044107,"39":null,"40":null,"41":null,"42":0.390662,"43":null,"44":null},"safari":{"3.1":null,"3.2":null,"4":0.037806,"5":null,"5.1":0.06301,"6":null,"6.1":0.031505,"7":0.018903,"7.1":0.006301,"8":0.081913,"9":0.088214,"9.1":0.535585,"10":1.846193,"10.1":0.006301,"0":null},"ios_saf":{"3.2":0,"4.0-4.1":0,"4.2-4.3":0,"5.0-5.1":0,"6.0-6.1":0.0264107099391,"7.0-7.1":0.124130336714,"8":0,"8.1-8.4":0.149220511156,"9.0-9.2":0.0673473103448,"9.3":0.579715083164,"10.0-10.2":5.23790404868},"android":{"2.1":0,"2.2":0,"2.3":0,"3":0,"4":0.0752757767624,"4.1":0.243445065274,"4.2-4.3":0.741546481723,"4.4":1.68009127285,"4.4.3-4.4.4":0.940146403394,"53":null},"op_mob":{"10":0,"11":0,"11.1":0,"11.5":0,"12":0,"12.1":0,"0":0.0015587489083},"ie":{"5.5":null,"6":null,"7":0.00645182180851,"8":0.303235625,"9":0.212910119681,"10":0.212910119681,"11":4.11626231383},"edge":{"12":0.138622,"13":0.516682,"14":4.744653,"15":null},"bb":{"7":0.114669,"10":null},"ie_mob":{"10":0.0885605242718,"11":0.418202475728},"and_ff":{"0":0.022194},"samsung":{"0":5.100921},"and_uc":{"0":0.314415},"op_mini":{"0":0.712348251092},"and_chr":{"0":21.064338}},"total":97.637552}