{"id":"BD","name":"Bangladesh","month":"2017-01","access_date":"2017-02-02","data":{"chrome":{"4":0.00473,"5":0.002365,"6":0.002365,"7":null,"8":0.002365,"9":null,"10":0.00473,"11":0.01419,"12":0.011825,"13":null,"14":0.00473,"15":null,"16":0.00473,"17":0.002365,"18":0.00473,"19":0.00946,"20":0.007095,"21":0.016555,"22":0.00946,"23":0.00473,"24":0.00473,"25":0.00946,"26":0.011825,"27":0.00946,"28":0.026015,"29":0.01892,"30":0.00946,"31":0.10879,"32":0.021285,"33":0.05203,"34":0.007095,"35":0.00473,"36":0.04257,"37":0.007095,"38":0.007095,"39":0.01419,"40":0.00473,"41":0.007095,"42":0.00473,"43":0.196295,"44":0.011825,"45":0.011825,"46":0.007095,"47":0.02838,"48":0.03311,"49":0.35002,"50":0.02838,"51":0.19393,"52":0.087505,"53":0.153725,"54":0.10879,"55":8.615695,"56":0.26488,"57":0.12298,"58":null,"59":null},"firefox":{"2":null,"3":0.082775,"3.5":0.007095,"3.6":0.021285,"4":0.011825,"5":0.00473,"6":0.00473,"7":0.002365,"8":0.007095,"9":0.00946,"10":0.011825,"11":0.044935,"12":0.02365,"13":0.016555,"14":0.01892,"15":0.01892,"16":0.01419,"17":0.00946,"18":0.01419,"19":0.011825,"20":0.01892,"21":0.01419,"22":0.00946,"23":0.007095,"24":0.011825,"25":0.016555,"26":0.00946,"27":0.011825,"28":0.00946,"29":0.059125,"30":0.040205,"31":0.021285,"32":0.01892,"33":0.026015,"34":0.02365,"35":0.035475,"36":0.044935,"37":0.02838,"38":0.07095,"39":0.049665,"40":0.05676,"41":0.04257,"42":0.04257,"43":0.22231,"44":0.43516,"45":0.10406,"46":0.096965,"47":0.376035,"48":0.186835,"49":0.201025,"50":4.618845,"51":1.42373,"52":0.167915,"53":0.00473,"54":null},"opera":{"9":null,"9.5-9.6":0.00473,"10.0-10.1":0,"10.5":null,"10.6":0.00473,"11":0.00473,"11.1":0.002365,"11.5":0.00473,"11.6":0.00946,"12":0.00946,"12.1":0.01892,"15":null,"16":null,"17":null,"18":0.002365,"19":null,"20":null,"21":null,"22":null,"23":null,"24":null,"25":null,"26":null,"27":null,"28":0.002365,"29":0.00473,"30":0.007095,"31":null,"32":null,"33":0.007095,"34":0.00473,"35":0.00946,"36":0.021285,"37":0.05203,"38":0.02365,"39":0.002365,"40":0.00473,"41":0.01419,"42":0.484825,"43":0.00473,"44":null},"safari":{"3.1":null,"3.2":null,"4":0.007095,"5":null,"5.1":0.007095,"6":0.00946,"6.1":null,"7":0.00473,"7.1":null,"8":0.011825,"9":0.007095,"9.1":0.02838,"10":0.06149,"10.1":null,"0":null},"ios_saf":{"3.2":0,"4.0-4.1":0,"4.2-4.3":0,"5.0-5.1":0,"6.0-6.1":0.00407494395217,"7.0-7.1":0.0191522365752,"8":0,"8.1-8.4":0.0230234333298,"9.0-9.2":0.010391107078,"9.3":0.0894450197502,"10.0-10.2":0.808163259315},"android":{"2.1":0,"2.2":0,"2.3":0,"3":0,"4":0.120692277633,"4.1":0.390323961706,"4.2-4.3":1.18894733072,"4.4":2.69374891993,"4.4.3-4.4.4":1.50736951001,"53":null},"op_mob":{"10":0,"11":0,"11.1":0,"11.5":0,"12":0,"12.1":0,"0":0.0439705065502},"ie":{"5.5":null,"6":0.0106618852459,"7":null,"8":0.250554303279,"9":0.0319856557377,"10":0.0719677254098,"11":0.282539959016},"edge":{"12":0.078045,"13":0.05203,"14":0.139535,"15":null},"bb":{"7":0.0057255,"10":null},"ie_mob":{"10":0.125405126214,"11":0.592190873786},"and_ff":{"0":0.03817},"samsung":{"0":1.503898},"and_uc":{"0":18.420842},"op_mini":{"0":20.0945214934},"and_chr":{"0":28.739326}},"total":97.7135410287}