{"id":"BE","name":"Belgium","month":"2017-01","access_date":"2017-02-02","data":{"chrome":{"4":null,"5":null,"6":null,"7":null,"8":null,"9":null,"10":null,"11":0.00665,"12":null,"13":null,"14":null,"15":null,"16":null,"17":null,"18":null,"19":null,"20":null,"21":null,"22":0.0133,"23":null,"24":null,"25":null,"26":null,"27":null,"28":null,"29":null,"30":0.00665,"31":0.0266,"32":0.04655,"33":0.0133,"34":0.0266,"35":0.0665,"36":0.23275,"37":0.0266,"38":0.0399,"39":0.0665,"40":0.0266,"41":0.08645,"42":0.08645,"43":0.05985,"44":0.0399,"45":0.04655,"46":0.03325,"47":0.05985,"48":0.0665,"49":1.33665,"50":0.0532,"51":0.23275,"52":0.09975,"53":0.1862,"54":0.41895,"55":28.9674,"56":0.39235,"57":0.03325,"58":null,"59":null},"firefox":{"2":null,"3":null,"3.5":null,"3.6":0.0133,"4":null,"5":null,"6":null,"7":null,"8":null,"9":null,"10":null,"11":null,"12":null,"13":null,"14":null,"15":null,"16":0.0133,"17":null,"18":null,"19":null,"20":null,"21":0.00665,"22":null,"23":null,"24":0.0133,"25":null,"26":0.00665,"27":null,"28":0.00665,"29":null,"30":0.00665,"31":0.0266,"32":0.00665,"33":0.00665,"34":0.00665,"35":0.03325,"36":0.03325,"37":0.0266,"38":0.0532,"39":0.0266,"40":0.01995,"41":0.01995,"42":0.01995,"43":0.0532,"44":0.0266,"45":0.3591,"46":0.03325,"47":0.1862,"48":0.3325,"49":0.133,"50":7.37485,"51":0.931,"52":0.0133,"53":null,"54":null},"opera":{"9":null,"9.5-9.6":null,"10.0-10.1":0,"10.5":null,"10.6":null,"11":null,"11.1":null,"11.5":null,"11.6":null,"12":null,"12.1":0.01995,"15":null,"16":null,"17":null,"18":null,"19":null,"20":null,"21":null,"22":null,"23":null,"24":null,"25":null,"26":null,"27":null,"28":0.0133,"29":null,"30":null,"31":null,"32":null,"33":null,"34":null,"35":null,"36":0.01995,"37":0.00665,"38":0.01995,"39":null,"40":null,"41":0.00665,"42":0.399,"43":null,"44":null},"safari":{"3.1":null,"3.2":null,"4":0.01995,"5":0.05985,"5.1":0.12635,"6":0.0133,"6.1":0.09975,"7":0.05985,"7.1":0.01995,"8":0.23275,"9":0.29925,"9.1":1.23025,"10":4.11635,"10.1":null,"0":null},"ios_saf":{"3.2":0,"4.0-4.1":0,"4.2-4.3":0,"5.0-5.1":0,"6.0-6.1":0.0528604419772,"7.0-7.1":0.248444077293,"8":0,"8.1-8.4":0.298661497171,"9.0-9.2":0.134794127042,"9.3":1.1602867014,"10.0-10.2":10.4835471551},"android":{"2.1":0,"2.2":0,"2.3":0,"3":0,"4":0.0181621866841,"4.1":0.0587372845953,"4.2-4.3":0.178916860313,"4.4":0.405364549608,"4.4.3-4.4.4":0.226834118799,"53":null},"op_mob":{"10":0,"11":0,"11.1":0,"11.5":0,"12":0,"12.1":0,"0":0.000292663755459},"ie":{"5.5":null,"6":null,"7":0.0133165320075,"8":0.213064512119,"9":0.326255034183,"10":0.246355842138,"11":9.90749981355},"edge":{"12":0.0798,"13":0.40565,"14":4.7215,"15":null},"bb":{"7":0.0083775,"10":null},"ie_mob":{"10":0.0948690873786,"11":0.447992912621},"and_ff":{"0":0.03351},"samsung":{"0":4.503744},"and_uc":{"0":0.097179},"op_mini":{"0":0.133747336245},"and_chr":{"0":14.850072}},"total":98.699485234}