{"id":"BF","name":"Burkina Faso","month":"2017-01","access_date":"2017-02-02","data":{"chrome":{"4":null,"5":null,"6":null,"7":null,"8":null,"9":null,"10":null,"11":0.058944,"12":0.004912,"13":0.002456,"14":0.004912,"15":0.007368,"16":0.039296,"17":0.017192,"18":null,"19":0.002456,"20":null,"21":null,"22":0.002456,"23":null,"24":0.01228,"25":0.009824,"26":0.007368,"27":0.034384,"28":0.014736,"29":0.034384,"30":0.007368,"31":0.031928,"32":0.284896,"33":0.02456,"34":null,"35":0.019648,"36":0.407696,"37":0.002456,"38":0.004912,"39":0.017192,"40":0.004912,"41":0.004912,"42":0.01228,"43":0.04912,"44":0.002456,"45":0.017192,"46":0.004912,"47":0.01228,"48":0.004912,"49":0.434712,"50":0.046664,"51":0.095784,"52":0.068768,"53":0.228408,"54":0.15964,"55":6.10316,"56":0.120344,"57":0.004912,"58":null,"59":null},"firefox":{"2":0.004912,"3":0.390504,"3.5":0.081048,"3.6":0.027016,"4":0.014736,"5":0.004912,"6":0.014736,"7":0.004912,"8":0.002456,"9":0.002456,"10":0.007368,"11":0.01228,"12":0.029472,"13":0.022104,"14":0.009824,"15":0.009824,"16":0.027016,"17":0.01228,"18":0.01228,"19":0.014736,"20":0.04912,"21":0.031928,"22":0.017192,"23":0.004912,"24":0.02456,"25":0.029472,"26":0.01228,"27":0.01228,"28":0.014736,"29":0.022104,"30":0.044208,"31":0.056488,"32":0.034384,"33":0.027016,"34":0.058944,"35":0.1228,"36":0.046664,"37":0.051576,"38":0.088416,"39":0.044208,"40":0.063856,"41":0.068768,"42":0.04912,"43":0.432256,"44":0.142448,"45":0.088416,"46":0.044208,"47":0.832584,"48":0.385592,"49":0.216128,"50":6.812944,"51":0.65084,"52":0.039296,"53":null,"54":null},"opera":{"9":null,"9.5-9.6":null,"10.0-10.1":0.002456,"10.5":null,"10.6":null,"11":null,"11.1":null,"11.5":0.009824,"11.6":null,"12":0.009824,"12.1":0.029472,"15":null,"16":null,"17":0.017192,"18":null,"19":null,"20":null,"21":null,"22":null,"23":0.002456,"24":null,"25":null,"26":0.002456,"27":null,"28":0.002456,"29":0.007368,"30":0.004912,"31":null,"32":null,"33":0.004912,"34":0.019648,"35":0.007368,"36":0.039296,"37":0.007368,"38":0.007368,"39":0.01228,"40":0.014736,"41":0.014736,"42":0.938192,"43":null,"44":null},"safari":{"3.1":null,"3.2":null,"4":0.031928,"5":0.041752,"5.1":0.009824,"6":0.046664,"6.1":null,"7":0.051576,"7.1":0.002456,"8":0.017192,"9":0.093328,"9.1":0.081048,"10":0.162096,"10.1":null,"0":null},"ios_saf":{"3.2":0,"4.0-4.1":0,"4.2-4.3":0,"5.0-5.1":0,"6.0-6.1":0.00444570086474,"7.0-7.1":0.0208947940643,"8":0,"8.1-8.4":0.0251182098858,"9.0-9.2":0.0113365372051,"9.3":0.097583133981,"10.0-10.2":0.881693623999},"android":{"2.1":0,"2.2":0,"2.3":0,"3":0,"4":0.123589629243,"4.1":0.399694120104,"4.2-4.3":1.21748932637,"4.4":2.75841534204,"4.4.3-4.4.4":1.54355558225,"53":null},"op_mob":{"10":0,"11":0,"11.1":0,"11.5":0,"12":0,"12.1":0,"0":0.0669735895197},"ie":{"5.5":null,"6":0.00492558782849,"7":0.0123139695712,"8":0.238891009682,"9":0.0615698478562,"10":0.177321161826,"11":1.28065283541},"edge":{"12":0.201392,"13":0.154728,"14":0.19648,"15":null},"bb":{"7":0.086756,"10":null},"ie_mob":{"10":0.108106252427,"11":0.510501747573},"and_ff":{"0":0.105616},"samsung":{"0":1.96144},"and_uc":{"0":14.831504},"op_mini":{"0":30.6069304105},"and_chr":{"0":19.192952}},"total":98.3286624122}