{"id":"BG","name":"Bulgaria","month":"2017-01","access_date":"2017-02-02","data":{"chrome":{"4":null,"5":null,"6":null,"7":null,"8":null,"9":null,"10":null,"11":0.026344,"12":null,"13":null,"14":null,"15":null,"16":0.039516,"17":null,"18":0.013172,"19":null,"20":null,"21":null,"22":0.03293,"23":0.006586,"24":null,"25":0.013172,"26":0.072446,"27":0.006586,"28":null,"29":0.013172,"30":0.013172,"31":0.019758,"32":0.013172,"33":0.013172,"34":0.059274,"35":0.046102,"36":0.059274,"37":0.019758,"38":0.046102,"39":0.059274,"40":0.03293,"41":0.019758,"42":0.019758,"43":0.125134,"44":0.046102,"45":0.026344,"46":0.026344,"47":0.059274,"48":0.06586,"49":3.615714,"50":0.151478,"51":0.62567,"52":0.144892,"53":0.23051,"54":0.36223,"55":32.6007,"56":0.454434,"57":0.059274,"58":null,"59":null},"firefox":{"2":null,"3":0.013172,"3.5":0.013172,"3.6":0.03293,"4":null,"5":null,"6":null,"7":null,"8":null,"9":null,"10":0.013172,"11":0.026344,"12":0.019758,"13":null,"14":0.006586,"15":null,"16":0.006586,"17":0.006586,"18":0.013172,"19":null,"20":0.013172,"21":0.006586,"22":null,"23":0.006586,"24":0.013172,"25":0.006586,"26":0.013172,"27":null,"28":0.013172,"29":null,"30":0.013172,"31":0.03293,"32":0.019758,"33":0.019758,"34":0.03293,"35":0.019758,"36":0.138306,"37":0.03293,"38":0.092204,"39":0.046102,"40":0.026344,"41":0.046102,"42":0.06586,"43":0.204166,"44":0.052688,"45":0.184408,"46":0.105376,"47":0.46102,"48":0.29637,"49":0.283198,"50":11.729666,"51":1.521366,"52":0.019758,"53":null,"54":null},"opera":{"9":null,"9.5-9.6":0.03293,"10.0-10.1":0,"10.5":null,"10.6":null,"11":null,"11.1":null,"11.5":null,"11.6":0.013172,"12":0.013172,"12.1":0.184408,"15":null,"16":null,"17":null,"18":null,"19":null,"20":null,"21":null,"22":null,"23":null,"24":null,"25":null,"26":null,"27":null,"28":0.006586,"29":null,"30":null,"31":0.006586,"32":null,"33":null,"34":null,"35":0.006586,"36":0.190994,"37":0.006586,"38":0.092204,"39":0.019758,"40":0.006586,"41":0.019758,"42":1.336958,"43":0.019758,"44":0.019758},"safari":{"3.1":null,"3.2":null,"4":0.006586,"5":0.006586,"5.1":0.019758,"6":null,"6.1":0.013172,"7":null,"7.1":null,"8":0.026344,"9":0.03293,"9.1":0.09879,"10":0.487364,"10.1":null,"0":null},"ios_saf":{"3.2":0,"4.0-4.1":0,"4.2-4.3":0,"5.0-5.1":0,"6.0-6.1":0.0162408284403,"7.0-7.1":0.0763318936693,"8":0,"8.1-8.4":0.0917606806875,"9.0-9.2":0.0414141125227,"9.3":0.356486184264,"10.0-10.2":3.22096230042},"android":{"2.1":0,"2.2":0,"2.3":0,"3":0,"4":0.0497154464752,"4.1":0.160781869452,"4.2-4.3":0.489750036554,"4.4":1.10960645431,"4.4.3-4.4.4":0.620914193211,"53":null},"op_mob":{"10":0,"11":0,"11.1":0,"11.5":0,"12":0,"12.1":0,"0":0.000752868995633},"ie":{"5.5":null,"6":null,"7":0.0133446343381,"8":0.346960492792,"9":0.326943541284,"10":0.226858783748,"11":4.17687054784},"edge":{"12":0.03293,"13":0.144892,"14":0.981314,"15":null},"bb":{"7":0.006828,"10":null},"ie_mob":{"10":0.112164815534,"11":0.529667184466},"and_ff":{"0":0.020484},"samsung":{"0":2.427354},"and_uc":{"0":0.218496},"op_mini":{"0":0.344061131004},"and_chr":{"0":24.699746}},"total":98.418444}