{"id":"BH","name":"Bahrain","month":"2017-01","access_date":"2017-02-02","data":{"chrome":{"4":null,"5":null,"6":null,"7":null,"8":null,"9":null,"10":null,"11":0.013876,"12":null,"13":0.045097,"14":null,"15":null,"16":0.006938,"17":null,"18":0.006938,"19":null,"20":null,"21":0.031221,"22":0.010407,"23":null,"24":0.003469,"25":0.010407,"26":0.020814,"27":0.003469,"28":0.010407,"29":0.024283,"30":0.027752,"31":0.048566,"32":0.048566,"33":0.03469,"34":0.031221,"35":0.003469,"36":0.107539,"37":0.006938,"38":0.027752,"39":0.017345,"40":0.006938,"41":0.017345,"42":0.006938,"43":0.149167,"44":0.020814,"45":0.010407,"46":0.031221,"47":0.027752,"48":0.027752,"49":0.881126,"50":0.038159,"51":0.083256,"52":0.159574,"53":0.239361,"54":0.329555,"55":18.434266,"56":0.270582,"57":0.114477,"58":null,"59":null},"firefox":{"2":null,"3":0.003469,"3.5":null,"3.6":0.006938,"4":null,"5":null,"6":null,"7":null,"8":null,"9":null,"10":0.003469,"11":null,"12":0.003469,"13":null,"14":null,"15":0.003469,"16":null,"17":null,"18":null,"19":null,"20":0.003469,"21":0.003469,"22":null,"23":null,"24":0.003469,"25":0.006938,"26":null,"27":0.006938,"28":null,"29":null,"30":null,"31":0.003469,"32":null,"33":null,"34":0.003469,"35":null,"36":0.003469,"37":0.006938,"38":0.017345,"39":0.024283,"40":0.010407,"41":0.013876,"42":0.006938,"43":0.024283,"44":0.020814,"45":0.03469,"46":0.010407,"47":0.097132,"48":0.152636,"49":0.076318,"50":2.282602,"51":0.339962,"52":0.013876,"53":null,"54":null},"opera":{"9":null,"9.5-9.6":null,"10.0-10.1":0,"10.5":null,"10.6":null,"11":null,"11.1":null,"11.5":null,"11.6":null,"12":null,"12.1":0.006938,"15":null,"16":null,"17":null,"18":null,"19":null,"20":null,"21":null,"22":null,"23":null,"24":null,"25":null,"26":null,"27":null,"28":0.006938,"29":null,"30":null,"31":null,"32":null,"33":null,"34":0.003469,"35":null,"36":0.006938,"37":0.003469,"38":0.017345,"39":null,"40":0.024283,"41":0.076318,"42":0.079787,"43":0.006938,"44":null},"safari":{"3.1":null,"3.2":null,"4":0,"5":0.024283,"5.1":0.048566,"6":0.031221,"6.1":0.027752,"7":0.06938,"7.1":0.006938,"8":0.194264,"9":0.284458,"9.1":0.530757,"10":1.66512,"10.1":null,"0":null},"ios_saf":{"3.2":0,"4.0-4.1":0,"4.2-4.3":0,"5.0-5.1":0,"6.0-6.1":0.0418898772286,"7.0-7.1":0.196882422974,"8":0,"8.1-8.4":0.236677806341,"9.0-9.2":0.106819186933,"9.3":0.919482805167,"10.0-10.2":8.30780990136},"android":{"2.1":0,"2.2":0,"2.3":0,"3":0,"4":0.0553003472585,"4.1":0.17884367624,"4.2-4.3":0.544767250653,"4.4":1.23425668668,"4.4.3-4.4.4":0.690666039164,"53":null},"op_mob":{"10":0,"11":0,"11.1":0,"11.5":0,"12":0,"12.1":0,"0":0.00531891484716},"ie":{"5.5":null,"6":0.00347399855908,"7":0.00694799711816,"8":0.336977860231,"9":0.177173926513,"10":0.166751930836,"11":4.13058428674},"edge":{"12":0.152636,"13":0.222016,"14":0.957444,"15":null},"bb":{"7":0.02122575,"10":null},"ie_mob":{"10":0.0388055533981,"11":0.183248446602},"and_ff":{"0":0.013062},"samsung":{"0":6.028113},"and_uc":{"0":16.014012},"op_mini":{"0":2.43074408515},"and_chr":{"0":27.038089}},"total":98.13304775}