{"id":"BI","name":"Burundi","month":"2017-01","access_date":"2017-02-02","data":{"chrome":{"4":null,"5":null,"6":null,"7":null,"8":0.020059,"9":null,"10":0.003086,"11":0.009258,"12":0.009258,"13":null,"14":0.006172,"15":null,"16":0.006172,"17":null,"18":null,"19":0.003086,"20":0.001543,"21":null,"22":null,"23":null,"24":null,"25":null,"26":0.018516,"27":0.004629,"28":0.004629,"29":null,"30":0.004629,"31":0.001543,"32":0.023145,"33":0.018516,"34":null,"35":0.001543,"36":1.087815,"37":0.003086,"38":0.001543,"39":null,"40":0.006172,"41":null,"42":0.009258,"43":0.1543,"44":0.004629,"45":0.027774,"46":0.007715,"47":0.007715,"48":0.009258,"49":0.101838,"50":0.010801,"51":0.027774,"52":0.021602,"53":0.095666,"54":0.080236,"55":5.397414,"56":0.103381,"57":0.035489,"58":null,"59":null},"firefox":{"2":0.006172,"3":0.089494,"3.5":0.003086,"3.6":0.066349,"4":0.007715,"5":0.001543,"6":0.004629,"7":0.013887,"8":null,"9":null,"10":0.001543,"11":0.024688,"12":0.009258,"13":0.004629,"14":0.004629,"15":0.009258,"16":0.010801,"17":0.004629,"18":0.004629,"19":0.003086,"20":0.018516,"21":null,"22":0.007715,"23":null,"24":0.018516,"25":0.003086,"26":0.021602,"27":0.010801,"28":0.021602,"29":0.018516,"30":0.01543,"31":0.057091,"32":0.013887,"33":0.007715,"34":0.016973,"35":0.012344,"36":0.024688,"37":0.03086,"38":0.064806,"39":0.027774,"40":0.01543,"41":0.027774,"42":0.040118,"43":0.141956,"44":0.126526,"45":0.03086,"46":0.032403,"47":0.341003,"48":0.106467,"49":0.152757,"50":2.629272,"51":0.445927,"52":0.023145,"53":null,"54":null},"opera":{"9":null,"9.5-9.6":null,"10.0-10.1":0,"10.5":null,"10.6":null,"11":0.007715,"11.1":null,"11.5":null,"11.6":0.003086,"12":null,"12.1":0.009258,"15":null,"16":null,"17":null,"18":null,"19":null,"20":0.004629,"21":0.003086,"22":null,"23":null,"24":null,"25":0.001543,"26":null,"27":null,"28":0.003086,"29":null,"30":0.001543,"31":null,"32":0.003086,"33":0.01543,"34":0.006172,"35":0.013887,"36":0.010801,"37":0.100295,"38":null,"39":0.006172,"40":0.001543,"41":0.009258,"42":0.410438,"43":null,"44":null},"safari":{"3.1":null,"3.2":null,"4":0,"5":null,"5.1":0.003086,"6":null,"6.1":null,"7":null,"7.1":null,"8":0.020059,"9":0.010801,"9.1":0.040118,"10":0.479873,"10.1":null,"0":null},"ios_saf":{"3.2":0,"4.0-4.1":0,"4.2-4.3":0,"5.0-5.1":0,"6.0-6.1":0.00281689334899,"7.0-7.1":0.0132393987403,"8":0,"8.1-8.4":0.0159154474218,"9.0-9.2":0.00718307803993,"9.3":0.0618308090104,"10.0-10.2":0.558660373439},"android":{"2.1":0,"2.2":0,"2.3":0,"3":0,"4":0.0605385770235,"4.1":0.195784334204,"4.2-4.3":0.596369386423,"4.4":1.35116951697,"4.4.3-4.4.4":0.756088185379,"53":null},"op_mob":{"10":0,"11":0,"11.1":0,"11.5":0,"12":0,"12.1":0,"0":0.144119836245},"ie":{"5.5":null,"6":null,"7":0.007715,"8":0.256138,"9":0.037032,"10":0.070978,"11":0.814704},"edge":{"12":0.063263,"13":0.095666,"14":0.115725,"15":null},"bb":{"7":0.008457,"10":null},"ie_mob":{"10":0.0472935145631,"11":0.223330485437},"and_ff":{"0":0.008457},"samsung":{"0":0.862614},"and_uc":{"0":3.864849},"op_mini":{"0":65.8627651638},"and_chr":{"0":9.332514}},"total":98.705017}