{"id":"BJ","name":"Benin","month":"2017-01","access_date":"2017-02-02","data":{"chrome":{"4":null,"5":null,"6":0.006258,"7":null,"8":null,"9":0.015645,"10":0.015645,"11":0.040677,"12":0.071967,"13":0.006258,"14":0.037548,"15":0.009387,"16":0.015645,"17":0.003129,"18":0.03129,"19":0.034419,"20":null,"21":0.009387,"22":0.015645,"23":0.018774,"24":0.021903,"25":0.012516,"26":0.046935,"27":0.015645,"28":0.021903,"29":0.040677,"30":0.018774,"31":0.109515,"32":0.078225,"33":0.056322,"34":0.03129,"35":0.018774,"36":0.090741,"37":0.037548,"38":0.034419,"39":0.009387,"40":0.021903,"41":0.021903,"42":0.050064,"43":0.162708,"44":0.037548,"45":0.078225,"46":0.071967,"47":0.209643,"48":0.065709,"49":0.991893,"50":0.050064,"51":0.118902,"52":0.147063,"53":0.294126,"54":0.484995,"55":13.748826,"56":0.247191,"57":0.021903,"58":null,"59":null},"firefox":{"2":0.018774,"3":0.056322,"3.5":0.021903,"3.6":0.009387,"4":null,"5":0.003129,"6":null,"7":0.003129,"8":null,"9":0.006258,"10":0.006258,"11":0.025032,"12":0.021903,"13":0.006258,"14":0.009387,"15":0.018774,"16":0.021903,"17":0.003129,"18":0.009387,"19":0.059451,"20":0.012516,"21":0.018774,"22":0.012516,"23":0.018774,"24":0.028161,"25":0.015645,"26":0.012516,"27":0.012516,"28":0.003129,"29":0.03129,"30":0.053193,"31":0.056322,"32":0.028161,"33":0.043806,"34":0.012516,"35":0.025032,"36":0.028161,"37":0.03129,"38":0.071967,"39":0.043806,"40":0.409899,"41":0.06258,"42":0.100128,"43":0.431802,"44":0.159579,"45":0.131418,"46":0.06258,"47":0.478737,"48":0.215901,"49":0.350448,"50":4.843692,"51":0.797895,"52":0.168966,"53":null,"54":null},"opera":{"9":null,"9.5-9.6":null,"10.0-10.1":0.003129,"10.5":null,"10.6":null,"11":null,"11.1":null,"11.5":null,"11.6":0.006258,"12":null,"12.1":0.018774,"15":0.006258,"16":null,"17":0.003129,"18":0.003129,"19":0.003129,"20":null,"21":null,"22":null,"23":null,"24":null,"25":null,"26":null,"27":null,"28":null,"29":null,"30":null,"31":null,"32":0.006258,"33":0.003129,"34":0.021903,"35":0.006258,"36":0.025032,"37":0.081354,"38":0.006258,"39":0.009387,"40":0.018774,"41":0.037548,"42":0.669606,"43":null,"44":null},"safari":{"3.1":null,"3.2":null,"4":0,"5":null,"5.1":0.012516,"6":null,"6.1":null,"7":0.028161,"7.1":null,"8":0.140805,"9":0.084483,"9.1":0.078225,"10":0.456834,"10.1":null,"0":null},"ios_saf":{"3.2":0,"4.0-4.1":0,"4.2-4.3":0,"5.0-5.1":0,"6.0-6.1":0.0058389196114,"7.0-7.1":0.0274429221736,"8":0,"8.1-8.4":0.0329898958044,"9.0-9.2":0.0148892450091,"9.3":0.12816428547,"10.0-10.2":1.15800373193},"android":{"2.1":0,"2.2":0,"2.3":0,"3":0,"4":0.0810855739774,"4.1":0.262234196693,"4.2-4.3":0.798779164926,"4.4":1.80976100218,"4.4.3-4.4.4":1.01270706223,"53":null},"op_mob":{"10":0,"11":0,"11.1":0,"11.5":0,"12":0,"12.1":0,"0":0.083487150655},"ie":{"5.5":null,"6":0.015803030303,"7":0.0189636363636,"8":0.221242424242,"9":0.0379272727273,"10":0.107460606061,"11":0.537303030303},"edge":{"12":0.137676,"13":0.059451,"14":0.225288,"15":null},"bb":{"7":0.05668575,"10":null},"ie_mob":{"10":0.214935553398,"11":1.0149734466},"and_ff":{"0":0.013742},"samsung":{"0":1.113102},"and_uc":{"0":7.386325},"op_mini":{"0":38.1536278493},"and_chr":{"0":15.224223}},"total":98.55943075}