{"id":"BM","name":"Bermuda","month":"2017-01","access_date":"2017-02-02","data":{"chrome":{"4":null,"5":null,"6":null,"7":null,"8":null,"9":null,"10":null,"11":0.007575,"12":null,"13":null,"14":null,"15":null,"16":null,"17":null,"18":null,"19":null,"20":null,"21":0.007575,"22":0.01515,"23":0.007575,"24":null,"25":null,"26":null,"27":0.022725,"28":0.022725,"29":null,"30":null,"31":null,"32":0.037875,"33":null,"34":0.0303,"35":null,"36":0.416625,"37":0.007575,"38":0.0303,"39":0.083325,"40":null,"41":0.01515,"42":0.0606,"43":0.037875,"44":0.0303,"45":0.01515,"46":0.0303,"47":0.04545,"48":0.083325,"49":1.598325,"50":0.174225,"51":0.2121,"52":0.04545,"53":0.13635,"54":0.49995,"55":29.186475,"56":0.340875,"57":0.037875,"58":null,"59":null},"firefox":{"2":null,"3":null,"3.5":null,"3.6":null,"4":null,"5":null,"6":0.007575,"7":null,"8":null,"9":null,"10":null,"11":null,"12":null,"13":null,"14":null,"15":null,"16":null,"17":0.007575,"18":null,"19":null,"20":null,"21":null,"22":null,"23":null,"24":null,"25":null,"26":0.01515,"27":null,"28":null,"29":null,"30":null,"31":null,"32":null,"33":null,"34":null,"35":null,"36":null,"37":null,"38":0.01515,"39":null,"40":null,"41":0.053025,"42":0.0303,"43":0.01515,"44":null,"45":0.037875,"46":0.022725,"47":0.037875,"48":0.31815,"49":0.0303,"50":4.098075,"51":0.53025,"52":0.007575,"53":null,"54":null},"opera":{"9":null,"9.5-9.6":null,"10.0-10.1":0,"10.5":null,"10.6":null,"11":null,"11.1":null,"11.5":null,"11.6":null,"12":null,"12.1":null,"15":null,"16":null,"17":null,"18":null,"19":null,"20":null,"21":null,"22":null,"23":null,"24":null,"25":null,"26":null,"27":null,"28":null,"29":null,"30":null,"31":null,"32":null,"33":null,"34":null,"35":null,"36":0.01515,"37":0.007575,"38":null,"39":null,"40":null,"41":null,"42":0.083325,"43":null,"44":null},"safari":{"3.1":null,"3.2":null,"4":0.01515,"5":0.1212,"5.1":0.40905,"6":0.10605,"6.1":0.174225,"7":0.037875,"7.1":0.01515,"8":0.265125,"9":0.249975,"9.1":1.5756,"10":4.25715,"10.1":null,"0":null},"ios_saf":{"3.2":0,"4.0-4.1":0,"4.2-4.3":0,"5.0-5.1":0,"6.0-6.1":0.0482677997224,"7.0-7.1":0.226858658695,"8":0,"8.1-8.4":0.272713068432,"9.0-9.2":0.123082889292,"9.3":1.05947820391,"10.0-10.2":9.57271137995},"android":{"2.1":0,"2.2":0,"2.3":0,"3":0,"4":0.0148235300261,"4.1":0.047939926893,"4.2-4.3":0.14602754047,"4.4":0.330848574413,"4.4.3-4.4.4":0.185136428198,"53":null},"op_mob":{"10":0,"11":0,"11.1":0,"11.5":0,"12":0,"12.1":0,"0":0.000312262008734},"ie":{"5.5":null,"6":null,"7":0.007575,"8":0.295425,"9":1.37865,"10":0.901425,"11":21.0282},"edge":{"12":0.1515,"13":0.598425,"14":4.86315,"15":null},"bb":{"7":0.206646,"10":null},"ie_mob":{"10":0.0165208543689,"11":0.0780151456311},"and_ff":{"0":0.007272},"samsung":{"0":4.305024},"and_uc":{"0":0.02424},"op_mini":{"0":0.142703737991},"and_chr":{"0":6.90537}},"total":98.736792}