{"id":"BN","name":"Brunei Darussalam","month":"2017-01","access_date":"2017-02-02","data":{"chrome":{"4":null,"5":null,"6":null,"7":null,"8":null,"9":null,"10":null,"11":0.02624,"12":null,"13":null,"14":0.00656,"15":null,"16":null,"17":0.00328,"18":null,"19":null,"20":0.00656,"21":null,"22":0.00656,"23":null,"24":null,"25":null,"26":0.00984,"27":0.00656,"28":0.00984,"29":0.00656,"30":0.00984,"31":0.07544,"32":0.16072,"33":0.05248,"34":0.00984,"35":null,"36":0.8856,"37":0.00984,"38":0.02296,"39":0.01968,"40":0.00984,"41":0.00656,"42":0.00656,"43":0.07544,"44":0.02296,"45":0.02296,"46":0.06232,"47":0.0328,"48":0.06232,"49":1.02992,"50":0.03608,"51":0.09184,"52":0.1476,"53":0.25256,"54":0.32144,"55":17.82352,"56":0.20336,"57":0.0984,"58":null,"59":null},"firefox":{"2":null,"3":0.01312,"3.5":null,"3.6":0.02624,"4":null,"5":null,"6":0.00984,"7":0.00656,"8":null,"9":0.01968,"10":0.00656,"11":0.00656,"12":0.00984,"13":0.0328,"14":null,"15":null,"16":0.00656,"17":null,"18":null,"19":null,"20":null,"21":null,"22":0.00328,"23":null,"24":null,"25":0.00328,"26":null,"27":0.00656,"28":0.00984,"29":0.01968,"30":0.00656,"31":0.03608,"32":0.05904,"33":0.01312,"34":0.01312,"35":0.00984,"36":0.00656,"37":0.0164,"38":0.02624,"39":0.02296,"40":0.02296,"41":0.02624,"42":0.00984,"43":0.07216,"44":0.07544,"45":0.04264,"46":0.08528,"47":0.22304,"48":0.164,"49":0.09512,"50":3.35544,"51":0.66584,"52":0.05576,"53":0.00328,"54":null},"opera":{"9":null,"9.5-9.6":null,"10.0-10.1":0,"10.5":null,"10.6":null,"11":null,"11.1":null,"11.5":null,"11.6":null,"12":0.00984,"12.1":0.00656,"15":null,"16":null,"17":null,"18":null,"19":null,"20":null,"21":null,"22":null,"23":null,"24":null,"25":null,"26":null,"27":null,"28":0.00328,"29":null,"30":null,"31":null,"32":null,"33":null,"34":null,"35":0.00328,"36":0.00656,"37":0.0328,"38":null,"39":null,"40":null,"41":null,"42":0.17384,"43":null,"44":0.00656},"safari":{"3.1":null,"3.2":null,"4":0.00328,"5":0.04592,"5.1":0.10496,"6":0.00984,"6.1":0.03936,"7":0.0164,"7.1":null,"8":0.14104,"9":0.10168,"9.1":0.46576,"10":1.34808,"10.1":null,"0":null},"ios_saf":{"3.2":0,"4.0-4.1":0,"4.2-4.3":0,"5.0-5.1":0,"6.0-6.1":0.0448526102274,"7.0-7.1":0.210807268069,"8":0,"8.1-8.4":0.253417247785,"9.0-9.2":0.11437415608,"9.3":0.984514794491,"10.0-10.2":8.89539392335},"android":{"2.1":0,"2.2":0,"2.3":0,"3":0,"4":0.104180469974,"4.1":0.336924073107,"4.2-4.3":1.02628845953,"4.4":2.32521942559,"4.4.3-4.4.4":1.3011475718,"53":null},"op_mob":{"10":0,"11":0,"11.1":0,"11.5":0,"12":0,"12.1":0,"0":0.0372241048035},"ie":{"5.5":null,"6":null,"7":0.00329860113422,"8":0.158332854442,"9":0.270485293006,"10":0.0857636294896,"11":1.22707962193},"edge":{"12":0.0328,"13":0.07216,"14":0.55104,"15":null},"bb":{"7":0.00336,"10":null},"ie_mob":{"10":0.0117436893204,"11":0.0554563106796},"and_ff":{"0":0.02688},"samsung":{"0":5.73888},"and_uc":{"0":8.25888},"op_mini":{"0":17.0114158952},"and_chr":{"0":20.17288}},"total":98.75608}