{"id":"BO","name":"Bolivia","month":"2017-01","access_date":"2017-02-02","data":{"chrome":{"4":null,"5":null,"6":null,"7":null,"8":0.00805,"9":null,"10":null,"11":0.044275,"12":null,"13":0.004025,"14":null,"15":null,"16":null,"17":0.004025,"18":0.02415,"19":null,"20":0.004025,"21":0.00805,"22":0.02415,"23":0.02415,"24":0.00805,"25":0.0322,"26":0.02415,"27":0.00805,"28":0.00805,"29":0.020125,"30":0.012075,"31":0.07245,"32":0.0161,"33":0.05635,"34":0.02415,"35":0.020125,"36":0.148925,"37":0.020125,"38":0.116725,"39":0.04025,"40":0.036225,"41":0.02415,"42":0.012075,"43":0.12075,"44":0.076475,"45":0.0644,"46":0.05635,"47":0.092575,"48":0.076475,"49":1.694525,"50":0.092575,"51":0.261625,"52":0.237475,"53":0.4025,"54":0.5474,"55":22.8137,"56":0.4025,"57":0.012075,"58":null,"59":null},"firefox":{"2":null,"3":0.028175,"3.5":0.012075,"3.6":0.02415,"4":0.012075,"5":0.00805,"6":null,"7":null,"8":0.020125,"9":null,"10":0.004025,"11":0.00805,"12":0.0322,"13":null,"14":0.004025,"15":0.004025,"16":0.02415,"17":0.020125,"18":0.00805,"19":null,"20":0.012075,"21":0.0161,"22":0.012075,"23":0.00805,"24":0.00805,"25":0.012075,"26":0.00805,"27":0.00805,"28":0.012075,"29":0.020125,"30":0.0322,"31":0.028175,"32":0.020125,"33":0.028175,"34":0.0322,"35":0.052325,"36":0.028175,"37":0.052325,"38":0.0805,"39":0.0644,"40":0.0483,"41":0.036225,"42":0.044275,"43":0.2415,"44":0.052325,"45":0.1288,"46":0.084525,"47":0.4508,"48":0.342125,"49":0.21735,"50":4.77365,"51":0.61985,"52":0.028175,"53":null,"54":null},"opera":{"9":null,"9.5-9.6":null,"10.0-10.1":0,"10.5":null,"10.6":null,"11":null,"11.1":null,"11.5":null,"11.6":null,"12":null,"12.1":0.00805,"15":null,"16":null,"17":null,"18":null,"19":null,"20":null,"21":null,"22":null,"23":null,"24":null,"25":null,"26":null,"27":null,"28":0.00805,"29":0.00805,"30":null,"31":null,"32":null,"33":null,"34":null,"35":0.004025,"36":0.02415,"37":0.02415,"38":0.020125,"39":0.004025,"40":null,"41":0.00805,"42":0.317975,"43":0.004025,"44":null},"safari":{"3.1":null,"3.2":null,"4":0,"5":0.00805,"5.1":0.02415,"6":null,"6.1":0.00805,"7":0.00805,"7.1":0.004025,"8":0.132825,"9":0.108675,"9.1":0.2254,"10":0.5313,"10.1":null,"0":null},"ios_saf":{"3.2":0,"4.0-4.1":0,"4.2-4.3":0,"5.0-5.1":0,"6.0-6.1":0.00951713462154,"7.0-7.1":0.0447305327213,"8":0,"8.1-8.4":0.0537718106117,"9.0-9.2":0.0242686932849,"9.3":0.208901104943,"10.0-10.2":1.88748572382},"android":{"2.1":0,"2.2":0,"2.3":0,"3":0,"4":0.130513968668,"4.1":0.42208772846,"4.2-4.3":1.28570143603,"4.4":2.91296070496,"4.4.3-4.4.4":1.63003616188,"53":null},"op_mob":{"10":0,"11":0,"11.1":0,"11.5":0,"12":0,"12.1":0,"0":0.00897554585153},"ie":{"5.5":null,"6":0.00407378787879,"7":null,"8":0.289238939394,"9":0.105918484848,"10":0.114066060606,"11":0.822905151515},"edge":{"12":0.052325,"13":0.08855,"14":0.322,"15":null},"bb":{"7":0.0089625,"10":null},"ie_mob":{"10":0.0730922330097,"11":0.34515776699},"and_ff":{"0":0.029875},"samsung":{"0":6.87125},"and_uc":{"0":2.634975},"op_mini":{"0":4.10182445415},"and_chr":{"0":37.6776}},"total":99.2511399242}