{"id":"BS","name":"Bahamas","month":"2017-01","access_date":"2017-02-02","data":{"chrome":{"4":null,"5":null,"6":null,"7":null,"8":null,"9":null,"10":null,"11":0.015558,"12":0.010372,"13":null,"14":null,"15":null,"16":null,"17":null,"18":0.010372,"19":null,"20":null,"21":null,"22":null,"23":null,"24":null,"25":null,"26":0.010372,"27":null,"28":null,"29":0.010372,"30":0.010372,"31":null,"32":0.067418,"33":0.041488,"34":0.020744,"35":null,"36":0.513414,"37":0.020744,"38":0.02593,"39":0.020744,"40":0.015558,"41":null,"42":0.02593,"43":0.062232,"44":0.02593,"45":0.020744,"46":0.015558,"47":0.041488,"48":0.020744,"49":1.467638,"50":0.248928,"51":0.461554,"52":0.15558,"53":0.248928,"54":0.41488,"55":24.980962,"56":0.280044,"57":0.020744,"58":null,"59":null},"firefox":{"2":null,"3":null,"3.5":null,"3.6":null,"4":null,"5":null,"6":null,"7":null,"8":null,"9":null,"10":null,"11":null,"12":null,"13":0.005186,"14":null,"15":null,"16":0.010372,"17":null,"18":null,"19":null,"20":null,"21":null,"22":null,"23":0.010372,"24":0.020744,"25":0.005186,"26":null,"27":null,"28":null,"29":null,"30":null,"31":0.020744,"32":0.015558,"33":0.031116,"34":null,"35":null,"36":null,"37":null,"38":0.02593,"39":null,"40":null,"41":0.005186,"42":0.010372,"43":0.036302,"44":null,"45":0.072604,"46":0.046674,"47":0.176324,"48":0.280044,"49":0.031116,"50":3.05974,"51":0.280044,"52":null,"53":null,"54":null},"opera":{"9":null,"9.5-9.6":null,"10.0-10.1":0,"10.5":null,"10.6":null,"11":null,"11.1":null,"11.5":null,"11.6":null,"12":null,"12.1":0.005186,"15":null,"16":null,"17":null,"18":null,"19":null,"20":null,"21":null,"22":null,"23":null,"24":null,"25":null,"26":null,"27":null,"28":null,"29":0.015558,"30":null,"31":null,"32":null,"33":0.015558,"34":null,"35":null,"36":0.005186,"37":0.015558,"38":0.07779,"39":null,"40":null,"41":null,"42":0.145208,"43":null,"44":null},"safari":{"3.1":null,"3.2":null,"4":0,"5":0.036302,"5.1":0.150394,"6":0.010372,"6.1":0.05186,"7":0.02593,"7.1":0.010372,"8":0.12965,"9":0.145208,"9.1":0.845318,"10":2.328514,"10.1":null,"0":null},"ios_saf":{"3.2":0,"4.0-4.1":0,"4.2-4.3":0,"5.0-5.1":0,"6.0-6.1":0.047466749226,"7.0-7.1":0.223093721362,"8":0,"8.1-8.4":0.268187133127,"9.0-9.2":0.121040210526,"9.3":1.04189514551,"10.0-10.2":9.41384304025},"android":{"2.1":0,"2.2":0,"2.3":0,"3":0,"4":0.0423372236728,"4.1":0.136920382942,"4.2-4.3":0.417066692776,"4.4":0.944930800696,"4.4.3-4.4.4":0.528764899913,"53":null},"op_mob":{"10":0,"11":0,"11.1":0,"11.5":0,"12":0,"12.1":0,"0":0.00112466812227},"ie":{"5.5":null,"6":0.00518994672755,"7":0.0155698401826,"8":0.176458188737,"9":0.223167709285,"10":0.337346537291,"11":5.93210910959},"edge":{"12":0.217812,"13":0.715668,"14":3.858384,"15":null},"bb":{"7":0.0276805,"10":null},"ie_mob":{"10":0.078239184466,"11":0.369462815534},"and_ff":{"0":0.038512},"samsung":{"0":8.987738},"and_uc":{"0":0.235886},"op_mini":{"0":0.513973331878},"and_chr":{"0":26.421336}},"total":98.7841238318}