{"id":"BT","name":"Bhutan","month":"2017-01","access_date":"2017-02-02","data":{"chrome":{"4":0.005332,"5":0.005332,"6":0.005332,"7":0.018662,"8":null,"9":null,"10":null,"11":0.005332,"12":0.007998,"13":null,"14":0.002666,"15":null,"16":0.002666,"17":0.005332,"18":0.063984,"19":null,"20":0.005332,"21":0.03999,"22":0.01333,"23":0.042656,"24":0.034658,"25":0.071982,"26":0.010664,"27":0.015996,"28":0.010664,"29":0.015996,"30":0.49321,"31":0.114638,"32":0.1333,"33":0.050654,"34":0.010664,"35":0.029326,"36":0.114638,"37":0.005332,"38":0.045322,"39":0.029326,"40":0.021328,"41":0.005332,"42":0.010664,"43":0.135966,"44":0.042656,"45":0.023994,"46":0.074648,"47":0.074648,"48":0.01333,"49":1.098392,"50":0.03999,"51":0.07998,"52":0.143964,"53":0.402566,"54":0.271932,"55":14.40973,"56":0.27993,"57":0.421228,"58":null,"59":null},"firefox":{"2":null,"3":0.037324,"3.5":null,"3.6":0.034658,"4":0.005332,"5":null,"6":null,"7":null,"8":null,"9":0.002666,"10":0.01333,"11":0.021328,"12":0.007998,"13":0.010664,"14":0.005332,"15":0.01333,"16":0.010664,"17":null,"18":0.031992,"19":null,"20":null,"21":null,"22":null,"23":0.002666,"24":0.007998,"25":0.007998,"26":null,"27":null,"28":null,"29":0.018662,"30":0.002666,"31":0.010664,"32":0.007998,"33":null,"34":null,"35":0.023994,"36":0.007998,"37":0.005332,"38":0.021328,"39":0.021328,"40":0.031992,"41":0.002666,"42":0.007998,"43":0.055986,"44":0.157294,"45":0.021328,"46":0.02666,"47":0.151962,"48":0.047988,"49":0.194618,"50":2.655336,"51":0.754478,"52":0.058652,"53":null,"54":null},"opera":{"9":null,"9.5-9.6":null,"10.0-10.1":0,"10.5":null,"10.6":null,"11":null,"11.1":null,"11.5":null,"11.6":null,"12":null,"12.1":null,"15":null,"16":null,"17":null,"18":null,"19":null,"20":null,"21":null,"22":null,"23":null,"24":null,"25":null,"26":null,"27":null,"28":null,"29":null,"30":null,"31":null,"32":null,"33":null,"34":null,"35":null,"36":0.002666,"37":0.002666,"38":0.01333,"39":0.007998,"40":null,"41":null,"42":0.207948,"43":null,"44":null},"safari":{"3.1":null,"3.2":null,"4":0,"5":0.007998,"5.1":0.005332,"6":null,"6.1":0.007998,"7":0.018662,"7.1":null,"8":0.138632,"9":0.042656,"9.1":0.154628,"10":0.290594,"10.1":null,"0":null},"ios_saf":{"3.2":0,"4.0-4.1":0,"4.2-4.3":0,"5.0-5.1":0,"6.0-6.1":0.0181622291022,"7.0-7.1":0.0853624767802,"8":0,"8.1-8.4":0.102616594427,"9.0-9.2":0.0463136842105,"9.3":0.398660928793,"10.0-10.2":3.60202408669},"android":{"2.1":0,"2.2":0,"2.3":0,"3":0,"4":0.0467933472585,"4.1":0.15133167624,"4.2-4.3":0.460964250653,"4.4":1.04438768668,"4.4.3-4.4.4":0.584419039164,"53":null},"op_mob":{"10":0,"11":0,"11.1":0,"11.5":0,"12":0,"12.1":0,"0":0.0277949519651},"ie":{"5.5":null,"6":null,"7":null,"8":0.098642,"9":0.085312,"10":0.018662,"11":0.661168},"edge":{"12":0.063984,"13":0.082646,"14":0.250604,"15":null},"bb":{"7":0,"10":null},"ie_mob":{"10":0.153779417476,"11":0.726180582524},"and_ff":{"0":0.021999},"samsung":{"0":7.69965},"and_uc":{"0":11.285487},"op_mini":{"0":12.702293048},"and_chr":{"0":34.05033}},"total":98.831476}