{"id":"BW","name":"Botswana","month":"2017-01","access_date":"2017-02-02","data":{"chrome":{"4":null,"5":null,"6":null,"7":0.005374,"8":null,"9":null,"10":null,"11":0.032244,"12":null,"13":null,"14":null,"15":null,"16":null,"17":null,"18":0.021496,"19":null,"20":0.005374,"21":0.005374,"22":null,"23":null,"24":null,"25":null,"26":0.059114,"27":0.010748,"28":0.005374,"29":0.08061,"30":0.021496,"31":0.042992,"32":0.360058,"33":0.032244,"34":0.021496,"35":0.037618,"36":0.29557,"37":0.021496,"38":0.016122,"39":0.05374,"40":0.042992,"41":0.010748,"42":0.02687,"43":0.69862,"44":0.102106,"45":0.085984,"46":0.016122,"47":0.032244,"48":0.05374,"49":0.580392,"50":0.150472,"51":0.150472,"52":0.2687,"53":0.521278,"54":0.811474,"55":21.807692,"56":0.386928,"57":0.118228,"58":null,"59":null},"firefox":{"2":null,"3":0.016122,"3.5":null,"3.6":0.010748,"4":0.016122,"5":0.005374,"6":0.010748,"7":null,"8":0.005374,"9":0.005374,"10":0.010748,"11":0.016122,"12":0.032244,"13":null,"14":null,"15":null,"16":0.016122,"17":0.005374,"18":0.016122,"19":0.016122,"20":0.021496,"21":0.005374,"22":0.02687,"23":0.021496,"24":null,"25":null,"26":0.016122,"27":0.010748,"28":0.010748,"29":0.155846,"30":0.021496,"31":0.010748,"32":null,"33":0.02687,"34":0.016122,"35":0.005374,"36":0.016122,"37":0.064488,"38":0.042992,"39":0.05374,"40":0.042992,"41":0.042992,"42":0.016122,"43":0.139724,"44":0.13435,"45":0.096732,"46":0.128976,"47":0.462164,"48":0.343936,"49":0.392302,"50":5.658822,"51":0.91358,"52":0.112854,"53":null,"54":null},"opera":{"9":null,"9.5-9.6":null,"10.0-10.1":0,"10.5":null,"10.6":null,"11":null,"11.1":null,"11.5":null,"11.6":null,"12":null,"12.1":0.010748,"15":null,"16":null,"17":null,"18":0.010748,"19":null,"20":null,"21":null,"22":null,"23":null,"24":null,"25":null,"26":null,"27":null,"28":null,"29":null,"30":null,"31":null,"32":null,"33":null,"34":null,"35":0.005374,"36":0.021496,"37":null,"38":null,"39":0.005374,"40":0.016122,"41":0.02687,"42":0.419172,"43":null,"44":null},"safari":{"3.1":0.005374,"3.2":null,"4":0.02687,"5":0.02687,"5.1":0.059114,"6":0.010748,"6.1":0.021496,"7":0.005374,"7.1":0.021496,"8":0.059114,"9":0.059114,"9.1":0.370806,"10":0.489034,"10.1":null,"0":null},"ios_saf":{"3.2":0,"4.0-4.1":0,"4.2-4.3":0,"5.0-5.1":0,"6.0-6.1":0.0103140557276,"7.0-7.1":0.0484760619195,"8":0,"8.1-8.4":0.0582744148607,"9.0-9.2":0.0263008421053,"9.3":0.22639352322,"10.0-10.2":2.04553510217},"android":{"2.1":0,"2.2":0,"2.3":0,"3":0,"4":0.0974730504787,"4.1":0.315231993037,"4.2-4.3":0.96021324195,"4.4":2.1755155309,"4.4.3-4.4.4":1.21737618364,"53":null},"op_mob":{"10":0,"11":0,"11.1":0,"11.5":0,"12":0,"12.1":0,"0":0.0162248078603},"ie":{"5.5":null,"6":null,"7":4.63109786055,"8":2.2321784113,"9":0.398026993822,"10":0.537874315975,"11":4.38905441836},"edge":{"12":0.413798,"13":0.601888,"14":0.48366,"15":null},"bb":{"7":0.268366,"10":null},"ie_mob":{"10":0.359827864078,"11":1.69918713592},"and_ff":{"0":1.415862},"samsung":{"0":3.863545},"and_uc":{"0":5.015668},"op_mini":{"0":7.41473719214},"and_chr":{"0":18.187208}},"total":96.969138}