{"id":"BY","name":"Belarus","month":"2017-01","access_date":"2017-02-02","data":{"chrome":{"4":0.119325,"5":0.055685,"6":0.04773,"7":0.04773,"8":0.023865,"9":0.04773,"10":0.04773,"11":0.07955,"12":0.09546,"13":0.06364,"14":0.103415,"15":0.12728,"16":0.12728,"17":0.167055,"18":0.167055,"19":0.103415,"20":0.14319,"21":0.22274,"22":0.182965,"23":0.167055,"24":0.167055,"25":0.11137,"26":0.135235,"27":0.135235,"28":0.071595,"29":0.039775,"30":0.03182,"31":0.071595,"32":0.03182,"33":0.03182,"34":0.06364,"35":0.087505,"36":0.03182,"37":0.04773,"38":0.09546,"39":0.135235,"40":0.198875,"41":0.11137,"42":0.087505,"43":0.33411,"44":0.04773,"45":0.07955,"46":0.03182,"47":0.14319,"48":0.167055,"49":2.60924,"50":0.135235,"51":0.46139,"52":0.35002,"53":0.310245,"54":0.676175,"55":32.575725,"56":0.453435,"57":0.27047,"58":null,"59":null},"firefox":{"2":0.07955,"3":0.17501,"3.5":0.3182,"3.6":1.2728,"4":0.071595,"5":0.03182,"6":0.03182,"7":0.01591,"8":0.01591,"9":0.023865,"10":0.04773,"11":0.03182,"12":0.039775,"13":0.023865,"14":0.039775,"15":0.04773,"16":0.03182,"17":0.023865,"18":0.039775,"19":0.03182,"20":0.039775,"21":0.055685,"22":0.023865,"23":0.04773,"24":0.04773,"25":0.04773,"26":0.01591,"27":0.023865,"28":0.023865,"29":0.007955,"30":0.01591,"31":0.03182,"32":0.03182,"33":0.04773,"34":0.04773,"35":0.06364,"36":0.087505,"37":0.01591,"38":0.04773,"39":0.01591,"40":0.039775,"41":0.01591,"42":0.023865,"43":0.087505,"44":0.023865,"45":0.151145,"46":0.04773,"47":0.35002,"48":0.14319,"49":0.12728,"50":5.162795,"51":0.71595,"52":null,"53":null,"54":null},"opera":{"9":null,"9.5-9.6":0.01591,"10.0-10.1":0.04773,"10.5":0.06364,"10.6":0.14319,"11":0.06364,"11.1":0.06364,"11.5":0.103415,"11.6":0.39775,"12":0.405705,"12.1":1.773965,"15":0.01591,"16":0.03182,"17":0.023865,"18":0.04773,"19":0.03182,"20":0.071595,"21":0.039775,"22":0.01591,"23":0.023865,"24":0.039775,"25":0.055685,"26":0.06364,"27":0.27047,"28":0.087505,"29":0.03182,"30":0.03182,"31":0.023865,"32":0.023865,"33":0.023865,"34":0.04773,"35":0.055685,"36":1.105745,"37":0.11137,"38":0.103415,"39":0.06364,"40":0.03182,"41":0.12728,"42":5.96625,"43":0.06364,"44":0.007955},"safari":{"3.1":0.04773,"3.2":0.007955,"4":0.14319,"5":0.230695,"5.1":0.182965,"6":0.04773,"6.1":0.01591,"7":0.023865,"7.1":0.007955,"8":0.04773,"9":0.039775,"9.1":0.17501,"10":0.87505,"10.1":null,"0":null},"ios_saf":{"3.2":0,"4.0-4.1":0,"4.2-4.3":0,"5.0-5.1":0,"6.0-6.1":0.00976325397673,"7.0-7.1":0.0458872936906,"8":0,"8.1-8.4":0.0551623849685,"9.0-9.2":0.0248962976407,"9.3":0.214303424789,"10.0-10.2":1.93629734493},"android":{"2.1":0,"2.2":0,"2.3":0,"3":0,"4":0.0294451523064,"4.1":0.095226875544,"4.2-4.3":0.290066074848,"4.4":0.657190739774,"4.4.3-4.4.4":0.367751157528,"53":null},"op_mob":{"10":0,"11":0,"11.1":0,"11.5":0,"12":0,"12.1":0,"0":0.00384442139738},"ie":{"5.5":null,"6":0.0246879310345,"7":0.0329172413793,"8":0.740637931034,"9":0.23865,"10":0.386777586207,"11":4.06527931034},"edge":{"12":0.04773,"13":0.09546,"14":0.580715,"15":null},"bb":{"7":0.00255625,"10":null},"ie_mob":{"10":0.0821970873786,"11":0.388152912621},"and_ff":{"0":0.00409},"samsung":{"0":1.01432},"and_uc":{"0":0.56033},"op_mini":{"0":1.7569005786},"and_chr":{"0":13.102125}},"total":92.91168125}