{"id":"BZ","name":"Belize","month":"2017-01","access_date":"2017-02-02","data":{"chrome":{"4":null,"5":null,"6":null,"7":null,"8":null,"9":null,"10":null,"11":0.027576,"12":null,"13":null,"14":null,"15":null,"16":null,"17":null,"18":0.009192,"19":0.004596,"20":null,"21":null,"22":0.018384,"23":null,"24":null,"25":0.004596,"26":0.009192,"27":null,"28":null,"29":0.004596,"30":0.013788,"31":0.027576,"32":0.399852,"33":0.059748,"34":0.009192,"35":0.427428,"36":0.661824,"37":0.013788,"38":0.032172,"39":0.009192,"40":0.027576,"41":0.009192,"42":0.013788,"43":0.087324,"44":0.02298,"45":0.02298,"46":0.027576,"47":0.018384,"48":0.110304,"49":0.588288,"50":0.142476,"51":0.317124,"52":0.082728,"53":0.211416,"54":0.386064,"55":23.292528,"56":0.303336,"57":0.059748,"58":null,"59":null},"firefox":{"2":null,"3":0.018384,"3.5":null,"3.6":null,"4":null,"5":0.004596,"6":null,"7":null,"8":null,"9":null,"10":null,"11":0.004596,"12":null,"13":null,"14":0.009192,"15":null,"16":null,"17":0.004596,"18":null,"19":null,"20":0.004596,"21":null,"22":0.013788,"23":null,"24":null,"25":0.009192,"26":0.018384,"27":0.009192,"28":0.055152,"29":null,"30":0.004596,"31":0.009192,"32":null,"33":0.013788,"34":0.009192,"35":0.004596,"36":0.009192,"37":0.013788,"38":0.050556,"39":0.050556,"40":0.02298,"41":0.04596,"42":0.036768,"43":0.165456,"44":0.087324,"45":0.340104,"46":0.087324,"47":0.25278,"48":0.142476,"49":0.211416,"50":5.152116,"51":0.78132,"52":0.078132,"53":null,"54":null},"opera":{"9":null,"9.5-9.6":null,"10.0-10.1":0,"10.5":null,"10.6":null,"11":null,"11.1":null,"11.5":null,"11.6":null,"12":null,"12.1":0.059748,"15":null,"16":null,"17":null,"18":null,"19":null,"20":null,"21":null,"22":null,"23":null,"24":null,"25":null,"26":null,"27":null,"28":null,"29":null,"30":null,"31":null,"32":null,"33":null,"34":null,"35":null,"36":null,"37":null,"38":0.027576,"39":null,"40":null,"41":null,"42":0.418236,"43":null,"44":null},"safari":{"3.1":null,"3.2":null,"4":0.013788,"5":0.02298,"5.1":0.09192,"6":null,"6.1":0.009192,"7":0.009192,"7.1":null,"8":0.257376,"9":0.06894,"9.1":1.254708,"10":1.79244,"10.1":null,"0":null},"ios_saf":{"3.2":0,"4.0-4.1":0,"4.2-4.3":0,"5.0-5.1":0,"6.0-6.1":0.0304669584712,"7.0-7.1":0.143194704815,"8":0,"8.1-8.4":0.172138315362,"9.0-9.2":0.0776907441016,"9.3":0.668749738443,"10.0-10.2":6.04235953881},"android":{"2.1":0,"2.2":0,"2.3":0,"3":0,"4":0.0872208942559,"4.1":0.282076083551,"4.2-4.3":0.859218596606,"4.4":1.94669612924,"4.4.3-4.4.4":1.08933329634,"53":null},"op_mob":{"10":0,"11":0,"11.1":0,"11.5":0,"12":0,"12.1":0,"0":0.000826091703057},"ie":{"5.5":null,"6":0.0386882949309,"7":0.0435243317972,"8":0.256309953917,"9":0.140245069124,"10":0.343358617512,"11":2.32613373272},"edge":{"12":0.16086,"13":0.312528,"14":1.40178,"15":null},"bb":{"7":0.01216125,"10":null},"ie_mob":{"10":0.200247378641,"11":0.945612621359},"and_ff":{"0":0.016215},"samsung":{"0":3.5673},"and_uc":{"0":1.14586},"op_mini":{"0":0.377523908297},"and_chr":{"0":37.354703}},"total":99.24690225}