{"id":"CA","name":"Canada","month":"2017-01","access_date":"2017-02-02","data":{"chrome":{"4":null,"5":null,"6":null,"7":null,"8":null,"9":null,"10":null,"11":0.01194,"12":null,"13":null,"14":null,"15":null,"16":null,"17":null,"18":null,"19":null,"20":null,"21":0.00597,"22":0.02388,"23":null,"24":null,"25":null,"26":0.00597,"27":null,"28":null,"29":0.01194,"30":null,"31":0.02388,"32":0.02388,"33":0.01791,"34":0.02388,"35":0.01791,"36":0.07164,"37":0.02388,"38":0.04179,"39":0.04776,"40":0.02388,"41":0.05373,"42":0.04179,"43":0.1194,"44":0.04179,"45":0.13134,"46":0.04776,"47":0.04776,"48":0.10149,"49":1.42683,"50":0.13731,"51":0.54327,"52":0.23283,"53":0.2388,"54":0.86565,"55":26.33367,"56":0.34029,"57":0.04179,"58":null,"59":null},"firefox":{"2":null,"3":0.01194,"3.5":null,"3.6":0.01791,"4":0.00597,"5":null,"6":null,"7":null,"8":null,"9":null,"10":null,"11":null,"12":0.00597,"13":null,"14":null,"15":null,"16":0.01194,"17":null,"18":null,"19":null,"20":null,"21":0.00597,"22":null,"23":null,"24":null,"25":null,"26":null,"27":null,"28":0.00597,"29":0.00597,"30":null,"31":0.01791,"32":null,"33":0.00597,"34":0.01791,"35":0.01791,"36":0.02985,"37":0.01194,"38":0.05373,"39":0.01791,"40":0.01791,"41":0.04179,"42":0.02388,"43":0.08358,"44":0.02985,"45":0.31641,"46":0.05373,"47":0.24477,"48":0.36417,"49":0.11343,"50":5.65359,"51":0.72237,"52":0.01194,"53":null,"54":null},"opera":{"9":null,"9.5-9.6":null,"10.0-10.1":0,"10.5":null,"10.6":null,"11":null,"11.1":null,"11.5":null,"11.6":null,"12":null,"12.1":0.01791,"15":null,"16":null,"17":null,"18":null,"19":null,"20":null,"21":null,"22":null,"23":null,"24":null,"25":null,"26":null,"27":null,"28":0.00597,"29":null,"30":null,"31":null,"32":null,"33":null,"34":null,"35":null,"36":0.01791,"37":null,"38":0.06567,"39":null,"40":null,"41":null,"42":0.19701,"43":null,"44":null},"safari":{"3.1":null,"3.2":null,"4":0.02388,"5":0.0597,"5.1":0.15522,"6":0.01194,"6.1":0.13134,"7":0.04776,"7.1":0.03582,"8":0.21492,"9":0.26865,"9.1":1.58205,"10":3.59394,"10.1":null,"0":null},"ios_saf":{"3.2":0,"4.0-4.1":0,"4.2-4.3":0,"5.0-5.1":0,"6.0-6.1":0.0864640247678,"7.0-7.1":0.406380916409,"8":0,"8.1-8.4":0.488521739938,"9.0-9.2":0.220483263158,"9.3":1.89788534365,"10.0-10.2":17.1479777121},"android":{"2.1":0,"2.2":0,"2.3":0,"3":0,"4":0.0137681979983,"4.1":0.0445269382071,"4.2-4.3":0.135631397302,"4.4":0.307294461706,"4.4.3-4.4.4":0.171956004787,"53":null},"op_mob":{"10":0,"11":0,"11.1":0,"11.5":0,"12":0,"12.1":0,"0":0.00111776637555},"ie":{"5.5":null,"6":0.018190208605,"7":0.018190208605,"8":0.897383624511,"9":0.278916531943,"10":0.309233546284,"11":7.77328247718},"edge":{"12":0.04179,"13":0.28059,"14":3.36708,"15":null},"bb":{"7":0.278139,"10":null},"ie_mob":{"10":0.0169067184466,"11":0.0798372815534},"and_ff":{"0":0.052403},"samsung":{"0":3.539218},"and_uc":{"0":0.270077},"op_mini":{"0":0.510819233624},"and_chr":{"0":13.891644}},"total":98.0191985971}