{"id":"CD","name":"Congo, Democratic Republic of the","month":"2017-01","access_date":"2017-02-02","data":{"chrome":{"4":null,"5":null,"6":null,"7":0.002848,"8":null,"9":null,"10":0.001424,"11":0.055536,"12":0.004272,"13":0.000712,"14":0.001424,"15":null,"16":0.002136,"17":null,"18":0.002136,"19":0.000712,"20":null,"21":0.002848,"22":null,"23":0.00712,"24":0.001424,"25":0.00356,"26":0.014952,"27":0.009968,"28":0.002848,"29":0.0178,"30":0.00356,"31":0.014952,"32":0.02492,"33":0.015664,"34":null,"35":0.001424,"36":0.089,"37":null,"38":0.004272,"39":0.004984,"40":0.00356,"41":0.000712,"42":0.001424,"43":0.066928,"44":0.001424,"45":0.033464,"46":0.005696,"47":0.008544,"48":0.004984,"49":0.098256,"50":0.017088,"51":0.038448,"52":0.022072,"53":0.061232,"54":0.122464,"55":2.086872,"56":0.039872,"57":0.016376,"58":null,"59":null},"firefox":{"2":null,"3":0.072624,"3.5":0.004272,"3.6":0.013528,"4":0.005696,"5":0.002848,"6":0.007832,"7":0.004984,"8":0.002136,"9":0.004272,"10":0.004984,"11":0.006408,"12":0.009256,"13":0.002136,"14":0.002848,"15":0.00356,"16":0.006408,"17":0.00356,"18":0.002848,"19":0.007832,"20":0.007832,"21":0.006408,"22":0.00356,"23":0.009256,"24":0.004272,"25":0.002848,"26":0.004984,"27":0.006408,"28":0.009256,"29":0.020648,"30":0.018512,"31":0.009256,"32":0.043432,"33":0.00712,"34":0.004984,"35":0.006408,"36":0.004984,"37":0.009256,"38":0.013528,"39":0.0178,"40":0.016376,"41":0.01068,"42":0.005696,"43":0.084016,"44":0.031328,"45":0.022784,"46":0.024208,"47":0.141688,"48":0.069064,"49":0.074048,"50":1.12852,"51":0.123888,"52":0.011392,"53":0.001424,"54":null},"opera":{"9":null,"9.5-9.6":null,"10.0-10.1":0,"10.5":null,"10.6":0.007832,"11":0.004272,"11.1":0.001424,"11.5":0.00712,"11.6":0.01424,"12":0.002848,"12.1":0.014952,"15":0.011392,"16":0.002136,"17":0.002136,"18":0.006408,"19":0.000712,"20":0.008544,"21":0.00356,"22":0.017088,"23":null,"24":null,"25":null,"26":null,"27":0.002136,"28":0.002136,"29":0.005696,"30":0.006408,"31":0.001424,"32":0.005696,"33":0.00356,"34":0.015664,"35":0.008544,"36":0.013528,"37":0.038448,"38":0.007832,"39":0.005696,"40":0.004272,"41":0.043432,"42":0.36668,"43":0.000712,"44":null},"safari":{"3.1":null,"3.2":null,"4":0.001424,"5":null,"5.1":0.00356,"6":0.002136,"6.1":0.002136,"7":0.002848,"7.1":0.001424,"8":0.008544,"9":0.019224,"9.1":0.045568,"10":0.109648,"10.1":null,"0":null},"ios_saf":{"3.2":0,"4.0-4.1":0,"4.2-4.3":0,"5.0-5.1":0,"6.0-6.1":0.00380761396392,"7.0-7.1":0.0178957856304,"8":0,"8.1-8.4":0.0215130188961,"9.0-9.2":0.00970941560799,"9.3":0.083577126508,"10.0-10.2":0.755145039394},"android":{"2.1":0,"2.2":0,"2.3":0,"3":0,"4":0.11264832376,"4.1":0.364309472585,"4.2-4.3":1.10970582768,"4.4":2.5142147154,"4.4.3-4.4.4":1.40690566057,"53":null},"op_mob":{"10":0,"11":0,"11.1":0,"11.5":0,"12":0,"12.1":0,"0":0.143355615721},"ie":{"5.5":null,"6":0.00143087092883,"7":0.00429261278649,"8":0.120193158022,"9":0.0200321930036,"10":0.102307271411,"11":0.336254668275},"edge":{"12":0.111072,"13":0.04272,"14":0.087576,"15":null},"bb":{"7":0.083592,"10":null},"ie_mob":{"10":0.241848699029,"11":1.14206330097},"and_ff":{"0":0.055728},"samsung":{"0":1.513944},"and_uc":{"0":9.743112},"op_mini":{"0":65.5135163843},"and_chr":{"0":7.285232}},"total":98.8245507744}