{"id":"CF","name":"Central African Republic","month":"2017-01","access_date":"2017-02-02","data":{"chrome":{"4":null,"5":null,"6":null,"7":null,"8":0.008164,"9":0.04082,"10":null,"11":0.06123,"12":0.048984,"13":null,"14":null,"15":null,"16":0.012246,"17":null,"18":null,"19":null,"20":null,"21":null,"22":null,"23":0.012246,"24":null,"25":0.004082,"26":null,"27":null,"28":0.51025,"29":0.151034,"30":null,"31":null,"32":null,"33":null,"34":null,"35":null,"36":null,"37":null,"38":null,"39":null,"40":0.004082,"41":null,"42":null,"43":0.881712,"44":null,"45":0.134706,"46":null,"47":0.004082,"48":null,"49":0.273494,"50":0.004082,"51":0.395954,"52":0.032656,"53":0.065312,"54":0.126542,"55":14.0829,"56":0.044902,"57":0.012246,"58":null,"59":null},"firefox":{"2":null,"3":0.028574,"3.5":0.06123,"3.6":0.032656,"4":0.02041,"5":null,"6":0.016328,"7":null,"8":0.016328,"9":null,"10":null,"11":0.016328,"12":0.048984,"13":0.130624,"14":0.012246,"15":0.016328,"16":0.012246,"17":0.04082,"18":0.069394,"19":0.016328,"20":0.048984,"21":0.342888,"22":0.065312,"23":null,"24":0.008164,"25":0.048984,"26":null,"27":0.008164,"28":0.048984,"29":0.077558,"30":0.118378,"31":0.138788,"32":0.08164,"33":0.10205,"34":0.32656,"35":0.126542,"36":0.024492,"37":0.012246,"38":0.126542,"39":0.032656,"40":0.048984,"41":0.257166,"42":0.016328,"43":0.526578,"44":0.2041,"45":0.963352,"46":0.106132,"47":1.085812,"48":0.355134,"49":0.514332,"50":9.192664,"51":0.893958,"52":0.012246,"53":null,"54":null},"opera":{"9":null,"9.5-9.6":null,"10.0-10.1":0,"10.5":null,"10.6":null,"11":0.008164,"11.1":null,"11.5":null,"11.6":null,"12":0.012246,"12.1":0.024492,"15":0.024492,"16":null,"17":null,"18":null,"19":0.004082,"20":null,"21":null,"22":null,"23":null,"24":null,"25":0.008164,"26":null,"27":null,"28":null,"29":0.016328,"30":null,"31":null,"32":0.04082,"33":null,"34":null,"35":0.114296,"36":0.106132,"37":null,"38":0.028574,"39":null,"40":0.004082,"41":0.012246,"42":0.473512,"43":0.012246,"44":null},"safari":{"3.1":null,"3.2":null,"4":0,"5":null,"5.1":null,"6":null,"6.1":null,"7":0.028574,"7.1":null,"8":0.016328,"9":null,"9.1":0.097968,"10":1.118468,"10.1":null,"0":null},"ios_saf":{"3.2":0,"4.0-4.1":0,"4.2-4.3":0,"5.0-5.1":0,"6.0-6.1":0.0117260681115,"7.0-7.1":0.0551125201238,"8":0,"8.1-8.4":0.0662522848297,"9.0-9.2":0.0299014736842,"9.3":0.257387195046,"10.0-10.2":2.3255724582},"android":{"2.1":0,"2.2":0,"2.3":0,"3":0,"4":0.0948940226284,"4.1":0.306891307224,"4.2-4.3":0.934807073977,"4.4":2.11795382419,"4.4.3-4.4.4":1.18516577198,"53":null},"op_mob":{"10":0,"11":0,"11.1":0,"11.5":0,"12":0,"12.1":0,"0":0.0156219694323},"ie":{"5.5":null,"6":null,"7":0.028574,"8":0.522496,"9":0.057148,"10":0.289822,"11":2.232854},"edge":{"12":0.302068,"13":0.171444,"14":0.18369,"15":null},"bb":{"7":0.023672,"10":null},"ie_mob":{"10":0.757044349515,"11":3.57493165049},"and_ff":{"0":0.171622},"samsung":{"0":1.591942},"and_uc":{"0":8.302954},"op_mini":{"0":7.13924003057},"and_chr":{"0":31.22173}},"total":99.49}