{"id":"CG","name":"Congo, Republic of the","month":"2017-01","access_date":"2017-02-02","data":{"chrome":{"4":0.002218,"5":null,"6":null,"7":null,"8":null,"9":null,"10":0.01109,"11":0.062104,"12":null,"13":null,"14":0.002218,"15":0.006654,"16":0.002218,"17":0.002218,"18":null,"19":0.015526,"20":null,"21":0.004436,"22":0.03327,"23":0.006654,"24":null,"25":0.004436,"26":0.01109,"27":0.008872,"28":0.002218,"29":0.006654,"30":0.006654,"31":0.053232,"32":0.031052,"33":0.008872,"34":0.013308,"35":0.004436,"36":0.026616,"37":0.02218,"38":0.006654,"39":0.008872,"40":0.006654,"41":0.01109,"42":0.006654,"43":0.12199,"44":0.015526,"45":0.106464,"46":0.008872,"47":0.026616,"48":0.019962,"49":0.279468,"50":0.035488,"51":0.051014,"52":0.05545,"53":0.208492,"54":0.128644,"55":7.210718,"56":0.07763,"57":0.035488,"58":null,"59":null},"firefox":{"2":null,"3":0.448036,"3.5":0.013308,"3.6":0.024398,"4":0.02218,"5":0.002218,"6":0.002218,"7":null,"8":null,"9":null,"10":0.004436,"11":0.073194,"12":0.026616,"13":0.015526,"14":0.057668,"15":0.004436,"16":0.01109,"17":0.026616,"18":0.09981,"19":0.006654,"20":0.084284,"21":0.006654,"22":0.004436,"23":0.004436,"24":0.006654,"25":0.006654,"26":0.004436,"27":0.006654,"28":null,"29":0.024398,"30":0.013308,"31":0.008872,"32":0.013308,"33":0.019962,"34":0.01109,"35":0.037706,"36":0.01109,"37":0.059886,"38":0.095374,"39":0.024398,"40":0.028834,"41":0.035488,"42":0.048796,"43":0.204056,"44":0.124208,"45":0.090938,"46":0.042142,"47":0.43251,"48":0.208492,"49":0.161914,"50":4.906216,"51":0.485742,"52":0.042142,"53":0.004436,"54":null},"opera":{"9":null,"9.5-9.6":null,"10.0-10.1":0,"10.5":null,"10.6":null,"11":0.008872,"11.1":null,"11.5":0.024398,"11.6":0.008872,"12":0.006654,"12.1":0.07763,"15":null,"16":null,"17":0.002218,"18":0.004436,"19":null,"20":0.008872,"21":null,"22":0.024398,"23":null,"24":0.01109,"25":0.008872,"26":null,"27":null,"28":0.013308,"29":null,"30":0.002218,"31":null,"32":0.004436,"33":0.004436,"34":0.006654,"35":null,"36":0.024398,"37":0.037706,"38":0.004436,"39":0.006654,"40":0.02218,"41":0.237326,"42":0.392586,"43":null,"44":null},"safari":{"3.1":null,"3.2":null,"4":0.002218,"5":0.004436,"5.1":0.008872,"6":0.02218,"6.1":0.015526,"7":0.004436,"7.1":0.017744,"8":0.09981,"9":0.04436,"9.1":0.19962,"10":0.372624,"10.1":null,"0":null},"ios_saf":{"3.2":0,"4.0-4.1":0,"4.2-4.3":0,"5.0-5.1":0,"6.0-6.1":0.00767648980463,"7.0-7.1":0.0360795020818,"8":0,"8.1-8.4":0.0433721673962,"9.0-9.2":0.0195750490018,"9.3":0.168498951212,"10.0-10.2":1.5224398405},"android":{"2.1":0,"2.2":0,"2.3":0,"3":0,"4":0.149453005222,"4.1":0.48333737859,"4.2-4.3":1.47227109399,"4.4":3.33566388251,"4.4.3-4.4.4":1.86657263969,"53":null},"op_mob":{"10":0,"11":0,"11.1":0,"11.5":0,"12":0,"12.1":0,"0":0.0663169126638},"ie":{"5.5":null,"6":0.0067418996037,"7":0.0157310990753,"8":0.366309878468,"9":0.0629243963012,"10":0.177536689564,"11":1.06746743725},"edge":{"12":0.16635,"13":0.084284,"14":0.192966,"15":null},"bb":{"7":0.2276235,"10":null},"ie_mob":{"10":0.0911173980583,"11":0.430276601942},"and_ff":{"0":0.031128},"samsung":{"0":2.76261},"and_uc":{"0":18.007548},"op_mini":{"0":30.3068290873},"and_chr":{"0":15.754052}},"total":97.5251189003}