{"id":"CH","name":"Switzerland","month":"2017-01","access_date":"2017-02-02","data":{"chrome":{"4":null,"5":null,"6":null,"7":null,"8":null,"9":null,"10":null,"11":0.005695,"12":null,"13":null,"14":null,"15":null,"16":null,"17":null,"18":null,"19":null,"20":null,"21":null,"22":0.028475,"23":null,"24":null,"25":null,"26":0.01139,"27":null,"28":null,"29":0.005695,"30":null,"31":0.01139,"32":0.039865,"33":0.01139,"34":0.02278,"35":0.05695,"36":0.108205,"37":0.01139,"38":0.039865,"39":0.05695,"40":0.01139,"41":0.04556,"42":0.03417,"43":0.062645,"44":0.03417,"45":0.05695,"46":0.04556,"47":0.07973,"48":0.051255,"49":0.700485,"50":0.05695,"51":0.301835,"52":0.09112,"53":0.17085,"54":0.33031,"55":15.67264,"56":0.25058,"57":0.028475,"58":null,"59":null},"firefox":{"2":null,"3":null,"3.5":null,"3.6":0.01139,"4":null,"5":null,"6":null,"7":null,"8":null,"9":null,"10":null,"11":null,"12":0.005695,"13":null,"14":null,"15":null,"16":0.02278,"17":null,"18":null,"19":null,"20":null,"21":null,"22":null,"23":null,"24":0.005695,"25":null,"26":null,"27":0.005695,"28":0.005695,"29":0.01139,"30":0.005695,"31":0.051255,"32":null,"33":0.017085,"34":0.01139,"35":0.02278,"36":0.017085,"37":0.017085,"38":0.09112,"39":0.039865,"40":0.028475,"41":0.062645,"42":0.06834,"43":0.07973,"44":0.03417,"45":0.461295,"46":0.062645,"47":0.233495,"48":0.506855,"49":0.25058,"50":8.81586,"51":1.05927,"52":0.017085,"53":null,"54":null},"opera":{"9":null,"9.5-9.6":null,"10.0-10.1":0,"10.5":null,"10.6":null,"11":null,"11.1":null,"11.5":null,"11.6":null,"12":null,"12.1":0.06834,"15":null,"16":null,"17":null,"18":null,"19":null,"20":null,"21":null,"22":null,"23":null,"24":null,"25":null,"26":null,"27":null,"28":null,"29":null,"30":null,"31":null,"32":null,"33":null,"34":null,"35":null,"36":0.017085,"37":null,"38":0.028475,"39":null,"40":0.005695,"41":0.005695,"42":0.358785,"43":null,"44":null},"safari":{"3.1":null,"3.2":null,"4":0.017085,"5":0.09112,"5.1":0.244885,"6":0.028475,"6.1":0.199325,"7":0.05695,"7.1":0.017085,"8":0.290445,"9":0.358785,"9.1":1.623075,"10":5.60388,"10.1":null,"0":null},"ios_saf":{"3.2":0,"4.0-4.1":0,"4.2-4.3":0,"5.0-5.1":0,"6.0-6.1":0.100044026903,"7.0-7.1":0.470206926444,"8":0,"8.1-8.4":0.565248752002,"9.0-9.2":0.255112268603,"9.3":2.19596639052,"10.0-10.2":19.8412316355},"android":{"2.1":0,"2.2":0,"2.3":0,"3":0,"4":0.0111821344648,"4.1":0.0361634986945,"4.2-4.3":0.110155920366,"4.4":0.249575724543,"4.4.3-4.4.4":0.139657721932,"53":null},"op_mob":{"10":0,"11":0,"11.1":0,"11.5":0,"12":0,"12.1":0,"0":0.000244388646288},"ie":{"5.5":null,"6":0.00570559042306,"7":0.0114111808461,"8":0.142639760576,"9":0.199695664807,"10":0.245340388192,"11":11.6679324152},"edge":{"12":0.062645,"13":0.347395,"14":3.62202,"15":null},"bb":{"7":0.01399125,"10":null},"ie_mob":{"10":0.0556724271845,"11":0.262897572816},"and_ff":{"0":0.06888},"samsung":{"0":5.144475},"and_uc":{"0":0.107625},"op_mini":{"0":0.111685611354},"and_chr":{"0":11.19358}},"total":96.71042625}