{"id":"CI","name":"Cote d'Ivoire","month":"2017-01","access_date":"2017-02-02","data":{"chrome":{"4":0.007086,"5":0.007086,"6":null,"7":null,"8":0.007086,"9":0.021258,"10":0.010629,"11":0.077946,"12":0.046059,"13":0.028344,"14":0.010629,"15":0.010629,"16":0.085032,"17":0.014172,"18":0.021258,"19":0.007086,"20":0.007086,"21":0.010629,"22":0.003543,"23":0.017715,"24":0.007086,"25":0.017715,"26":0.099204,"27":0.07086,"28":0.067317,"29":0.081489,"30":0.060231,"31":0.145263,"32":0.138177,"33":0.088575,"34":0.014172,"35":0.03543,"36":0.31887,"37":0.014172,"38":0.038973,"39":0.028344,"40":0.038973,"41":0.024801,"42":0.03543,"43":0.46059,"44":0.056688,"45":0.063774,"46":0.116919,"47":0.046059,"48":0.063774,"49":3.766209,"50":0.134634,"51":0.127548,"52":0.127548,"53":0.403902,"54":0.336585,"55":14.873514,"56":0.251553,"57":0.03543,"58":0.007086,"59":null},"firefox":{"2":0.003543,"3":0.021258,"3.5":0.003543,"3.6":0.024801,"4":0.007086,"5":null,"6":null,"7":null,"8":null,"9":null,"10":0.007086,"11":0.007086,"12":0.028344,"13":null,"14":0.003543,"15":0.010629,"16":0.014172,"17":null,"18":0.007086,"19":0.017715,"20":0.010629,"21":0.007086,"22":0.014172,"23":0.007086,"24":0.014172,"25":0.007086,"26":0.031887,"27":0.010629,"28":0.003543,"29":0.017715,"30":0.042516,"31":0.053145,"32":0.017715,"33":0.049602,"34":0.024801,"35":0.028344,"36":0.021258,"37":0.024801,"38":0.03543,"39":0.031887,"40":0.060231,"41":0.056688,"42":0.046059,"43":0.294069,"44":0.07086,"45":0.085032,"46":0.053145,"47":0.517278,"48":0.272811,"49":0.272811,"50":4.651959,"51":0.620025,"52":0.049602,"53":null,"54":null},"opera":{"9":null,"9.5-9.6":null,"10.0-10.1":0,"10.5":null,"10.6":null,"11":null,"11.1":null,"11.5":null,"11.6":null,"12":null,"12.1":0.007086,"15":null,"16":0.010629,"17":null,"18":null,"19":null,"20":null,"21":null,"22":null,"23":null,"24":null,"25":null,"26":null,"27":null,"28":null,"29":null,"30":0.003543,"31":null,"32":null,"33":null,"34":0.014172,"35":0.003543,"36":0.053145,"37":0.031887,"38":0.007086,"39":0.010629,"40":0.014172,"41":0.017715,"42":0.598767,"43":null,"44":null},"safari":{"3.1":null,"3.2":null,"4":0,"5":0.014172,"5.1":0.028344,"6":0.007086,"6.1":0.03543,"7":0.046059,"7.1":0.007086,"8":0.056688,"9":0.085032,"9.1":0.170064,"10":0.382644,"10.1":null,"0":null},"ios_saf":{"3.2":0,"4.0-4.1":0,"4.2-4.3":0,"5.0-5.1":0,"6.0-6.1":0.00548710579695,"7.0-7.1":0.0257893972456,"8":0,"8.1-8.4":0.0310021477527,"9.0-9.2":0.0139921197822,"9.3":0.120441972243,"10.0-10.2":1.08823025718},"android":{"2.1":0,"2.2":0,"2.3":0,"3":0,"4":0.142231019582,"4.1":0.459981169713,"4.2-4.3":1.40112685248,"4.4":3.1744753094,"4.4.3-4.4.4":1.77637464883,"53":null},"op_mob":{"10":0,"11":0,"11.1":0,"11.5":0,"12":0,"12.1":0,"0":0.0504858449782},"ie":{"5.5":null,"6":0.0072207148289,"7":0.0072207148289,"8":0.12997286692,"9":0.0216621444867,"10":0.072207148289,"11":0.711240410646},"edge":{"12":0.102747,"13":0.109833,"14":0.31887,"15":null},"bb":{"7":0.05972725,"10":null},"ie_mob":{"10":0.170389572816,"11":0.804617427184},"and_ff":{"0":0.6457},"samsung":{"0":1.736933},"and_uc":{"0":5.255998},"op_mini":{"0":23.072031155},"and_chr":{"0":23.690872}},"total":97.06197325}