{"id":"CK","name":"Cook Islands","month":"2017-01","access_date":"2017-02-02","data":{"chrome":{"4":null,"5":null,"6":null,"7":null,"8":null,"9":0.01019,"10":null,"11":0.025475,"12":null,"13":null,"14":null,"15":null,"16":null,"17":null,"18":null,"19":null,"20":null,"21":null,"22":null,"23":null,"24":null,"25":null,"26":0.045855,"27":null,"28":0.01019,"29":null,"30":null,"31":null,"32":null,"33":null,"34":0.066235,"35":null,"36":null,"37":null,"38":null,"39":0.015285,"40":null,"41":0.02038,"42":null,"43":0.02038,"44":0.066235,"45":null,"46":null,"47":0.01019,"48":0.36684,"49":1.49793,"50":null,"51":0.06114,"52":0.18342,"53":0.41779,"54":0.4076,"55":16.074725,"56":0.05095,"57":0.015285,"58":null,"59":null},"firefox":{"2":0.015285,"3":null,"3.5":null,"3.6":null,"4":null,"5":null,"6":null,"7":null,"8":null,"9":null,"10":null,"11":null,"12":null,"13":null,"14":0.01019,"15":null,"16":null,"17":null,"18":null,"19":null,"20":null,"21":null,"22":null,"23":null,"24":null,"25":null,"26":null,"27":null,"28":0.127375,"29":0.076425,"30":0.01019,"31":0.005095,"32":null,"33":null,"34":null,"35":null,"36":null,"37":0.03057,"38":0.045855,"39":null,"40":0.005095,"41":null,"42":null,"43":0.03057,"44":0.32608,"45":0.035665,"46":null,"47":0.13247,"48":0.14266,"49":0.1019,"50":3.4646,"51":0.49931,"52":0.035665,"53":null,"54":null},"opera":{"9":null,"9.5-9.6":null,"10.0-10.1":0,"10.5":null,"10.6":null,"11":null,"11.1":null,"11.5":null,"11.6":null,"12":0.015285,"12.1":null,"15":null,"16":null,"17":null,"18":null,"19":null,"20":null,"21":null,"22":null,"23":null,"24":null,"25":null,"26":null,"27":null,"28":0.02038,"29":null,"30":null,"31":null,"32":null,"33":null,"34":null,"35":null,"36":0.03057,"37":null,"38":null,"39":null,"40":null,"41":null,"42":0.01019,"43":null,"44":null},"safari":{"3.1":null,"3.2":null,"4":0,"5":null,"5.1":0.01019,"6":0.01019,"6.1":0.03057,"7":null,"7.1":null,"8":0.07133,"9":0.056045,"9.1":0.36684,"10":1.24318,"10.1":null,"0":null},"ios_saf":{"3.2":0,"4.0-4.1":0,"4.2-4.3":0,"5.0-5.1":0,"6.0-6.1":0.0532653571047,"7.0-7.1":0.250347178392,"8":0,"8.1-8.4":0.300949267642,"9.0-9.2":0.135826660617,"9.3":1.16917458845,"10.0-10.2":10.5638519478},"android":{"2.1":0,"2.2":0,"2.3":0,"3":0,"4":0.0223713250653,"4.1":0.0723498172324,"4.2-4.3":0.220381351175,"4.4":0.499308936031,"4.4.3-4.4.4":0.279403570496,"53":null},"op_mob":{"10":0,"11":0,"11.1":0,"11.5":0,"12":0,"12.1":0,"0":0.000428384279476},"ie":{"5.5":null,"6":null,"7":null,"8":10.419275,"9":0.086615,"10":0.06114,"11":7.42851},"edge":{"12":0.086615,"13":0.43817,"14":0.881435,"15":null},"bb":{"7":0,"10":null},"ie_mob":{"10":0.0822897087379,"11":0.388590291262},"and_ff":{"0":null},"samsung":{"0":8.99577},"and_uc":{"0":0.701415},"op_mini":{"0":0.195771615721},"and_chr":{"0":25.489905}},"total":95.149025}