{"id":"CL","name":"Chile","month":"2017-01","access_date":"2017-02-02","data":{"chrome":{"4":null,"5":null,"6":null,"7":null,"8":null,"9":null,"10":null,"11":0.010398,"12":null,"13":null,"14":null,"15":null,"16":null,"17":null,"18":0.015597,"19":null,"20":null,"21":0.005199,"22":0.046791,"23":null,"24":null,"25":null,"26":0.025995,"27":null,"28":null,"29":0.005199,"30":null,"31":0.025995,"32":0.057189,"33":0.005199,"34":0.036393,"35":0.062388,"36":0.348333,"37":0.020796,"38":0.05199,"39":0.031194,"40":0.015597,"41":0.020796,"42":0.010398,"43":0.083184,"44":0.041592,"45":0.031194,"46":0.057189,"47":0.083184,"48":0.057189,"49":1.757262,"50":0.072786,"51":0.348333,"52":0.166368,"53":0.249552,"54":0.452313,"55":34.848897,"56":0.452313,"57":0.031194,"58":null,"59":null},"firefox":{"2":null,"3":null,"3.5":null,"3.6":0.005199,"4":null,"5":null,"6":null,"7":null,"8":null,"9":null,"10":null,"11":null,"12":null,"13":null,"14":null,"15":null,"16":0.005199,"17":null,"18":null,"19":null,"20":null,"21":null,"22":null,"23":null,"24":null,"25":null,"26":null,"27":null,"28":null,"29":null,"30":null,"31":null,"32":null,"33":0.015597,"34":0.010398,"35":null,"36":null,"37":0.010398,"38":0.020796,"39":0.020796,"40":0.020796,"41":0.020796,"42":0.015597,"43":0.036393,"44":0.010398,"45":0.088383,"46":0.015597,"47":0.124776,"48":0.181965,"49":0.072786,"50":3.457335,"51":0.379527,"52":0.010398,"53":null,"54":null},"opera":{"9":null,"9.5-9.6":null,"10.0-10.1":0,"10.5":null,"10.6":null,"11":null,"11.1":null,"11.5":null,"11.6":null,"12":null,"12.1":0.015597,"15":null,"16":null,"17":null,"18":null,"19":null,"20":null,"21":null,"22":null,"23":null,"24":null,"25":null,"26":null,"27":null,"28":null,"29":null,"30":null,"31":null,"32":null,"33":null,"34":null,"35":null,"36":0.015597,"37":null,"38":0.015597,"39":null,"40":null,"41":0.010398,"42":0.452313,"43":0.005199,"44":null},"safari":{"3.1":null,"3.2":null,"4":0,"5":0.015597,"5.1":0.031194,"6":0.010398,"6.1":0.031194,"7":0.015597,"7.1":0.005199,"8":0.129975,"9":0.140373,"9.1":0.499104,"10":1.330944,"10.1":null,"0":null},"ios_saf":{"3.2":0,"4.0-4.1":0,"4.2-4.3":0,"5.0-5.1":0,"6.0-6.1":0.0322902743675,"7.0-7.1":0.151764289527,"8":0,"8.1-8.4":0.182440050176,"9.0-9.2":0.082340199637,"9.3":0.708771522366,"10.0-10.2":6.40396866393},"android":{"2.1":0,"2.2":0,"2.3":0,"3":0,"4":0.042321086597,"4.1":0.136868194952,"4.2-4.3":0.416907725413,"4.4":0.9445706349,"4.4.3-4.4.4":0.528563358138,"53":null},"op_mob":{"10":0,"11":0,"11.1":0,"11.5":0,"12":0,"12.1":0,"0":0.00067088209607},"ie":{"5.5":null,"6":0.0159436,"7":0.00531453333333,"8":0.1913232,"9":0.233839466667,"10":0.116919733333,"11":1.34989146667},"edge":{"12":0.05199,"13":0.166368,"14":0.712263,"15":null},"bb":{"7":0.00600125,"10":null},"ie_mob":{"10":0.0553746407767,"11":0.261491359223},"and_ff":{"0":0.019204},"samsung":{"0":1.445101},"and_uc":{"0":0.086418},"op_mini":{"0":0.306593117904},"and_chr":{"0":37.126106}},"total":98.55702225}