{"id":"CM","name":"Cameroon","month":"2017-01","access_date":"2017-02-02","data":{"chrome":{"4":0.008016,"5":0.005344,"6":null,"7":0.008016,"8":0.005344,"9":null,"10":0.002672,"11":0.048096,"12":0.01336,"13":0.008016,"14":null,"15":0.002672,"16":0.010688,"17":0.005344,"18":0.002672,"19":0.005344,"20":null,"21":0.008016,"22":0.005344,"23":0.010688,"24":null,"25":0.024048,"26":0.010688,"27":0.01336,"28":0.018704,"29":0.034736,"30":0.181696,"31":0.024048,"32":0.08016,"33":0.016032,"34":0.002672,"35":0.032064,"36":0.117568,"37":0.002672,"38":0.005344,"39":0.018704,"40":0.024048,"41":0.002672,"42":0.01336,"43":0.16032,"44":0.008016,"45":0.048096,"46":0.032064,"47":0.010688,"48":0.021376,"49":0.56112,"50":0.042752,"51":0.136272,"52":0.064128,"53":0.275216,"54":0.181696,"55":6.904448,"56":0.141616,"57":0.034736,"58":null,"59":null},"firefox":{"2":0.010688,"3":0.16032,"3.5":0.018704,"3.6":0.029392,"4":0.008016,"5":0.010688,"6":0.002672,"7":0.005344,"8":0.005344,"9":null,"10":0.01336,"11":0.042752,"12":0.029392,"13":0.016032,"14":0.024048,"15":0.01336,"16":0.021376,"17":0.018704,"18":0.018704,"19":0.016032,"20":0.034736,"21":0.024048,"22":0.024048,"23":0.01336,"24":0.02672,"25":0.045424,"26":0.034736,"27":0.024048,"28":0.048096,"29":0.05344,"30":0.096192,"31":0.141616,"32":0.02672,"33":0.04008,"34":0.050768,"35":0.064128,"36":0.048096,"37":0.077488,"38":0.098864,"39":0.09352,"40":0.101536,"41":0.128256,"42":0.0668,"43":0.705408,"44":0.229792,"45":0.232464,"46":0.117568,"47":0.718768,"48":0.435536,"49":0.478288,"50":6.308592,"51":0.85504,"52":0.085504,"53":0.002672,"54":null},"opera":{"9":null,"9.5-9.6":null,"10.0-10.1":0,"10.5":null,"10.6":null,"11":null,"11.1":null,"11.5":0.005344,"11.6":0.008016,"12":null,"12.1":0.010688,"15":null,"16":null,"17":null,"18":null,"19":0.008016,"20":null,"21":0.002672,"22":0.005344,"23":null,"24":null,"25":null,"26":null,"27":null,"28":0.005344,"29":0.01336,"30":0.016032,"31":0.002672,"32":0.005344,"33":0.005344,"34":0.01336,"35":0.01336,"36":0.045424,"37":0.04008,"38":0.024048,"39":0.016032,"40":0.01336,"41":0.021376,"42":0.408816,"43":null,"44":null},"safari":{"3.1":null,"3.2":null,"4":0,"5":0.005344,"5.1":0.010688,"6":0.008016,"6.1":null,"7":0.002672,"7.1":0.005344,"8":0.024048,"9":0.029392,"9.1":0.042752,"10":0.14696,"10.1":null,"0":null},"ios_saf":{"3.2":0,"4.0-4.1":0,"4.2-4.3":0,"5.0-5.1":0,"6.0-6.1":0.00494426817551,"7.0-7.1":0.0232380604249,"8":0,"8.1-8.4":0.0279351151916,"9.0-9.2":0.0126078838475,"9.3":0.108526686452,"10.0-10.2":0.980571985908},"android":{"2.1":0,"2.2":0,"2.3":0,"3":0,"4":0.160367763272,"4.1":0.518636170583,"4.2-4.3":1.57979307224,"4.4":3.57927199304,"4.4.3-4.4.4":2.00289100087,"53":null},"op_mob":{"10":0,"11":0,"11.1":0,"11.5":0,"12":0,"12.1":0,"0":0.044512},"ie":{"5.5":null,"6":0.0054216744186,"7":0.027108372093,"8":0.19518027907,"9":0.0298192093023,"10":0.0759034418605,"11":0.599095023256},"edge":{"12":0.088176,"13":0.112224,"14":0.22712,"15":null},"bb":{"7":0.067784,"10":null},"ie_mob":{"10":0.21386376699,"11":1.00991223301},"and_ff":{"0":0.161216},"samsung":{"0":1.157824},"and_uc":{"0":18.107488},"op_mini":{"0":20.341984},"and_chr":{"0":23.594544}},"total":97.40924}