{"id":"CO","name":"Colombia","month":"2017-01","access_date":"2017-02-02","data":{"chrome":{"4":null,"5":null,"6":null,"7":null,"8":null,"9":null,"10":null,"11":0.018072,"12":null,"13":null,"14":null,"15":null,"16":null,"17":null,"18":0.012048,"19":null,"20":null,"21":0.006024,"22":0.09036,"23":null,"24":null,"25":null,"26":0.036144,"27":0.006024,"28":null,"29":0.012048,"30":0.012048,"31":0.036144,"32":0.066264,"33":0.006024,"34":0.036144,"35":0.078312,"36":0.253008,"37":0.018072,"38":0.048192,"39":0.042168,"40":0.024096,"41":0.024096,"42":0.024096,"43":0.096384,"44":0.084336,"45":0.06024,"46":0.09036,"47":0.084336,"48":0.084336,"49":1.47588,"50":0.132528,"51":0.656616,"52":0.313248,"53":0.439752,"54":0.765048,"55":43.541472,"56":0.72288,"57":0.03012,"58":null,"59":null},"firefox":{"2":null,"3":0.03012,"3.5":null,"3.6":0.012048,"4":null,"5":null,"6":null,"7":null,"8":null,"9":null,"10":null,"11":null,"12":null,"13":null,"14":null,"15":null,"16":0.006024,"17":null,"18":null,"19":null,"20":null,"21":null,"22":null,"23":null,"24":null,"25":null,"26":null,"27":null,"28":0.006024,"29":null,"30":null,"31":0.006024,"32":null,"33":0.006024,"34":0.006024,"35":null,"36":null,"37":0.012048,"38":0.024096,"39":0.012048,"40":0.024096,"41":0.012048,"42":0.012048,"43":0.048192,"44":0.012048,"45":0.078312,"46":0.03012,"47":0.18072,"48":0.144576,"49":0.072288,"50":2.445744,"51":0.33132,"52":0.006024,"53":null,"54":null},"opera":{"9":null,"9.5-9.6":null,"10.0-10.1":0,"10.5":null,"10.6":null,"11":null,"11.1":null,"11.5":null,"11.6":null,"12":null,"12.1":0.012048,"15":null,"16":null,"17":null,"18":null,"19":null,"20":null,"21":null,"22":null,"23":null,"24":null,"25":null,"26":null,"27":null,"28":null,"29":null,"30":null,"31":null,"32":null,"33":null,"34":null,"35":null,"36":null,"37":null,"38":0.036144,"39":null,"40":null,"41":0.006024,"42":0.295176,"43":null,"44":null},"safari":{"3.1":null,"3.2":null,"4":0.006024,"5":0.012048,"5.1":0.024096,"6":null,"6.1":0.018072,"7":0.018072,"7.1":null,"8":0.138552,"9":0.1506,"9.1":0.506016,"10":1.331304,"10.1":null,"0":null},"ios_saf":{"3.2":0,"4.0-4.1":0,"4.2-4.3":0,"5.0-5.1":0,"6.0-6.1":0.0154167097256,"7.0-7.1":0.0724585357105,"8":0,"8.1-8.4":0.0871044099498,"9.0-9.2":0.0393126098004,"9.3":0.338396778478,"10.0-10.2":3.05751895634},"android":{"2.1":0,"2.2":0,"2.3":0,"3":0,"4":0.0663566370757,"4.1":0.21460018799,"4.2-4.3":0.653683467363,"4.4":1.4810236658,"4.4.3-4.4.4":0.828752041775,"53":null},"op_mob":{"10":0,"11":0,"11.1":0,"11.5":0,"12":0,"12.1":0,"0":0.000651091703057},"ie":{"5.5":null,"6":null,"7":0.0124825180328,"8":0.424405613115,"9":0.143548957377,"10":0.137307698361,"11":1.18583921311},"edge":{"12":0.048192,"13":0.126504,"14":0.506016,"15":null},"bb":{"7":0.035784,"10":null},"ie_mob":{"10":0.105614912621,"11":0.498737087379},"and_ff":{"0":0.015904},"samsung":{"0":1.244488},"and_uc":{"0":0.918456},"op_mini":{"0":0.297548908297},"and_chr":{"0":30.788768}},"total":98.843984}