{"id":"CR","name":"Costa Rica","month":"2017-01","access_date":"2017-02-02","data":{"chrome":{"4":null,"5":null,"6":null,"7":null,"8":null,"9":null,"10":null,"11":0.015387,"12":null,"13":null,"14":null,"15":null,"16":null,"17":null,"18":null,"19":null,"20":null,"21":null,"22":0.010258,"23":null,"24":null,"25":null,"26":null,"27":null,"28":null,"29":0.010258,"30":null,"31":0.015387,"32":0.082064,"33":0.005129,"34":0.015387,"35":0.138483,"36":0.30774,"37":0.020516,"38":0.030774,"39":0.035903,"40":0.020516,"41":0.030774,"42":0.005129,"43":0.061548,"44":0.066677,"45":0.030774,"46":0.041032,"47":0.107709,"48":0.066677,"49":1.061703,"50":0.056419,"51":0.164128,"52":0.143612,"53":0.184644,"54":0.507771,"55":30.758613,"56":0.369288,"57":0.025645,"58":null,"59":null},"firefox":{"2":null,"3":0.005129,"3.5":null,"3.6":0.005129,"4":null,"5":null,"6":null,"7":null,"8":null,"9":null,"10":null,"11":null,"12":null,"13":null,"14":null,"15":null,"16":0.010258,"17":null,"18":null,"19":null,"20":null,"21":null,"22":null,"23":null,"24":null,"25":null,"26":null,"27":null,"28":null,"29":0.005129,"30":null,"31":null,"32":null,"33":0.005129,"34":0.005129,"35":0.010258,"36":0.015387,"37":0.010258,"38":0.041032,"39":0.025645,"40":0.010258,"41":0.015387,"42":0.010258,"43":0.05129,"44":0.015387,"45":0.158999,"46":0.025645,"47":0.158999,"48":0.251321,"49":0.097451,"50":4.877679,"51":0.600093,"52":0.025645,"53":null,"54":null},"opera":{"9":null,"9.5-9.6":null,"10.0-10.1":0,"10.5":null,"10.6":null,"11":null,"11.1":null,"11.5":null,"11.6":null,"12":null,"12.1":0.010258,"15":null,"16":null,"17":null,"18":null,"19":null,"20":null,"21":null,"22":null,"23":null,"24":null,"25":null,"26":null,"27":0.046161,"28":0.005129,"29":0.035903,"30":null,"31":null,"32":null,"33":0.020516,"34":null,"35":0.005129,"36":0.010258,"37":0.046161,"38":0.020516,"39":0.005129,"40":null,"41":0.010258,"42":0.297482,"43":null,"44":null},"safari":{"3.1":null,"3.2":null,"4":0,"5":0.030774,"5.1":0.05129,"6":0.015387,"6.1":0.05129,"7":0.015387,"7.1":0.010258,"8":0.261579,"9":0.333385,"9.1":1.041187,"10":3.108174,"10.1":null,"0":null},"ios_saf":{"3.2":0,"4.0-4.1":0,"4.2-4.3":0,"5.0-5.1":0,"6.0-6.1":0.0300361866126,"7.0-7.1":0.141170077079,"8":0,"8.1-8.4":0.169704454361,"9.0-9.2":0.0765922758621,"9.3":0.659294296146,"10.0-10.2":5.95692670994},"android":{"2.1":0,"2.2":0,"2.3":0,"3":0,"4":0.115165871192,"4.1":0.372451328111,"4.2-4.3":1.13450634813,"4.4":2.57040423151,"4.4.3-4.4.4":1.43834822106,"53":null},"op_mob":{"10":0,"11":0,"11.1":0,"11.5":0,"12":0,"12.1":0,"0":0.00467956331878},"ie":{"5.5":null,"6":null,"7":null,"8":0.146328066194,"9":0.109746049645,"10":0.156780070922,"11":1.79774481324},"edge":{"12":0.071806,"13":0.220547,"14":1.010413,"15":null},"bb":{"7":0.004871,"10":null},"ie_mob":{"10":0.080016815534,"11":0.377857184466},"and_ff":{"0":0.038968},"samsung":{"0":5.996201},"and_uc":{"0":0.409164},"op_mini":{"0":2.13856043668},"and_chr":{"0":27.537559}},"total":99.024293}