{"id":"CU","name":"Cuba","month":"2017-01","access_date":"2017-02-02","data":{"chrome":{"4":null,"5":null,"6":null,"7":null,"8":null,"9":null,"10":null,"11":0.031948,"12":null,"13":null,"14":null,"15":null,"16":null,"17":null,"18":null,"19":null,"20":null,"21":0.007987,"22":0.015974,"23":0.103831,"24":0.007987,"25":0.055909,"26":0.015974,"27":0.015974,"28":0.023961,"29":0.071883,"30":0.039935,"31":0.07987,"32":0.095844,"33":0.103831,"34":0.063896,"35":0.031948,"36":0.039935,"37":0.047922,"38":0.295519,"39":0.119805,"40":0.031948,"41":0.031948,"42":0.047922,"43":0.047922,"44":0.055909,"45":0.095844,"46":0.167727,"47":0.095844,"48":0.055909,"49":0.263571,"50":0.143766,"51":0.151753,"52":0.15974,"53":0.391363,"54":0.583051,"55":4.536616,"56":0.103831,"57":null,"58":null,"59":null},"firefox":{"2":0.023961,"3":0.023961,"3.5":0.119805,"3.6":0.23961,"4":0.039935,"5":0.191688,"6":0.039935,"7":0.055909,"8":0.071883,"9":0.127792,"10":0.327467,"11":0.071883,"12":0.151753,"13":0.031948,"14":0.023961,"15":0.087857,"16":0.199675,"17":0.423311,"18":0.063896,"19":0.167727,"20":0.199675,"21":0.111818,"22":0.111818,"23":0.503181,"24":0.551103,"25":0.846622,"26":0.670908,"27":0.455259,"28":0.119805,"29":0.511168,"30":0.311493,"31":0.383376,"32":3.737916,"33":0.622986,"34":1.749153,"35":0.766752,"36":1.022336,"37":1.940841,"38":1.222011,"39":1.094219,"40":2.819411,"41":1.5974,"42":1.214024,"43":2.79545,"44":0.918505,"45":3.138891,"46":2.547853,"47":4.520642,"48":3.410449,"49":3.977526,"50":19.472306,"51":1.381751,"52":0.143766,"53":0.023961,"54":null},"opera":{"9":null,"9.5-9.6":null,"10.0-10.1":0.015974,"10.5":null,"10.6":0.015974,"11":null,"11.1":null,"11.5":0.015974,"11.6":0.047922,"12":null,"12.1":0.015974,"15":null,"16":null,"17":null,"18":0.007987,"19":null,"20":null,"21":null,"22":0.015974,"23":null,"24":null,"25":null,"26":null,"27":null,"28":null,"29":0.015974,"30":0.007987,"31":null,"32":0.023961,"33":0.023961,"34":0.039935,"35":0.015974,"36":0.015974,"37":0.031948,"38":0.007987,"39":0.007987,"40":null,"41":0.031948,"42":0.23961,"43":null,"44":null},"safari":{"3.1":null,"3.2":null,"4":0,"5":null,"5.1":null,"6":null,"6.1":null,"7":null,"7.1":null,"8":0.015974,"9":0.031948,"9.1":0.07987,"10":0.143766,"10.1":0.007987,"0":null},"ios_saf":{"3.2":0,"4.0-4.1":0,"4.2-4.3":0,"5.0-5.1":0,"6.0-6.1":0.00705742713782,"7.0-7.1":0.0331699075478,"8":0,"8.1-8.4":0.0398744633287,"9.0-9.2":0.0179964392015,"9.3":0.154910525675,"10.0-10.2":1.39966423711},"android":{"2.1":0,"2.2":0,"2.3":0,"3":0,"4":0.0417062415144,"4.1":0.134879759791,"4.2-4.3":0.410850847258,"4.4":0.930847815927,"4.4.3-4.4.4":0.520884335509,"53":null},"op_mob":{"10":0,"11":0,"11.1":0,"11.5":0,"12":0,"12.1":0,"0":0.00130976855895},"ie":{"5.5":null,"6":0.015974,"7":0.007987,"8":0.614999,"9":0.111818,"10":0.215649,"11":0.918505},"edge":{"12":0.07987,"13":0.151753,"14":0.167727,"15":null},"bb":{"7":0.01258125,"10":null},"ie_mob":{"10":0.0270875533981,"11":0.127913446602},"and_ff":{"0":1.680855},"samsung":{"0":0.948123},"and_uc":{"0":0.676368},"op_mini":{"0":0.598564231441},"and_chr":{"0":12.534884}},"total":99.07530925}