{"id":"CV","name":"Cape Verde","month":"2017-01","access_date":"2017-02-02","data":{"chrome":{"4":null,"5":null,"6":null,"7":null,"8":null,"9":null,"10":null,"11":0.030858,"12":0.010286,"13":null,"14":null,"15":null,"16":null,"17":null,"18":0.010286,"19":0.061716,"20":null,"21":null,"22":null,"23":null,"24":0.010286,"25":0.010286,"26":null,"27":null,"28":null,"29":0.005143,"30":0.010286,"31":0.066859,"32":0.190291,"33":0.041144,"34":0.046287,"35":0.05143,"36":1.254892,"37":0.015429,"38":0.030858,"39":0.025715,"40":0.05143,"41":null,"42":0.10286,"43":2.504641,"44":0.046287,"45":0.087431,"46":0.138861,"47":0.185148,"48":0.036001,"49":0.87431,"50":0.164576,"51":0.293151,"52":0.216006,"53":0.452584,"54":0.756021,"55":27.705341,"56":0.519443,"57":0.180005,"58":null,"59":null},"firefox":{"2":null,"3":0.015429,"3.5":null,"3.6":0.010286,"4":null,"5":null,"6":null,"7":null,"8":null,"9":null,"10":null,"11":null,"12":null,"13":null,"14":null,"15":null,"16":null,"17":null,"18":null,"19":null,"20":0.015429,"21":null,"22":0.005143,"23":null,"24":null,"25":null,"26":0.005143,"27":null,"28":null,"29":null,"30":0.010286,"31":null,"32":0.036001,"33":0.005143,"34":null,"35":0.015429,"36":null,"37":0.010286,"38":0.036001,"39":0.030858,"40":0.010286,"41":0.041144,"42":0.010286,"43":0.056573,"44":0.020572,"45":0.097717,"46":0.010286,"47":0.221149,"48":0.504014,"49":0.097717,"50":2.751505,"51":0.396011,"52":0.087431,"53":null,"54":null},"opera":{"9":null,"9.5-9.6":null,"10.0-10.1":0,"10.5":null,"10.6":null,"11":null,"11.1":null,"11.5":null,"11.6":null,"12":null,"12.1":null,"15":null,"16":null,"17":null,"18":null,"19":null,"20":null,"21":null,"22":null,"23":null,"24":null,"25":null,"26":null,"27":null,"28":null,"29":0.005143,"30":null,"31":null,"32":null,"33":0.010286,"34":0.010286,"35":null,"36":0.113146,"37":0.010286,"38":null,"39":null,"40":0.015429,"41":null,"42":0.828023,"43":null,"44":null},"safari":{"3.1":null,"3.2":null,"4":0,"5":0.005143,"5.1":0.025715,"6":null,"6.1":0.036001,"7":null,"7.1":null,"8":0.030858,"9":0.030858,"9.1":0.15429,"10":0.761164,"10.1":null,"0":null},"ios_saf":{"3.2":0,"4.0-4.1":0,"4.2-4.3":0,"5.0-5.1":0,"6.0-6.1":0.0233335112629,"7.0-7.1":0.109667502936,"8":0,"8.1-8.4":0.131834338636,"9.0-9.2":0.0595004537205,"9.3":0.512170572222,"10.0-10.2":4.62761862122},"android":{"2.1":0,"2.2":0,"2.3":0,"3":0,"4":0.169669509138,"4.1":0.548718412533,"4.2-4.3":1.67142516449,"4.4":3.78687904439,"4.4.3-4.4.4":2.11906386945,"53":null},"op_mob":{"10":0,"11":0,"11.1":0,"11.5":0,"12":0,"12.1":0,"0":0.00523877292576},"ie":{"5.5":null,"6":null,"7":null,"8":0.145601086876,"9":0.130000970425,"10":0.197601475046,"11":2.34001746765},"edge":{"12":0.318866,"13":0.550301,"14":1.270321,"15":null},"bb":{"7":0.00121425,"10":null},"ie_mob":{"10":0.215594213592,"11":1.01808378641},"and_ff":{"0":0.029142},"samsung":{"0":2.219649},"and_uc":{"0":1.695093},"op_mini":{"0":2.39411922707},"and_chr":{"0":29.263304}},"total":98.27692925}