{"id":"CX","name":"Christmas Island","month":"2017-01","access_date":"2017-02-02","data":{"chrome":{"4":null,"5":null,"6":null,"7":null,"8":null,"9":null,"10":null,"11":null,"12":null,"13":null,"14":null,"15":null,"16":null,"17":null,"18":null,"19":null,"20":null,"21":null,"22":null,"23":null,"24":null,"25":null,"26":null,"27":null,"28":null,"29":null,"30":null,"31":null,"32":0.151984,"33":null,"34":null,"35":null,"36":null,"37":1.063888,"38":null,"39":null,"40":null,"41":0.151984,"42":null,"43":0.303968,"44":null,"45":null,"46":null,"47":null,"48":0.151984,"49":null,"50":4.246053,"51":null,"52":1.671824,"53":0.607936,"54":11.379802,"55":19.729423,"56":null,"57":null,"58":null,"59":null},"firefox":{"2":null,"3":null,"3.5":null,"3.6":null,"4":null,"5":null,"6":null,"7":null,"8":null,"9":null,"10":null,"11":null,"12":null,"13":null,"14":null,"15":null,"16":null,"17":null,"18":null,"19":null,"20":null,"21":null,"22":null,"23":null,"24":null,"25":0.455952,"26":null,"27":0.151984,"28":null,"29":null,"30":null,"31":null,"32":null,"33":0.303968,"34":null,"35":null,"36":0.455952,"37":null,"38":null,"39":null,"40":null,"41":null,"42":2.431744,"43":null,"44":null,"45":0.151984,"46":7.741685,"47":0.303968,"48":2.27976,"49":6.677797,"50":7.589701,"51":null,"52":null,"53":null,"54":null},"opera":{"9":null,"9.5-9.6":null,"10.0-10.1":0,"10.5":null,"10.6":null,"11":null,"11.1":null,"11.5":null,"11.6":null,"12":null,"12.1":0.151984,"15":null,"16":null,"17":null,"18":null,"19":null,"20":null,"21":null,"22":null,"23":null,"24":null,"25":null,"26":null,"27":null,"28":0.303968,"29":null,"30":null,"31":null,"32":null,"33":null,"34":null,"35":null,"36":null,"37":null,"38":null,"39":null,"40":null,"41":null,"42":0.151984,"43":null,"44":null},"safari":{"3.1":null,"3.2":null,"4":0,"5":null,"5.1":0.607936,"6":null,"6.1":null,"7":null,"7.1":null,"8":null,"9":null,"9.1":null,"10":1.671824,"10.1":null,"0":null},"ios_saf":{"3.2":0,"4.0-4.1":0,"4.2-4.3":0,"5.0-5.1":0,"6.0-6.1":0,"7.0-7.1":0,"8":0,"8.1-8.4":0,"9.0-9.2":0,"9.3":0,"10.0-10.2":0},"android":{"2.1":0,"2.2":0,"2.3":0,"3":0,"4":0.00320722845953,"4.1":0.0103723133159,"4.2-4.3":0.0315946122715,"4.4":0.0715826096606,"4.4.3-4.4.4":0.0400562362924,"53":null},"op_mob":{"10":0,"11":0,"11.1":0,"11.5":0,"12":0,"12.1":0,"0":0},"ie":{"5.5":null,"6":null,"7":null,"8":1.71121896907,"9":5.27949943299,"10":0.622261443299,"11":5.59063015464},"edge":{"12":10.619882,"13":null,"14":0.303968,"15":null},"bb":{"7":0,"10":null},"ie_mob":{"10":0.0821250873786,"11":0.387812912621},"and_ff":{"0":null},"samsung":{"0":0.156813},"and_uc":{"0":null},"op_mini":{"0":0},"and_chr":{"0":4.227438}},"total":100.029499}