{"id":"CY","name":"Cyprus","month":"2017-01","access_date":"2017-02-02","data":{"chrome":{"4":null,"5":null,"6":null,"7":null,"8":null,"9":null,"10":null,"11":0.011754,"12":null,"13":null,"14":null,"15":null,"16":null,"17":null,"18":null,"19":null,"20":null,"21":null,"22":0.035262,"23":null,"24":null,"25":null,"26":0.017631,"27":null,"28":null,"29":null,"30":0.017631,"31":0.017631,"32":0.023508,"33":0.011754,"34":0.017631,"35":0.029385,"36":0.152802,"37":0.011754,"38":0.076401,"39":0.035262,"40":0.035262,"41":0.023508,"42":0.481914,"43":0.135171,"44":0.029385,"45":0.029385,"46":0.017631,"47":0.047016,"48":0.052893,"49":2.815083,"50":0.094032,"51":0.64647,"52":0.47016,"53":0.258588,"54":0.329112,"55":33.657579,"56":0.41139,"57":0.035262,"58":null,"59":null},"firefox":{"2":null,"3":null,"3.5":null,"3.6":0.011754,"4":null,"5":null,"6":null,"7":null,"8":null,"9":null,"10":null,"11":null,"12":null,"13":null,"14":null,"15":null,"16":0.011754,"17":null,"18":null,"19":null,"20":null,"21":null,"22":null,"23":null,"24":null,"25":null,"26":0.041139,"27":null,"28":null,"29":null,"30":null,"31":null,"32":null,"33":null,"34":null,"35":0.017631,"36":0.005877,"37":null,"38":0.047016,"39":0.017631,"40":null,"41":0.011754,"42":0.011754,"43":0.05877,"44":0.011754,"45":0.05877,"46":0.041139,"47":0.211572,"48":0.193941,"49":0.094032,"50":5.371578,"51":0.846288,"52":0.011754,"53":null,"54":null},"opera":{"9":null,"9.5-9.6":null,"10.0-10.1":0,"10.5":null,"10.6":null,"11":null,"11.1":null,"11.5":null,"11.6":null,"12":null,"12.1":0.005877,"15":null,"16":null,"17":null,"18":null,"19":null,"20":null,"21":null,"22":null,"23":null,"24":null,"25":null,"26":null,"27":null,"28":null,"29":null,"30":null,"31":null,"32":null,"33":null,"34":null,"35":null,"36":0.017631,"37":null,"38":0.035262,"39":null,"40":null,"41":0.011754,"42":0.534807,"43":null,"44":null},"safari":{"3.1":null,"3.2":null,"4":0,"5":0.029385,"5.1":0.05877,"6":0.011754,"6.1":0.047016,"7":0.017631,"7.1":0.005877,"8":0.082278,"9":0.088155,"9.1":0.493668,"10":1.569159,"10.1":null,"0":null},"ios_saf":{"3.2":0,"4.0-4.1":0,"4.2-4.3":0,"5.0-5.1":0,"6.0-6.1":0.0354594726166,"7.0-7.1":0.166659521298,"8":0,"8.1-8.4":0.200346020284,"9.0-9.2":0.0904216551724,"9.3":0.778335423935,"10.0-10.2":7.03249990669},"android":{"2.1":0,"2.2":0,"2.3":0,"3":0,"4":0.0409824046997,"4.1":0.132538840731,"4.2-4.3":0.403720284595,"4.4":0.914692394256,"4.4.3-4.4.4":0.511844075718,"53":null},"op_mob":{"10":0,"11":0,"11.1":0,"11.5":0,"12":0,"12.1":0,"0":0.000846205240175},"ie":{"5.5":null,"6":null,"7":0.029385,"8":0.805149,"9":0.111663,"10":0.129294,"11":3.614355},"edge":{"12":0.05877,"13":0.252711,"14":2.080458,"15":null},"bb":{"7":0.0144305,"10":null},"ie_mob":{"10":0.0461135533981,"11":0.217758446602},"and_ff":{"0":0.045353},"samsung":{"0":5.063044},"and_uc":{"0":1.929564},"op_mini":{"0":0.38671579476},"and_chr":{"0":23.70158}},"total":98.9078695}