{"id":"DE","name":"Germany","month":"2017-01","access_date":"2017-02-02","data":{"chrome":{"4":null,"5":null,"6":null,"7":null,"8":null,"9":null,"10":null,"11":0.025604,"12":null,"13":null,"14":null,"15":null,"16":null,"17":null,"18":0.006401,"19":null,"20":null,"21":0.006401,"22":0.038406,"23":null,"24":0.006401,"25":null,"26":0.012802,"27":null,"28":0.006401,"29":0.012802,"30":null,"31":0.019203,"32":0.012802,"33":0.012802,"34":0.038406,"35":0.019203,"36":0.044807,"37":0.243238,"38":0.032005,"39":0.051208,"40":0.032005,"41":0.076812,"42":0.038406,"43":0.134421,"44":0.051208,"45":0.051208,"46":0.044807,"47":0.057609,"48":0.083213,"49":0.729714,"50":0.134421,"51":0.742516,"52":0.19203,"53":0.224035,"54":0.608095,"55":17.071467,"56":0.300847,"57":0.044807,"58":null,"59":null},"firefox":{"2":0.006401,"3":0.012802,"3.5":null,"3.6":0.038406,"4":null,"5":null,"6":null,"7":null,"8":null,"9":0.012802,"10":0.012802,"11":null,"12":0.019203,"13":null,"14":null,"15":null,"16":0.019203,"17":0.006401,"18":0.012802,"19":null,"20":0.012802,"21":0.006401,"22":0.012802,"23":null,"24":0.032005,"25":0.006401,"26":0.019203,"27":0.006401,"28":0.025604,"29":0.012802,"30":0.019203,"31":0.038406,"32":0.012802,"33":0.032005,"34":0.044807,"35":0.044807,"36":0.044807,"37":0.038406,"38":0.544085,"39":0.096015,"40":0.089614,"41":0.096015,"42":0.224035,"43":0.25604,"44":0.06401,"45":0.870536,"46":0.12802,"47":0.620897,"48":0.83213,"49":0.364857,"50":16.584991,"51":2.11233,"52":0.051208,"53":0.006401,"54":null},"opera":{"9":null,"9.5-9.6":null,"10.0-10.1":0,"10.5":null,"10.6":null,"11":null,"11.1":null,"11.5":null,"11.6":0.006401,"12":0.006401,"12.1":0.204832,"15":null,"16":null,"17":null,"18":null,"19":null,"20":null,"21":null,"22":null,"23":null,"24":null,"25":null,"26":null,"27":null,"28":0.012802,"29":null,"30":null,"31":null,"32":null,"33":null,"34":null,"35":null,"36":0.057609,"37":0.012802,"38":0.096015,"39":0.006401,"40":null,"41":0.038406,"42":1.100972,"43":0.012802,"44":null},"safari":{"3.1":null,"3.2":null,"4":0.019203,"5":0.044807,"5.1":0.121619,"6":0.006401,"6.1":0.070411,"7":0.038406,"7.1":0.012802,"8":0.147223,"9":0.19203,"9.1":0.761719,"10":2.835643,"10.1":null,"0":null},"ios_saf":{"3.2":0,"4.0-4.1":0,"4.2-4.3":0,"5.0-5.1":0,"6.0-6.1":0.044984618341,"7.0-7.1":0.211427706203,"8":0,"8.1-8.4":0.254163093627,"9.0-9.2":0.11471077677,"9.3":0.987412372585,"10.0-10.2":8.92157443248},"android":{"2.1":0,"2.2":0,"2.3":0,"3":0,"4":0.0322406501305,"4.1":0.104267634465,"4.2-4.3":0.31760470235,"4.4":0.719583872063,"4.4.3-4.4.4":0.402665140992,"53":null},"op_mob":{"10":0,"11":0,"11.1":0,"11.5":0,"12":0,"12.1":0,"0":0.00066007860262},"ie":{"5.5":null,"6":0.0387542819456,"7":0.0193771409728,"8":0.271279973619,"9":0.238984738664,"10":0.361706631492,"11":6.90472123331},"edge":{"12":0.089614,"13":0.352055,"14":3.07248,"15":null},"bb":{"7":0.0125965,"10":null},"ie_mob":{"10":0.0786189320388,"11":0.371256067961},"and_ff":{"0":0.086376},"samsung":{"0":6.103904},"and_uc":{"0":0.39589},"op_mini":{"0":0.301655921397},"and_chr":{"0":16.434728}},"total":97.7491835}