{"id":"DJ","name":"Djibouti","month":"2017-01","access_date":"2017-02-02","data":{"chrome":{"4":null,"5":null,"6":null,"7":null,"8":null,"9":0.00432,"10":null,"11":0.00864,"12":null,"13":null,"14":null,"15":0.00432,"16":null,"17":null,"18":null,"19":0.00432,"20":0.00864,"21":0.02592,"22":0.00864,"23":null,"24":null,"25":0.0216,"26":0.00864,"27":null,"28":null,"29":0.00864,"30":0.0432,"31":0.04752,"32":null,"33":0.00864,"34":null,"35":0.00864,"36":3.09312,"37":0.00864,"38":0.01296,"39":0.0216,"40":0.05184,"41":0.00864,"42":null,"43":0.47088,"44":0.31104,"45":0.27216,"46":0.02592,"47":0.03024,"48":0.01728,"49":1.07136,"50":0.03456,"51":0.20736,"52":0.16848,"53":0.34992,"54":0.27648,"55":21.7728,"56":0.44064,"57":0.07776,"58":0.00432,"59":null},"firefox":{"2":null,"3":0.01728,"3.5":0.01296,"3.6":0.00864,"4":null,"5":null,"6":null,"7":0.00864,"8":0.01728,"9":0.00864,"10":0.00864,"11":0.00432,"12":0.01296,"13":null,"14":null,"15":0.01728,"16":null,"17":null,"18":0.108,"19":null,"20":null,"21":null,"22":0.00432,"23":0.01296,"24":0.00864,"25":null,"26":0.00432,"27":null,"28":null,"29":0.03024,"30":0.01728,"31":0.01728,"32":null,"33":0.00864,"34":0.0432,"35":0.00432,"36":0.03456,"37":0.00864,"38":0.02592,"39":0.02592,"40":0.03456,"41":0.03024,"42":0.00864,"43":0.09936,"44":0.06912,"45":0.10368,"46":0.01728,"47":0.24192,"48":0.11232,"49":0.1944,"50":4.32864,"51":0.76464,"52":0.04752,"53":null,"54":null},"opera":{"9":null,"9.5-9.6":null,"10.0-10.1":0,"10.5":null,"10.6":null,"11":null,"11.1":null,"11.5":null,"11.6":null,"12":null,"12.1":0.01728,"15":null,"16":null,"17":null,"18":null,"19":null,"20":null,"21":null,"22":null,"23":null,"24":null,"25":null,"26":null,"27":null,"28":0.00432,"29":null,"30":null,"31":0.03024,"32":null,"33":null,"34":0.00864,"35":null,"36":null,"37":0.01296,"38":null,"39":null,"40":0.00864,"41":null,"42":0.8424,"43":null,"44":null},"safari":{"3.1":null,"3.2":null,"4":0,"5":null,"5.1":0.00864,"6":null,"6.1":0.03024,"7":null,"7.1":0.00864,"8":0.01728,"9":0.03024,"9.1":0.1512,"10":0.64368,"10.1":null,"0":null},"ios_saf":{"3.2":0,"4.0-4.1":0,"4.2-4.3":0,"5.0-5.1":0,"6.0-6.1":0.00972640119569,"7.0-7.1":0.0457140856197,"8":0,"8.1-8.4":0.0549541667556,"9.0-9.2":0.024802323049,"9.3":0.213494506245,"10.0-10.2":1.92898851713},"android":{"2.1":0,"2.2":0,"2.3":0,"3":0,"4":0.153112828547,"4.1":0.495173402959,"4.2-4.3":1.50832424717,"4.4":3.41734802437,"4.4.3-4.4.4":1.91228149695,"53":null},"op_mob":{"10":0,"11":0,"11.1":0,"11.5":0,"12":0,"12.1":0,"0":0.0183793886463},"ie":{"5.5":null,"6":null,"7":0.0432,"8":0.29808,"9":0.03888,"10":0.11232,"11":3.48192},"edge":{"12":0.0648,"13":0.12096,"14":0.50112,"15":null},"bb":{"7":0.00994,"10":null},"ie_mob":{"10":0.117129320388,"11":0.553110679612},"and_ff":{"0":0.01136},"samsung":{"0":3.21488},"and_uc":{"0":9.50264},"op_mini":{"0":8.39938061135},"and_chr":{"0":25.18464}},"total":98.71394}