{"id":"DK","name":"Denmark","month":"2017-01","access_date":"2017-02-02","data":{"chrome":{"4":null,"5":null,"6":null,"7":null,"8":null,"9":null,"10":null,"11":null,"12":null,"13":null,"14":null,"15":null,"16":null,"17":null,"18":null,"19":null,"20":null,"21":0.006147,"22":0.012294,"23":null,"24":null,"25":null,"26":null,"27":null,"28":null,"29":0.012294,"30":null,"31":0.012294,"32":0.030735,"33":null,"34":0.030735,"35":0.043029,"36":0.110646,"37":0.012294,"38":0.036882,"39":0.036882,"40":0.012294,"41":0.067617,"42":0.055323,"43":0.092205,"44":0.043029,"45":0.030735,"46":0.043029,"47":0.030735,"48":0.055323,"49":0.73764,"50":0.079911,"51":0.436437,"52":0.141381,"53":0.196704,"54":0.67617,"55":30.624354,"56":0.43029,"57":0.024588,"58":null,"59":null},"firefox":{"2":null,"3":null,"3.5":null,"3.6":null,"4":null,"5":null,"6":0.006147,"7":null,"8":null,"9":null,"10":null,"11":null,"12":null,"13":null,"14":null,"15":null,"16":null,"17":null,"18":null,"19":null,"20":null,"21":null,"22":null,"23":null,"24":null,"25":null,"26":null,"27":null,"28":null,"29":null,"30":null,"31":null,"32":null,"33":0.006147,"34":null,"35":0.018441,"36":0.018441,"37":0.012294,"38":0.030735,"39":0.018441,"40":0.012294,"41":0.012294,"42":0.018441,"43":0.036882,"44":0.018441,"45":0.129087,"46":0.024588,"47":0.159822,"48":0.227439,"49":0.079911,"50":4.198401,"51":0.547083,"52":0.012294,"53":null,"54":null},"opera":{"9":null,"9.5-9.6":null,"10.0-10.1":0,"10.5":null,"10.6":null,"11":null,"11.1":null,"11.5":null,"11.6":null,"12":null,"12.1":0.018441,"15":null,"16":null,"17":null,"18":null,"19":null,"20":null,"21":null,"22":null,"23":null,"24":null,"25":null,"26":null,"27":null,"28":0.006147,"29":null,"30":null,"31":null,"32":null,"33":0.006147,"34":null,"35":null,"36":0.006147,"37":null,"38":0.036882,"39":null,"40":null,"41":0.006147,"42":0.264321,"43":null,"44":null},"safari":{"3.1":null,"3.2":null,"4":0.006147,"5":0.030735,"5.1":0.055323,"6":null,"6.1":0.073764,"7":0.043029,"7.1":0.012294,"8":0.282762,"9":0.454878,"9.1":1.78263,"10":5.587623,"10.1":null,"0":null},"ios_saf":{"3.2":0,"4.0-4.1":0,"4.2-4.3":0,"5.0-5.1":0,"6.0-6.1":0.0755184456069,"7.0-7.1":0.354936694353,"8":0,"8.1-8.4":0.426679217679,"9.0-9.2":0.192572036298,"9.3":1.65762988107,"10.0-10.2":14.977195725},"android":{"2.1":0,"2.2":0,"2.3":0,"3":0,"4":0.0190655561358,"4.1":0.0616588198433,"4.2-4.3":0.187816010444,"4.4":0.425526986945,"4.4.3-4.4.4":0.238116626632,"53":null},"op_mob":{"10":0,"11":0,"11.1":0,"11.5":0,"12":0,"12.1":0,"0":0.000538270742358},"ie":{"5.5":null,"6":0.0123771299775,"7":0.0123771299775,"8":0.173279819684,"9":0.210411209617,"10":0.358936769346,"11":7.4695979414},"edge":{"12":0.055323,"13":0.331938,"14":3.682053,"15":null},"bb":{"7":0.002889,"10":null},"ie_mob":{"10":0.0578921941748,"11":0.273379805825},"and_ff":{"0":0.03852},"samsung":{"0":3.366648},"and_uc":{"0":1.178712},"op_mini":{"0":0.245989729258},"and_chr":{"0":14.595804}},"total":99.06642}