{"id":"DM","name":"Dominica","month":"2017-01","access_date":"2017-02-02","data":{"chrome":{"4":null,"5":null,"6":null,"7":null,"8":null,"9":null,"10":null,"11":0.03008,"12":null,"13":null,"14":null,"15":null,"16":null,"17":null,"18":0.012032,"19":null,"20":null,"21":null,"22":0.096256,"23":null,"24":null,"25":null,"26":0.018048,"27":null,"28":0.042112,"29":null,"30":0.054144,"31":0.06016,"32":0.715904,"33":null,"34":0.03008,"35":null,"36":5.372288,"37":null,"38":0.006016,"39":0.018048,"40":0.024064,"41":null,"42":0.006016,"43":0.024064,"44":null,"45":0.36096,"46":0.024064,"47":0.03008,"48":0.012032,"49":0.752,"50":0.066176,"51":0.565504,"52":0.174464,"53":0.475264,"54":0.415104,"55":31.397504,"56":0.4512,"57":0.204544,"58":null,"59":null},"firefox":{"2":null,"3":null,"3.5":null,"3.6":null,"4":null,"5":null,"6":null,"7":null,"8":null,"9":null,"10":null,"11":null,"12":0.012032,"13":null,"14":null,"15":null,"16":null,"17":null,"18":null,"19":null,"20":null,"21":null,"22":0.006016,"23":null,"24":null,"25":null,"26":null,"27":null,"28":0.024064,"29":null,"30":null,"31":null,"32":null,"33":null,"34":0.012032,"35":null,"36":null,"37":null,"38":0.012032,"39":0.066176,"40":0.018048,"41":0.012032,"42":null,"43":0.036096,"44":0.006016,"45":0.024064,"46":0.024064,"47":0.336896,"48":0.186496,"49":0.096256,"50":3.982592,"51":0.625664,"52":0.018048,"53":null,"54":null},"opera":{"9":null,"9.5-9.6":null,"10.0-10.1":0,"10.5":null,"10.6":null,"11":null,"11.1":null,"11.5":null,"11.6":null,"12":null,"12.1":0.018048,"15":null,"16":null,"17":null,"18":null,"19":null,"20":null,"21":null,"22":null,"23":null,"24":null,"25":null,"26":null,"27":null,"28":null,"29":0.036096,"30":null,"31":null,"32":null,"33":0.024064,"34":null,"35":0.006016,"36":0.012032,"37":0.018048,"38":0.06016,"39":null,"40":null,"41":null,"42":0.42112,"43":null,"44":null},"safari":{"3.1":null,"3.2":null,"4":0,"5":null,"5.1":0.006016,"6":0.048128,"6.1":0.018048,"7":0.012032,"7.1":null,"8":0.06016,"9":0.024064,"9.1":0.294784,"10":1.467904,"10.1":null,"0":null},"ios_saf":{"3.2":0,"4.0-4.1":0,"4.2-4.3":0,"5.0-5.1":0,"6.0-6.1":0.0168938272659,"7.0-7.1":0.0794009881499,"8":0,"8.1-8.4":0.0954501240525,"9.0-9.2":0.0430792595281,"9.3":0.370819508487,"10.0-10.2":3.35046829252},"android":{"2.1":0,"2.2":0,"2.3":0,"3":0,"4":0.120757848564,"4.1":0.390536020888,"4.2-4.3":1.18959327415,"4.4":2.69521240731,"4.4.3-4.4.4":1.50818844909,"53":null},"op_mob":{"10":0,"11":0,"11.1":0,"11.5":0,"12":0,"12.1":0,"0":0.0013743930131},"ie":{"5.5":null,"6":null,"7":0.012032,"8":0.072192,"9":0.132352,"10":0.066176,"11":2.472576},"edge":{"12":0.138368,"13":0.505344,"14":2.899712,"15":null},"bb":{"7":0.070716,"10":null},"ie_mob":{"10":0.204692504854,"11":0.966603495146},"and_ff":{"0":0.027888},"samsung":{"0":3.752928},"and_uc":{"0":0.745008},"op_mini":{"0":0.628097606987},"and_chr":{"0":26.50688}},"total":98.526892}