{"id":"DO","name":"Dominican Republic","month":"2017-01","access_date":"2017-02-02","data":{"chrome":{"4":null,"5":null,"6":null,"7":null,"8":null,"9":null,"10":null,"11":0.02647,"12":null,"13":null,"14":null,"15":null,"16":null,"17":null,"18":0.010588,"19":null,"20":null,"21":0.010588,"22":0.02647,"23":null,"24":null,"25":0.010588,"26":0.010588,"27":0.010588,"28":0.010588,"29":0.042352,"30":null,"31":0.02647,"32":0.047646,"33":0.005294,"34":0.037058,"35":0.05294,"36":0.312346,"37":0.010588,"38":0.031764,"39":0.116468,"40":0.07941,"41":0.021176,"42":0.015882,"43":0.195878,"44":0.05294,"45":0.047646,"46":0.047646,"47":0.084704,"48":0.089998,"49":2.350536,"50":0.121762,"51":0.921156,"52":0.444696,"53":0.444696,"54":0.624692,"55":32.775154,"56":0.539988,"57":0.037058,"58":0.005294,"59":null},"firefox":{"2":null,"3":0.021176,"3.5":null,"3.6":0.010588,"4":null,"5":null,"6":null,"7":null,"8":null,"9":null,"10":null,"11":null,"12":null,"13":null,"14":null,"15":null,"16":null,"17":null,"18":null,"19":null,"20":null,"21":null,"22":null,"23":null,"24":null,"25":null,"26":0.010588,"27":null,"28":null,"29":null,"30":null,"31":0.010588,"32":0.005294,"33":null,"34":null,"35":0.02647,"36":0.005294,"37":0.010588,"38":0.031764,"39":0.005294,"40":0.015882,"41":0.010588,"42":0.010588,"43":0.074116,"44":0.010588,"45":0.10588,"46":0.047646,"47":0.34411,"48":0.285876,"49":0.07941,"50":2.758174,"51":0.31764,"52":0.010588,"53":null,"54":null},"opera":{"9":null,"9.5-9.6":null,"10.0-10.1":0,"10.5":null,"10.6":null,"11":null,"11.1":null,"11.5":null,"11.6":null,"12":null,"12.1":0.010588,"15":null,"16":null,"17":null,"18":null,"19":null,"20":null,"21":null,"22":null,"23":null,"24":null,"25":null,"26":null,"27":null,"28":null,"29":null,"30":null,"31":null,"32":null,"33":null,"34":null,"35":null,"36":0.015882,"37":0.005294,"38":0.10588,"39":0.015882,"40":0.015882,"41":0.005294,"42":0.460578,"43":null,"44":null},"safari":{"3.1":null,"3.2":null,"4":0.031764,"5":0.02647,"5.1":0.02647,"6":0.005294,"6.1":0.021176,"7":0.015882,"7.1":0.005294,"8":0.142938,"9":0.174702,"9.1":0.539988,"10":1.545848,"10.1":null,"0":null},"ios_saf":{"3.2":0,"4.0-4.1":0,"4.2-4.3":0,"5.0-5.1":0,"6.0-6.1":0.0293402797053,"7.0-7.1":0.137899314615,"8":0,"8.1-8.4":0.165772580335,"9.0-9.2":0.0748177132486,"9.3":0.644019139532,"10.0-10.2":5.81891097256},"android":{"2.1":0,"2.2":0,"2.3":0,"3":0,"4":0.0915335430809,"4.1":0.296023373368,"4.2-4.3":0.901702775457,"4.4":2.04295078068,"4.4.3-4.4.4":1.14319552742,"53":null},"op_mob":{"10":0,"11":0,"11.1":0,"11.5":0,"12":0,"12.1":0,"0":0.00125356331878},"ie":{"5.5":null,"6":0.0246354455446,"7":0.00615886138614,"8":0.646680445545,"9":0.184765841584,"10":0.295625346535,"11":1.33031405941},"edge":{"12":0.068822,"13":0.169408,"14":0.704102,"15":null},"bb":{"7":0.0576485,"10":null},"ie_mob":{"10":0.0781287378641,"11":0.368941262136},"and_ff":{"0":0.018824},"samsung":{"0":2.18829},"and_uc":{"0":0.28236},"op_mini":{"0":0.572878436681},"and_chr":{"0":32.897826}},"total":98.3223705}