{"id":"DZ","name":"Algeria","month":"2017-01","access_date":"2017-02-02","data":{"chrome":{"4":0.024952,"5":0.018714,"6":0.012476,"7":0.012476,"8":0.012476,"9":null,"10":0.018714,"11":0.068618,"12":0.018714,"13":0.012476,"14":0.024952,"15":0.056142,"16":0.049904,"17":0.024952,"18":0.099808,"19":0.03119,"20":0.024952,"21":0.024952,"22":0.056142,"23":0.03119,"24":0.018714,"25":0.074856,"26":0.074856,"27":0.037428,"28":0.056142,"29":0.099808,"30":0.087332,"31":0.137236,"32":0.274472,"33":0.243282,"34":0.074856,"35":0.037428,"36":0.56142,"37":0.037428,"38":0.074856,"39":0.118522,"40":0.168426,"41":0.043666,"42":0.049904,"43":2.669864,"44":0.106046,"45":0.12476,"46":0.099808,"47":0.130998,"48":0.180902,"49":3.312378,"50":0.237044,"51":1.129078,"52":0.318138,"53":0.6238,"54":0.698656,"55":27.50958,"56":0.667466,"57":0.112284,"58":null,"59":null},"firefox":{"2":null,"3":0.068618,"3.5":0.024952,"3.6":0.081094,"4":0.012476,"5":0.006238,"6":0.006238,"7":0.006238,"8":0.006238,"9":0.012476,"10":0.012476,"11":0.018714,"12":0.043666,"13":0.012476,"14":0.018714,"15":0.024952,"16":0.024952,"17":0.018714,"18":0.018714,"19":0.024952,"20":0.018714,"21":0.018714,"22":0.018714,"23":0.024952,"24":0.018714,"25":0.024952,"26":0.024952,"27":0.018714,"28":0.018714,"29":0.049904,"30":0.06238,"31":0.043666,"32":0.049904,"33":0.056142,"34":0.049904,"35":0.087332,"36":0.049904,"37":0.056142,"38":0.099808,"39":0.068618,"40":0.081094,"41":0.081094,"42":0.074856,"43":0.461612,"44":0.149712,"45":0.162188,"46":0.137236,"47":0.68618,"48":0.492802,"49":0.28071,"50":6.61228,"51":0.960652,"52":0.056142,"53":null,"54":null},"opera":{"9":null,"9.5-9.6":null,"10.0-10.1":0,"10.5":null,"10.6":null,"11":null,"11.1":null,"11.5":null,"11.6":0.006238,"12":null,"12.1":0.049904,"15":null,"16":null,"17":null,"18":0.006238,"19":null,"20":null,"21":null,"22":null,"23":null,"24":null,"25":null,"26":null,"27":null,"28":null,"29":null,"30":0.006238,"31":null,"32":null,"33":null,"34":0.012476,"35":0.006238,"36":0.12476,"37":0.018714,"38":0.09357,"39":0.018714,"40":0.024952,"41":0.043666,"42":1.40355,"43":0.018714,"44":null},"safari":{"3.1":null,"3.2":null,"4":0.024952,"5":0.006238,"5.1":0.037428,"6":0.024952,"6.1":0.006238,"7":0.012476,"7.1":null,"8":0.037428,"9":0.024952,"9.1":0.06238,"10":0.230806,"10.1":null,"0":null},"ios_saf":{"3.2":0,"4.0-4.1":0,"4.2-4.3":0,"5.0-5.1":0,"6.0-6.1":0.00579943204868,"7.0-7.1":0.0272573306288,"8":0,"8.1-8.4":0.0327667910751,"9.0-9.2":0.0147885517241,"9.3":0.127297533469,"10.0-10.2":1.15017236105},"android":{"2.1":0,"2.2":0,"2.3":0,"3":0,"4":0.110566456919,"4.1":0.357576626632,"4.2-4.3":1.08919722454,"4.4":2.46774921932,"4.4.3-4.4.4":1.38090447258,"53":null},"op_mob":{"10":0,"11":0,"11.1":0,"11.5":0,"12":0,"12.1":0,"0":0.003720930131},"ie":{"5.5":null,"6":0.0351699739583,"7":0.063305953125,"8":0.7596714375,"9":0.267291802083,"10":0.316529765625,"11":1.25908506771},"edge":{"12":0.043666,"13":0.074856,"14":0.212092,"15":null},"bb":{"7":0.0065835,"10":null},"ie_mob":{"10":0.0591693203883,"11":0.279410679612},"and_ff":{"0":0.022572},"samsung":{"0":1.625184},"and_uc":{"0":1.531134},"op_mini":{"0":1.70046506987},"and_chr":{"0":27.803786}},"total":97.4851255}