{"id":"EE","name":"Estonia","month":"2017-01","access_date":"2017-02-02","data":{"chrome":{"4":null,"5":null,"6":null,"7":null,"8":null,"9":null,"10":null,"11":null,"12":0.008032,"13":null,"14":null,"15":null,"16":null,"17":0.008032,"18":0.016064,"19":0.008032,"20":null,"21":0.024096,"22":0.04016,"23":null,"24":0.016064,"25":null,"26":0.016064,"27":0.016064,"28":null,"29":null,"30":null,"31":0.024096,"32":0.04016,"33":null,"34":0.032128,"35":0.128512,"36":0.457824,"37":0.016064,"38":0.048192,"39":0.168672,"40":0.104416,"41":0.024096,"42":0.024096,"43":0.104416,"44":0.08032,"45":0.032128,"46":0.024096,"47":0.04016,"48":0.048192,"49":1.429696,"50":0.088352,"51":0.425696,"52":0.12048,"53":0.24096,"54":0.658624,"55":42.5696,"56":0.610432,"57":0.088352,"58":null,"59":null},"firefox":{"2":0.008032,"3":0.016064,"3.5":0.024096,"3.6":0.096384,"4":null,"5":null,"6":null,"7":null,"8":null,"9":null,"10":null,"11":null,"12":null,"13":0.008032,"14":null,"15":null,"16":0.008032,"17":0.032128,"18":null,"19":null,"20":0.008032,"21":null,"22":null,"23":null,"24":0.016064,"25":null,"26":null,"27":null,"28":0.008032,"29":0.024096,"30":null,"31":0.04016,"32":0.016064,"33":0.008032,"34":0.016064,"35":0.016064,"36":0.008032,"37":0.024096,"38":0.313248,"39":0.064256,"40":0.024096,"41":0.024096,"42":0.032128,"43":0.088352,"44":0.04016,"45":0.4016,"46":0.064256,"47":0.56224,"48":0.232928,"49":0.2008,"50":9.903456,"51":1.309216,"52":0.024096,"53":0.016064,"54":null},"opera":{"9":null,"9.5-9.6":null,"10.0-10.1":0,"10.5":null,"10.6":0.008032,"11":null,"11.1":null,"11.5":null,"11.6":0.032128,"12":0.024096,"12.1":0.2008,"15":null,"16":null,"17":null,"18":null,"19":null,"20":0.016064,"21":null,"22":null,"23":null,"24":null,"25":null,"26":null,"27":0.024096,"28":null,"29":null,"30":null,"31":null,"32":null,"33":null,"34":null,"35":null,"36":0.064256,"37":0.008032,"38":0.064256,"39":0.016064,"40":0.016064,"41":0.088352,"42":1.236928,"43":0.024096,"44":null},"safari":{"3.1":null,"3.2":null,"4":0.008032,"5":0.024096,"5.1":0.072288,"6":0.016064,"6.1":0.064256,"7":0.016064,"7.1":0.016064,"8":0.16064,"9":0.208832,"9.1":0.867456,"10":3.501952,"10.1":null,"0":null},"ios_saf":{"3.2":0,"4.0-4.1":0,"4.2-4.3":0,"5.0-5.1":0,"6.0-6.1":0.0216822461834,"7.0-7.1":0.101906557062,"8":0,"8.1-8.4":0.122504690936,"9.0-9.2":0.0552897277677,"9.3":0.475925303726,"10.0-10.2":4.30013147432},"android":{"2.1":0,"2.2":0,"2.3":0,"3":0,"4":0.0158990078329,"4.1":0.0514180678851,"4.2-4.3":0.156622140992,"4.4":0.35485232376,"4.4.3-4.4.4":0.19856845953,"53":null},"op_mob":{"10":0,"11":0,"11.1":0,"11.5":0,"12":0,"12.1":0,"0":0.000305082969432},"ie":{"5.5":null,"6":null,"7":0.0160993832599,"8":0.152944140969,"9":0.273689515419,"10":0.120745374449,"11":6.7456415859},"edge":{"12":0.024096,"13":0.273088,"14":1.831296,"15":null},"bb":{"7":0.001476,"10":null},"ie_mob":{"10":0.0412706796117,"11":0.194889320388},"and_ff":{"0":0.041328},"samsung":{"0":2.269104},"and_uc":{"0":0.053136},"op_mini":{"0":0.139422917031},"and_chr":{"0":11.022512}},"total":97.295716}