{"id":"EG","name":"Egypt","month":"2017-01","access_date":"2017-02-02","data":{"chrome":{"4":0.033015,"5":0.026412,"6":0.013206,"7":null,"8":null,"9":0.026412,"10":0.013206,"11":0.072633,"12":0.046221,"13":null,"14":null,"15":null,"16":0.046221,"17":0.079236,"18":0.019809,"19":1.036671,"20":0.079236,"21":0.039618,"22":0.033015,"23":0.06603,"24":3.030777,"25":0.085839,"26":0.184884,"27":0.085839,"28":0.105648,"29":0.118854,"30":1.148922,"31":0.217899,"32":0.303738,"33":0.607476,"34":0.310341,"35":2.271432,"36":0.26412,"37":0.244311,"38":0.178281,"39":0.231105,"40":0.224502,"41":0.369768,"42":0.349959,"43":3.334515,"44":0.785757,"45":0.402783,"46":0.191487,"47":0.138663,"48":0.125457,"49":1.703574,"50":0.059427,"51":0.349959,"52":0.204693,"53":0.343356,"54":0.415989,"55":13.912521,"56":0.363165,"57":0.059427,"58":null,"59":null},"firefox":{"2":0.997053,"3":0.033015,"3.5":0.013206,"3.6":0.085839,"4":0.039618,"5":0.039618,"6":null,"7":0.019809,"8":0.033015,"9":0.033015,"10":0.019809,"11":0.059427,"12":0.052824,"13":0.06603,"14":0.019809,"15":1.076289,"16":0.052824,"17":0.046221,"18":1.043274,"19":0.052824,"20":0.059427,"21":1.036671,"22":0.059427,"23":1.05648,"24":0.072633,"25":2.126166,"26":0.118854,"27":0.125457,"28":0.138663,"29":0.171678,"30":0.145266,"31":0.151869,"32":0.092442,"33":0.039618,"34":0.059427,"35":0.079236,"36":0.092442,"37":0.112251,"38":0.158472,"39":0.13206,"40":0.138663,"41":0.092442,"42":0.033015,"43":0.231105,"44":0.13206,"45":0.092442,"46":0.079236,"47":0.389577,"48":0.257517,"49":0.138663,"50":4.192905,"51":0.92442,"52":0.059427,"53":null,"54":null},"opera":{"9":null,"9.5-9.6":null,"10.0-10.1":1.036671,"10.5":null,"10.6":null,"11":0.013206,"11.1":null,"11.5":null,"11.6":0.033015,"12":0.013206,"12.1":0.033015,"15":0.013206,"16":null,"17":0.013206,"18":0.026412,"19":0.052824,"20":0.059427,"21":0.052824,"22":0.026412,"23":0.046221,"24":null,"25":null,"26":null,"27":null,"28":0.039618,"29":0.026412,"30":0.046221,"31":0.019809,"32":null,"33":null,"34":null,"35":null,"36":0.079236,"37":null,"38":0.033015,"39":null,"40":null,"41":0.013206,"42":0.534843,"43":null,"44":null},"safari":{"3.1":null,"3.2":null,"4":0.006603,"5":0.964038,"5.1":0.006603,"6":0.033015,"6.1":null,"7":0.026412,"7.1":null,"8":0.052824,"9":0.026412,"9.1":0.072633,"10":0.171678,"10.1":null,"0":null},"ios_saf":{"3.2":0,"4.0-4.1":0,"4.2-4.3":0,"5.0-5.1":0,"6.0-6.1":0.00961764065336,"7.0-7.1":0.0452029110708,"8":0,"8.1-8.4":0.0543396696915,"9.0-9.2":0.0245249836661,"9.3":0.211107212341,"10.0-10.2":1.90741858258},"android":{"2.1":0,"2.2":0,"2.3":0,"3":0,"4":0.0823306853786,"4.1":0.266260939948,"4.2-4.3":0.811044836815,"4.4":1.83755082898,"4.4.3-4.4.4":1.02825770888,"53":null},"op_mob":{"10":0,"11":0,"11.1":0,"11.5":0,"12":0,"12.1":0,"0":0.0029371441048},"ie":{"5.5":null,"6":0.0133516132316,"7":0.0267032264631,"8":2.45002102799,"9":2.26977424936,"10":2.29647747583,"11":0.814448407125},"edge":{"12":0.039618,"13":0.072633,"14":0.165075,"15":null},"bb":{"7":0.00594475,"10":null},"ie_mob":{"10":0.0397745825243,"11":0.187824417476},"and_ff":{"0":0.037367},"samsung":{"0":2.00423},"and_uc":{"0":1.066658},"op_mini":{"0":1.3422748559},"and_chr":{"0":23.011005}},"total":96.62493575}