{"id":"ER","name":"Eritrea","month":"2017-01","access_date":"2017-02-02","data":{"chrome":{"4":0.030304,"5":null,"6":null,"7":null,"8":null,"9":0.007576,"10":null,"11":null,"12":null,"13":null,"14":null,"15":null,"16":null,"17":0.01894,"18":null,"19":null,"20":null,"21":null,"22":0.155308,"23":0.007576,"24":null,"25":0.011364,"26":null,"27":0.022728,"28":0.041668,"29":null,"30":null,"31":0.049244,"32":null,"33":null,"34":null,"35":null,"36":null,"37":null,"38":null,"39":null,"40":0.125004,"41":null,"42":0.007576,"43":0.128792,"44":0.011364,"45":0.242432,"46":null,"47":0.007576,"48":0.125004,"49":0.102276,"50":0.034092,"51":0.041668,"52":0.01894,"53":0.022728,"54":0.333344,"55":3.075856,"56":0.030304,"57":null,"58":null,"59":null},"firefox":{"2":null,"3":0.253796,"3.5":0.007576,"3.6":0.537896,"4":1.772784,"5":0.200764,"6":0.049244,"7":0.117428,"8":0.212128,"9":0.01894,"10":0.011364,"11":0.106064,"12":0.212128,"13":0.071972,"14":0.318192,"15":0.640172,"16":0.20834,"17":0.049244,"18":0.106064,"19":0.231068,"20":0.01894,"21":0.261372,"22":0.106064,"23":0.01894,"24":0.125004,"25":0.0947,"26":0.821996,"27":0.087124,"28":0.049244,"29":0.053032,"30":0.806844,"31":0.905332,"32":0.314404,"33":0.640172,"34":0.196976,"35":0.242432,"36":2.049308,"37":0.45456,"38":0.496228,"39":0.250008,"40":0.912908,"41":0.367436,"42":1.7046,"43":3.431928,"44":0.87124,"45":0.6629,"46":0.469712,"47":1.6099,"48":0.64396,"49":0.60608,"50":5.996404,"51":1.242464,"52":0.155308,"53":null,"54":null},"opera":{"9":null,"9.5-9.6":null,"10.0-10.1":0,"10.5":null,"10.6":null,"11":null,"11.1":null,"11.5":null,"11.6":0.007576,"12":null,"12.1":null,"15":null,"16":null,"17":null,"18":null,"19":null,"20":null,"21":null,"22":null,"23":null,"24":null,"25":null,"26":null,"27":0.007576,"28":null,"29":0.007576,"30":null,"31":null,"32":null,"33":null,"34":null,"35":0.022728,"36":null,"37":null,"38":null,"39":0.007576,"40":0.022728,"41":0.007576,"42":0.200764,"43":null,"44":null},"safari":{"3.1":null,"3.2":null,"4":0,"5":null,"5.1":null,"6":null,"6.1":null,"7":null,"7.1":null,"8":null,"9":null,"9.1":0.007576,"10":0.01894,"10.1":null,"0":null},"ios_saf":{"3.2":0,"4.0-4.1":0,"4.2-4.3":0,"5.0-5.1":0,"6.0-6.1":0.00291798868368,"7.0-7.1":0.0137145468133,"8":0,"8.1-8.4":0.0164866360628,"9.0-9.2":0.00744087114338,"9.3":0.0640498516067,"10.0-10.2":0.57871010569},"android":{"2.1":0,"2.2":0,"2.3":0,"3":0,"4":0.139375329852,"4.1":0.450745747607,"4.2-4.3":1.37299527067,"4.4":3.110738745,"4.4.3-4.4.4":1.74070890688,"53":null},"op_mob":{"10":0,"11":0,"11.1":0,"11.5":0,"12":0,"12.1":0,"0":0.00505911790393},"ie":{"5.5":null,"6":null,"7":null,"8":0.250008,"9":0.022728,"10":null,"11":0.469712},"edge":{"12":0.147732,"13":0.007576,"14":null,"15":null},"bb":{"7":0,"10":null},"ie_mob":{"10":0.0108559223301,"11":0.0512640776699},"and_ff":{"0":0.242268},"samsung":{"0":1.136796},"and_uc":{"0":22.760768},"op_mini":{"0":2.3120168821},"and_chr":{"0":28.120968}},"total":99.7906}