{"id":"ES","name":"Spain","month":"2017-01","access_date":"2017-02-02","data":{"chrome":{"4":null,"5":null,"6":null,"7":null,"8":null,"9":null,"10":null,"11":0.0418,"12":null,"13":null,"14":null,"15":null,"16":null,"17":null,"18":0.057475,"19":null,"20":null,"21":0.005225,"22":0.026125,"23":null,"24":null,"25":null,"26":0.015675,"27":0.005225,"28":null,"29":0.005225,"30":0.005225,"31":0.026125,"32":0.036575,"33":0.01045,"34":0.03135,"35":0.078375,"36":0.15675,"37":0.026125,"38":0.057475,"39":0.0836,"40":0.03135,"41":0.0418,"42":0.03135,"43":0.078375,"44":0.047025,"45":0.057475,"46":0.067925,"47":0.07315,"48":0.0836,"49":2.314675,"50":0.0836,"51":0.381425,"52":0.151525,"53":0.21945,"54":0.38665,"55":26.642275,"56":0.38665,"57":0.0209,"58":null,"59":null},"firefox":{"2":null,"3":0.005225,"3.5":null,"3.6":0.0209,"4":null,"5":null,"6":null,"7":null,"8":null,"9":null,"10":null,"11":null,"12":0.005225,"13":null,"14":null,"15":null,"16":0.015675,"17":null,"18":null,"19":null,"20":0.0209,"21":0.01045,"22":null,"23":null,"24":0.015675,"25":0.005225,"26":0.01045,"27":0.01045,"28":0.01045,"29":0.01045,"30":0.005225,"31":0.015675,"32":0.015675,"33":0.015675,"34":0.0209,"35":0.0209,"36":0.015675,"37":0.026125,"38":0.09405,"39":0.047025,"40":0.0209,"41":0.036575,"42":0.0418,"43":0.088825,"44":0.03135,"45":0.161975,"46":0.047025,"47":0.245575,"48":0.32395,"49":0.151525,"50":6.818625,"51":0.893475,"52":0.01045,"53":null,"54":null},"opera":{"9":null,"9.5-9.6":null,"10.0-10.1":0,"10.5":null,"10.6":null,"11":null,"11.1":null,"11.5":null,"11.6":null,"12":null,"12.1":0.0209,"15":null,"16":null,"17":null,"18":null,"19":null,"20":null,"21":null,"22":null,"23":null,"24":null,"25":null,"26":null,"27":null,"28":0.01045,"29":null,"30":null,"31":null,"32":null,"33":null,"34":null,"35":null,"36":0.036575,"37":0.005225,"38":0.03135,"39":null,"40":null,"41":0.005225,"42":0.318725,"43":null,"44":null},"safari":{"3.1":null,"3.2":null,"4":0.01045,"5":0.036575,"5.1":0.07315,"6":0.01045,"6.1":0.067925,"7":0.026125,"7.1":0.01045,"8":0.130625,"9":0.1672,"9.1":0.61655,"10":2.408725,"10.1":null,"0":null},"ios_saf":{"3.2":0,"4.0-4.1":0,"4.2-4.3":0,"5.0-5.1":0,"6.0-6.1":0.0414135795879,"7.0-7.1":0.194643824063,"8":0,"8.1-8.4":0.233986724672,"9.0-9.2":0.105604627949,"9.3":0.909028071955,"10.0-10.2":8.21334817177},"android":{"2.1":0,"2.2":0,"2.3":0,"3":0,"4":0.0357439295039,"4.1":0.115597389034,"4.2-4.3":0.35211573107,"4.4":0.797774086162,"4.4.3-4.4.4":0.44641886423,"53":null},"op_mob":{"10":0,"11":0,"11.1":0,"11.5":0,"12":0,"12.1":0,"0":0.000250218340611},"ie":{"5.5":null,"6":0.0052823388203,"7":0.0158470164609,"8":0.295810973937,"9":0.17959951989,"10":0.147905486968,"11":3.20637966392},"edge":{"12":0.047025,"13":0.203775,"14":1.70335,"15":null},"bb":{"7":0.00835625,"10":null},"ie_mob":{"10":0.0542402912621,"11":0.256134708738},"and_ff":{"0":0.033425},"samsung":{"0":2.688325},"and_uc":{"0":0.090725},"op_mini":{"0":0.114349781659},"and_chr":{"0":33.48585}},"total":99.02703125}