{"id":"ET","name":"Ethiopia","month":"2017-01","access_date":"2017-02-02","data":{"chrome":{"4":0.008136,"5":null,"6":null,"7":null,"8":0.004068,"9":0.004068,"10":0.018306,"11":0.048816,"12":0.004068,"13":0.002034,"14":0.002034,"15":null,"16":0.01017,"17":0.014238,"18":0.004068,"19":0.006102,"20":0.006102,"21":null,"22":null,"23":0.008136,"24":0.006102,"25":0.012204,"26":0.026442,"27":0.006102,"28":0.004068,"29":0.004068,"30":0.006102,"31":0.036612,"32":0.032544,"33":0.075258,"34":0.006102,"35":0.004068,"36":0.018306,"37":null,"38":0.01017,"39":0.006102,"40":0.06102,"41":0.002034,"42":0.006102,"43":1.033272,"44":0.33561,"45":0.028476,"46":0.012204,"47":0.014238,"48":0.024408,"49":0.288828,"50":0.038646,"51":0.120006,"52":0.036612,"53":0.105768,"54":0.103734,"55":4.51548,"56":0.134244,"57":0.054918,"58":null,"59":null},"firefox":{"2":null,"3":0.014238,"3.5":0.006102,"3.6":0.024408,"4":0.06102,"5":0.201366,"6":0.006102,"7":0.014238,"8":0.016272,"9":0.004068,"10":0.044748,"11":0.09153,"12":0.058986,"13":0.014238,"14":0.034578,"15":0.016272,"16":0.042714,"17":0.036612,"18":0.056952,"19":0.03051,"20":0.209502,"21":0.024408,"22":0.018306,"23":0.058986,"24":0.056952,"25":0.06102,"26":0.1017,"27":0.04068,"28":0.17289,"29":0.260352,"30":0.103734,"31":0.21357,"32":0.065088,"33":0.06102,"34":0.073224,"35":0.146448,"36":0.09153,"37":0.303066,"38":0.164754,"39":0.17289,"40":0.178992,"41":0.170856,"42":0.160686,"43":0.463752,"44":0.536976,"45":0.211536,"46":0.138312,"47":0.811566,"48":0.290862,"49":0.46782,"50":2.243502,"51":0.740376,"52":0.087462,"53":0.004068,"54":null},"opera":{"9":null,"9.5-9.6":null,"10.0-10.1":0,"10.5":null,"10.6":null,"11":null,"11.1":null,"11.5":0.002034,"11.6":0.026442,"12":0.014238,"12.1":0.018306,"15":0.004068,"16":null,"17":null,"18":0.002034,"19":null,"20":null,"21":0.002034,"22":0.002034,"23":null,"24":null,"25":null,"26":null,"27":null,"28":null,"29":0.034578,"30":0.002034,"31":0.002034,"32":null,"33":null,"34":0.02034,"35":0.006102,"36":0.016272,"37":0.012204,"38":0.006102,"39":0.012204,"40":0.026442,"41":0.022374,"42":0.628506,"43":0.002034,"44":null},"safari":{"3.1":null,"3.2":null,"4":0.002034,"5":0.002034,"5.1":0.006102,"6":0.006102,"6.1":0.004068,"7":0.012204,"7.1":0.004068,"8":0.014238,"9":0.012204,"9.1":0.054918,"10":0.056952,"10.1":null,"0":null},"ios_saf":{"3.2":0,"4.0-4.1":0,"4.2-4.3":0,"5.0-5.1":0,"6.0-6.1":0.00506857691897,"7.0-7.1":0.0238223115192,"8":0,"8.1-8.4":0.0286374595922,"9.0-9.2":0.0129248711434,"9.3":0.111255263371,"10.0-10.2":1.00522551745},"android":{"2.1":0,"2.2":0,"2.3":0,"3":0,"4":0.250415959095,"4.1":0.809855867711,"4.2-4.3":2.46686359704,"4.4":5.58907108703,"4.4.3-4.4.4":3.12753548912,"53":null},"op_mob":{"10":0,"11":0,"11.1":0,"11.5":0,"12":0,"12.1":0,"0":0.0683371484716},"ie":{"5.5":null,"6":0.0900886887417,"7":0.0307120529801,"8":0.27845594702,"9":0.081898807947,"10":0.100326039735,"11":0.655190463576},"edge":{"12":0.099666,"13":0.107802,"14":0.124074,"15":null},"bb":{"7":0.007966,"10":null},"ie_mob":{"10":0.0709979417476,"11":0.335268058252},"and_ff":{"0":0.047796},"samsung":{"0":1.11524},"and_uc":{"0":3.1864},"op_mini":{"0":31.2300768515},"and_chr":{"0":26.708146}},"total":95.798494}