{"id":"FI","name":"Finland","month":"2017-01","access_date":"2017-02-02","data":{"chrome":{"4":null,"5":null,"6":null,"7":null,"8":null,"9":null,"10":null,"11":null,"12":null,"13":null,"14":null,"15":null,"16":null,"17":null,"18":null,"19":null,"20":null,"21":null,"22":0.019422,"23":null,"24":null,"25":null,"26":null,"27":null,"28":null,"29":null,"30":null,"31":0.006474,"32":null,"33":null,"34":0.025896,"35":0.006474,"36":0.025896,"37":0.006474,"38":0.025896,"39":0.019422,"40":null,"41":0.012948,"42":0.006474,"43":0.045318,"44":0.012948,"45":0.025896,"46":0.077688,"47":0.03237,"48":0.058266,"49":0.880464,"50":0.06474,"51":0.252486,"52":0.123006,"53":0.174798,"54":0.479076,"55":29.579706,"56":0.51792,"57":0.045318,"58":null,"59":null},"firefox":{"2":null,"3":null,"3.5":null,"3.6":0.012948,"4":null,"5":null,"6":null,"7":null,"8":null,"9":null,"10":0.006474,"11":null,"12":null,"13":null,"14":null,"15":null,"16":null,"17":null,"18":null,"19":null,"20":0.006474,"21":null,"22":null,"23":null,"24":0.006474,"25":null,"26":null,"27":null,"28":null,"29":null,"30":0.019422,"31":0.019422,"32":null,"33":null,"34":0.006474,"35":0.012948,"36":0.019422,"37":0.012948,"38":0.071214,"39":0.019422,"40":0.025896,"41":0.025896,"42":0.03237,"43":0.058266,"44":0.051792,"45":0.653874,"46":0.045318,"47":0.246012,"48":0.336648,"49":0.220116,"50":12.585456,"51":1.612026,"52":0.025896,"53":null,"54":null},"opera":{"9":null,"9.5-9.6":null,"10.0-10.1":0,"10.5":null,"10.6":0.006474,"11":null,"11.1":null,"11.5":null,"11.6":null,"12":null,"12.1":0.084162,"15":null,"16":null,"17":null,"18":null,"19":null,"20":null,"21":null,"22":null,"23":null,"24":null,"25":null,"26":null,"27":null,"28":null,"29":null,"30":0.012948,"31":0.006474,"32":null,"33":null,"34":null,"35":null,"36":0.03237,"37":null,"38":0.025896,"39":null,"40":null,"41":0.012948,"42":0.705666,"43":0.012948,"44":null},"safari":{"3.1":null,"3.2":null,"4":0.006474,"5":0.025896,"5.1":0.090636,"6":null,"6.1":0.051792,"7":0.025896,"7.1":0.006474,"8":0.148902,"9":0.168324,"9.1":0.861042,"10":2.861508,"10.1":null,"0":null},"ios_saf":{"3.2":0,"4.0-4.1":0,"4.2-4.3":0,"5.0-5.1":0,"6.0-6.1":0.0400783473898,"7.0-7.1":0.188368232732,"8":0,"8.1-8.4":0.226442662752,"9.0-9.2":0.102199785844,"9.3":0.879719725206,"10.0-10.2":7.94853824608},"android":{"2.1":0,"2.2":0,"2.3":0,"3":0,"4":0.0188275496084,"4.1":0.0608890966057,"4.2-4.3":0.18547139295,"4.4":0.420214883812,"4.4.3-4.4.4":0.235144077023,"53":null},"op_mob":{"10":0,"11":0,"11.1":0,"11.5":0,"12":0,"12.1":0,"0":0.000515958515284},"ie":{"5.5":null,"6":null,"7":0.00648653436592,"8":0.0908114811229,"9":0.188109496612,"10":0.14270375605,"11":6.27247873185},"edge":{"12":0.051792,"13":0.375492,"14":2.634918,"15":null},"bb":{"7":0.0017635,"10":null},"ie_mob":{"10":0.291542504854,"11":1.37672849515},"and_ff":{"0":0.052905},"samsung":{"0":4.260616},"and_uc":{"0":0.109337},"op_mini":{"0":0.235793041485},"and_chr":{"0":18.171245}},"total":98.3745465}