{"id":"FJ","name":"Fiji","month":"2017-01","access_date":"2017-02-02","data":{"chrome":{"4":null,"5":null,"6":null,"7":null,"8":null,"9":null,"10":null,"11":0.014388,"12":0.003597,"13":null,"14":0.010791,"15":null,"16":0.046761,"17":null,"18":0.064746,"19":null,"20":0.003597,"21":0.007194,"22":0.003597,"23":null,"24":null,"25":0.014388,"26":0.003597,"27":null,"28":null,"29":null,"30":0.007194,"31":0.050358,"32":0.068343,"33":0.003597,"34":0.021582,"35":0.010791,"36":0.010791,"37":null,"38":0.021582,"39":0.017985,"40":0.021582,"41":0.014388,"42":0.007194,"43":0.03597,"44":0.010791,"45":0.089925,"46":0.017985,"47":0.021582,"48":0.014388,"49":0.679833,"50":0.075537,"51":0.064746,"52":0.061149,"53":0.169059,"54":0.244596,"55":13.906002,"56":0.240999,"57":0.061149,"58":null,"59":null},"firefox":{"2":null,"3":0.014388,"3.5":null,"3.6":0.021582,"4":0.043164,"5":null,"6":0.014388,"7":null,"8":0.007194,"9":null,"10":0.007194,"11":0.046761,"12":0.017985,"13":null,"14":0.003597,"15":0.010791,"16":0.057552,"17":0.03597,"18":null,"19":0.003597,"20":0.014388,"21":0.010791,"22":0.007194,"23":0.003597,"24":0.007194,"25":null,"26":null,"27":0.014388,"28":0.010791,"29":0.032373,"30":0.043164,"31":0.046761,"32":0.007194,"33":0.021582,"34":0.014388,"35":0.039567,"36":0.010791,"37":0.014388,"38":0.050358,"39":0.025179,"40":0.046761,"41":0.021582,"42":0.014388,"43":0.151074,"44":0.266178,"45":0.07194,"46":0.043164,"47":0.39567,"48":0.43164,"49":0.237402,"50":6.553734,"51":1.017951,"52":0.050358,"53":null,"54":null},"opera":{"9":null,"9.5-9.6":null,"10.0-10.1":0,"10.5":null,"10.6":null,"11":null,"11.1":null,"11.5":null,"11.6":null,"12":null,"12.1":null,"15":null,"16":null,"17":null,"18":null,"19":null,"20":null,"21":null,"22":null,"23":null,"24":null,"25":null,"26":null,"27":null,"28":null,"29":null,"30":null,"31":null,"32":null,"33":null,"34":0.007194,"35":null,"36":0.007194,"37":0.017985,"38":null,"39":null,"40":null,"41":0.025179,"42":0.172656,"43":null,"44":null},"safari":{"3.1":null,"3.2":null,"4":0,"5":0.010791,"5.1":0.021582,"6":null,"6.1":0.003597,"7":0.025179,"7.1":null,"8":0.053955,"9":0.068343,"9.1":0.284163,"10":0.86328,"10.1":null,"0":null},"ios_saf":{"3.2":0,"4.0-4.1":0,"4.2-4.3":0,"5.0-5.1":0,"6.0-6.1":0.0171959346642,"7.0-7.1":0.080820892922,"8":0,"8.1-8.4":0.097157030853,"9.0-9.2":0.0438496333938,"9.3":0.37745076588,"10.0-10.2":3.41038374229},"android":{"2.1":0,"2.2":0,"2.3":0,"3":0,"4":0.109463613577,"4.1":0.354009984334,"4.2-4.3":1.07833304439,"4.4":2.44313469452,"4.4.3-4.4.4":1.36713066319,"53":null},"op_mob":{"10":0,"11":0,"11.1":0,"11.5":0,"12":0,"12.1":0,"0":0.0061503930131},"ie":{"5.5":null,"6":null,"7":null,"8":0.18380740668,"9":0.248680609037,"10":0.313553811395,"11":2.92289817289},"edge":{"12":0.100716,"13":0.233805,"14":0.464013,"15":null},"bb":{"7":0.012804,"10":null},"ie_mob":{"10":0.352420776699,"11":1.6642092233},"and_ff":{"0":0.025608},"samsung":{"0":9.15486},"and_uc":{"0":5.640162},"op_mini":{"0":2.81072960699},"and_chr":{"0":37.919112}},"total":99.075405}