{"id":"FK","name":"Falkland Islands (Malvinas)","month":"2017-01","access_date":"2017-02-02","data":{"chrome":{"4":null,"5":null,"6":null,"7":null,"8":null,"9":null,"10":null,"11":null,"12":null,"13":null,"14":null,"15":null,"16":null,"17":null,"18":null,"19":null,"20":null,"21":null,"22":null,"23":0.2934,"24":null,"25":null,"26":null,"27":null,"28":null,"29":null,"30":null,"31":null,"32":null,"33":null,"34":null,"35":2.34068,"36":null,"37":null,"38":0.07172,"39":null,"40":null,"41":0.18256,"42":0.07172,"43":null,"44":0.02608,"45":0.03912,"46":0.01304,"47":null,"48":null,"49":1.08884,"50":null,"51":0.26732,"52":0.30644,"53":0.14996,"54":0.7824,"55":16.11092,"56":0.08476,"57":0.08476,"58":0.03912,"59":null},"firefox":{"2":null,"3":null,"3.5":null,"3.6":null,"4":null,"5":null,"6":null,"7":null,"8":null,"9":null,"10":null,"11":null,"12":null,"13":null,"14":null,"15":null,"16":null,"17":null,"18":null,"19":null,"20":null,"21":0.0978,"22":null,"23":null,"24":0.16952,"25":null,"26":null,"27":null,"28":null,"29":null,"30":null,"31":0.11084,"32":null,"33":0.01304,"34":null,"35":null,"36":0.05868,"37":0.0978,"38":null,"39":null,"40":null,"41":0.01304,"42":0.2934,"43":0.01304,"44":null,"45":0.12388,"46":0.07172,"47":0.18256,"48":0.41728,"49":0.7498,"50":14.71564,"51":0.40424,"52":null,"53":null,"54":null},"opera":{"9":null,"9.5-9.6":null,"10.0-10.1":0,"10.5":null,"10.6":null,"11":null,"11.1":null,"11.5":null,"11.6":null,"12":null,"12.1":null,"15":null,"16":null,"17":null,"18":null,"19":null,"20":null,"21":null,"22":null,"23":null,"24":null,"25":null,"26":null,"27":null,"28":null,"29":null,"30":null,"31":null,"32":null,"33":null,"34":null,"35":null,"36":null,"37":null,"38":null,"39":null,"40":null,"41":null,"42":0.08476,"43":null,"44":null},"safari":{"3.1":null,"3.2":null,"4":0,"5":null,"5.1":0.05868,"6":0.02608,"6.1":0.12388,"7":1.40832,"7.1":null,"8":0.13692,"9":0.34556,"9.1":0.80848,"10":2.17116,"10.1":null,"0":null},"ios_saf":{"3.2":0,"4.0-4.1":0,"4.2-4.3":0,"5.0-5.1":0,"6.0-6.1":0.0678835913313,"7.0-7.1":0.319052879257,"8":0,"8.1-8.4":0.383542291022,"9.0-9.2":0.173103157895,"9.3":1.49004482972,"10.0-10.2":13.4630132508},"android":{"2.1":0,"2.2":0,"2.3":0,"3":0,"4":0.00811394255875,"4.1":0.0262408355091,"4.2-4.3":0.0799309660574,"4.4":0.181096292428,"4.4.3-4.4.4":0.101337963446,"53":null},"op_mob":{"10":0,"11":0,"11.1":0,"11.5":0,"12":0,"12.1":0,"0":0.00157283842795},"ie":{"5.5":null,"6":0.08476,"7":0.03912,"8":0.26732,"9":1.77996,"10":0.72372,"11":14.10276},"edge":{"12":0.63896,"13":0.3912,"14":0.61288,"15":null},"bb":{"7":0.01218,"10":null},"ie_mob":{"10":0.0650726213592,"11":0.307287378641},"and_ff":{"0":null},"samsung":{"0":4.52052},"and_uc":{"0":null},"op_mini":{"0":0.718787161572},"and_chr":{"0":14.46024}},"total":99.66866}