{"id":"FM","name":"Micronesia","month":"2017-01","access_date":"2017-02-02","data":{"chrome":{"4":null,"5":null,"6":null,"7":null,"8":null,"9":null,"10":null,"11":null,"12":null,"13":null,"14":null,"15":null,"16":null,"17":null,"18":null,"19":null,"20":null,"21":null,"22":null,"23":null,"24":null,"25":0.008003,"26":0.064024,"27":null,"28":null,"29":null,"30":null,"31":0.016006,"32":null,"33":null,"34":null,"35":null,"36":null,"37":null,"38":null,"39":null,"40":0.016006,"41":null,"42":null,"43":0.040015,"44":null,"45":0.024009,"46":0.072027,"47":0.032012,"48":0.040015,"49":0.944354,"50":0.048018,"51":0.16006,"52":0.112042,"53":0.144054,"54":0.304114,"55":58.613972,"56":0.248093,"57":0.144054,"58":null,"59":null},"firefox":{"2":null,"3":null,"3.5":null,"3.6":null,"4":null,"5":null,"6":null,"7":null,"8":null,"9":null,"10":0.008003,"11":0.016006,"12":null,"13":0.008003,"14":null,"15":null,"16":null,"17":null,"18":null,"19":null,"20":null,"21":null,"22":null,"23":null,"24":0.016006,"25":null,"26":null,"27":null,"28":0.016006,"29":null,"30":null,"31":null,"32":null,"33":null,"34":null,"35":null,"36":null,"37":null,"38":null,"39":null,"40":null,"41":0.016006,"42":0.040015,"43":0.184069,"44":0.136051,"45":0.024009,"46":0.120045,"47":0.112042,"48":1.096411,"49":0.072027,"50":3.593347,"51":0.568213,"52":0.016006,"53":null,"54":null},"opera":{"9":null,"9.5-9.6":null,"10.0-10.1":0,"10.5":null,"10.6":null,"11":null,"11.1":null,"11.5":null,"11.6":null,"12":null,"12.1":null,"15":null,"16":null,"17":null,"18":null,"19":null,"20":null,"21":null,"22":null,"23":null,"24":null,"25":null,"26":null,"27":null,"28":null,"29":0.024009,"30":null,"31":null,"32":null,"33":null,"34":null,"35":0.016006,"36":null,"37":null,"38":0.008003,"39":null,"40":null,"41":null,"42":0.048018,"43":null,"44":null},"safari":{"3.1":null,"3.2":null,"4":0,"5":0.016006,"5.1":0.056021,"6":0.016006,"6.1":0.048018,"7":null,"7.1":null,"8":0.312117,"9":0.048018,"9.1":0.328123,"10":0.624234,"10.1":null,"0":null},"ios_saf":{"3.2":0,"4.0-4.1":0,"4.2-4.3":0,"5.0-5.1":0,"6.0-6.1":0.0116431557596,"7.0-7.1":0.05472283207,"8":0,"8.1-8.4":0.0657838300416,"9.0-9.2":0.0296900471869,"9.3":0.255567268923,"10.0-10.2":2.30912886602},"android":{"2.1":0,"2.2":0,"2.3":0,"3":0,"4":0.0398843881636,"4.1":0.128987808529,"4.2-4.3":0.392903653612,"4.4":0.890185599652,"4.4.3-4.4.4":0.498130550044,"53":null},"op_mob":{"10":0,"11":0,"11.1":0,"11.5":0,"12":0,"12.1":0,"0":0.00148174672489},"ie":{"5.5":null,"6":null,"7":null,"8":0.104039,"9":0.184069,"10":0.208078,"11":7.52282},"edge":{"12":0.448168,"13":0.440165,"14":1.136426,"15":null},"bb":{"7":0.001996,"10":null},"ie_mob":{"10":0.0136038058252,"11":0.0642401941748},"and_ff":{"0":null},"samsung":{"0":0.60878},"and_uc":{"0":1.598796},"op_mini":{"0":0.677158253275},"and_chr":{"0":12.919822}},"total":99.223993}