{"id":"FO","name":"Faroe Islands","month":"2017-01","access_date":"2017-02-02","data":{"chrome":{"4":null,"5":null,"6":null,"7":null,"8":null,"9":null,"10":0.005218,"11":0.015654,"12":null,"13":null,"14":null,"15":null,"16":null,"17":null,"18":null,"19":null,"20":null,"21":null,"22":0.015654,"23":null,"24":null,"25":null,"26":null,"27":null,"28":null,"29":null,"30":null,"31":0.010436,"32":0.020872,"33":0.031308,"34":0.015654,"35":null,"36":0.073052,"37":null,"38":0.067834,"39":0.010436,"40":null,"41":0.005218,"42":0.010436,"43":0.010436,"44":0.015654,"45":null,"46":null,"47":0.015654,"48":0.005218,"49":1.22623,"50":0.005218,"51":0.036526,"52":0.02609,"53":0.213938,"54":0.13045,"55":21.221606,"56":0.281772,"57":0.031308,"58":null,"59":null},"firefox":{"2":null,"3":null,"3.5":null,"3.6":null,"4":null,"5":null,"6":null,"7":null,"8":null,"9":null,"10":null,"11":null,"12":null,"13":null,"14":0.005218,"15":null,"16":null,"17":null,"18":null,"19":null,"20":null,"21":null,"22":null,"23":null,"24":0.005218,"25":null,"26":null,"27":null,"28":null,"29":null,"30":null,"31":0.005218,"32":null,"33":null,"34":null,"35":null,"36":null,"37":null,"38":0.031308,"39":0.010436,"40":0.005218,"41":null,"42":null,"43":null,"44":0.020872,"45":0.75661,"46":0.005218,"47":0.015654,"48":0.140886,"49":0.041744,"50":4.111784,"51":0.412222,"52":null,"53":null,"54":null},"opera":{"9":null,"9.5-9.6":null,"10.0-10.1":0,"10.5":null,"10.6":null,"11":null,"11.1":null,"11.5":null,"11.6":null,"12":null,"12.1":0.010436,"15":null,"16":null,"17":null,"18":null,"19":null,"20":null,"21":null,"22":null,"23":null,"24":null,"25":null,"26":null,"27":null,"28":null,"29":null,"30":null,"31":null,"32":null,"33":null,"34":null,"35":null,"36":0.015654,"37":null,"38":null,"39":null,"40":null,"41":null,"42":0.13045,"43":null,"44":null},"safari":{"3.1":null,"3.2":null,"4":0,"5":0.02609,"5.1":0.07827,"6":null,"6.1":0.245246,"7":0.010436,"7.1":0.010436,"8":0.166976,"9":0.10436,"9.1":0.954894,"10":2.144598,"10.1":null,"0":null},"ios_saf":{"3.2":0,"4.0-4.1":0,"4.2-4.3":0,"5.0-5.1":0,"6.0-6.1":0.126036101206,"7.0-7.1":0.59236967567,"8":0,"8.1-8.4":0.712103971816,"9.0-9.2":0.321392058076,"9.3":2.76649242148,"10.0-10.2":24.9961097718},"android":{"2.1":0,"2.2":0,"2.3":0,"3":0,"4":0.00948700522193,"4.1":0.0306813785901,"4.2-4.3":0.0934570939948,"4.4":0.211741882507,"4.4.3-4.4.4":0.118486639687,"53":null},"op_mob":{"10":0,"11":0,"11.1":0,"11.5":0,"12":0,"12.1":0,"0":0.000302790393013},"ie":{"5.5":null,"6":null,"7":0.02609,"8":0.140886,"9":0.302644,"10":0.187848,"11":12.998038},"edge":{"12":0.031308,"13":0.490492,"14":4.711854,"15":null},"bb":{"7":0.0035865,"10":null},"ie_mob":{"10":0.17298768932,"11":0.81688631068},"and_ff":{"0":0.033474},"samsung":{"0":6.211818},"and_uc":{"0":null},"op_mini":{"0":0.138375209607},"and_chr":{"0":10.17784}},"total":99.3901125}