{"id":"FR","name":"France","month":"2017-01","access_date":"2017-02-02","data":{"chrome":{"4":null,"5":null,"6":null,"7":null,"8":null,"9":null,"10":null,"11":0.013882,"12":null,"13":null,"14":null,"15":null,"16":0.020823,"17":null,"18":0.006941,"19":null,"20":null,"21":null,"22":0.013882,"23":0.013882,"24":0.006941,"25":0.020823,"26":0.006941,"27":0.006941,"28":null,"29":0.027764,"30":0.006941,"31":0.034705,"32":0.034705,"33":0.020823,"34":0.041646,"35":0.048587,"36":0.083292,"37":0.034705,"38":0.048587,"39":0.076351,"40":0.048587,"41":0.104115,"42":0.111056,"43":0.194348,"44":0.062469,"45":0.097174,"46":0.083292,"47":0.090233,"48":0.20823,"49":1.915716,"50":0.201289,"51":1.193852,"52":0.222112,"53":0.312345,"54":0.728805,"55":26.972726,"56":0.388696,"57":0.041646,"58":null,"59":null},"firefox":{"2":null,"3":0.013882,"3.5":null,"3.6":0.020823,"4":null,"5":null,"6":null,"7":null,"8":null,"9":null,"10":null,"11":null,"12":0.013882,"13":null,"14":null,"15":0.006941,"16":0.027764,"17":0.013882,"18":null,"19":null,"20":0.013882,"21":0.013882,"22":null,"23":0.006941,"24":0.06941,"25":0.006941,"26":0.013882,"27":0.006941,"28":0.006941,"29":0.013882,"30":0.013882,"31":0.173525,"32":0.013882,"33":0.020823,"34":0.027764,"35":0.041646,"36":0.041646,"37":0.034705,"38":0.291522,"39":0.041646,"40":0.034705,"41":0.076351,"42":0.076351,"43":0.187407,"44":0.048587,"45":0.888448,"46":0.145761,"47":0.596926,"48":0.749628,"49":0.215171,"50":11.147246,"51":1.395141,"52":0.027764,"53":null,"54":null},"opera":{"9":null,"9.5-9.6":null,"10.0-10.1":0,"10.5":null,"10.6":null,"11":null,"11.1":null,"11.5":null,"11.6":null,"12":0.006941,"12.1":0.027764,"15":null,"16":null,"17":null,"18":null,"19":null,"20":null,"21":null,"22":null,"23":null,"24":null,"25":null,"26":null,"27":null,"28":0.013882,"29":null,"30":null,"31":null,"32":null,"33":null,"34":null,"35":null,"36":0.034705,"37":null,"38":0.159643,"39":0.006941,"40":null,"41":0.020823,"42":0.41646,"43":null,"44":null},"safari":{"3.1":null,"3.2":null,"4":0.027764,"5":0.090233,"5.1":0.194348,"6":0.020823,"6.1":0.131879,"7":0.055528,"7.1":0.013882,"8":0.229053,"9":0.298463,"9.1":1.277144,"10":3.921665,"10.1":null,"0":null},"ios_saf":{"3.2":0,"4.0-4.1":0,"4.2-4.3":0,"5.0-5.1":0,"6.0-6.1":0.0432130671506,"7.0-7.1":0.203101415608,"8":0,"8.1-8.4":0.244153829401,"9.0-9.2":0.110193321234,"9.3":0.948526823956,"10.0-10.2":8.57023154265},"android":{"2.1":0,"2.2":0,"2.3":0,"3":0,"4":0.0200897389034,"4.1":0.0649710704961,"4.2-4.3":0.197905300261,"4.4":0.448385874674,"4.4.3-4.4.4":0.250908015666,"53":null},"op_mob":{"10":0,"11":0,"11.1":0,"11.5":0,"12":0,"12.1":0,"0":0.000427598253275},"ie":{"5.5":null,"6":0.00708070233051,"7":0.0212421069915,"8":0.325712307203,"9":0.290308795551,"10":0.375277223517,"11":5.66456186441},"edge":{"12":0.104115,"13":0.409519,"14":3.234506,"15":null},"bb":{"7":0.014535,"10":null},"ie_mob":{"10":0.0919782524272,"11":0.434341747573},"and_ff":{"0":0.05202},"samsung":{"0":3.54654},"and_uc":{"0":0.44676},"op_mini":{"0":0.195412401747},"and_chr":{"0":14.882125}},"total":98.23234}