{"id":"GB","name":"United Kingdom","month":"2017-01","access_date":"2017-02-02","data":{"chrome":{"4":null,"5":null,"6":null,"7":null,"8":null,"9":null,"10":null,"11":0.016314,"12":null,"13":null,"14":null,"15":null,"16":null,"17":null,"18":null,"19":0.168578,"20":null,"21":0.010876,"22":0.038066,"23":null,"24":0.500296,"25":null,"26":0.010876,"27":null,"28":null,"29":0.005438,"30":0.174016,"31":0.016314,"32":0.038066,"33":0.016314,"34":0.02719,"35":0.348032,"36":0.05438,"37":0.032628,"38":0.05438,"39":0.043504,"40":0.038066,"41":0.08157,"42":0.076132,"43":0.119636,"44":0.038066,"45":0.059818,"46":0.048942,"47":0.043504,"48":0.05438,"49":1.076724,"50":0.08157,"51":0.32628,"52":0.13595,"53":0.184892,"54":0.864642,"55":23.13869,"56":0.331718,"57":0.038066,"58":null,"59":null},"firefox":{"2":0.16314,"3":0.005438,"3.5":null,"3.6":0.005438,"4":null,"5":null,"6":null,"7":null,"8":null,"9":null,"10":null,"11":null,"12":null,"13":null,"14":null,"15":0.168578,"16":0.005438,"17":null,"18":0.157702,"19":null,"20":null,"21":0.168578,"22":null,"23":0.168578,"24":null,"25":0.337156,"26":null,"27":null,"28":null,"29":null,"30":null,"31":0.016314,"32":0.005438,"33":0.005438,"34":0.02719,"35":0.021752,"36":0.02719,"37":0.010876,"38":0.048942,"39":0.016314,"40":0.010876,"41":0.016314,"42":0.016314,"43":0.048942,"44":0.016314,"45":0.157702,"46":0.038066,"47":0.174016,"48":0.266462,"49":0.08157,"50":4.475474,"51":0.576428,"52":0.016314,"53":null,"54":null},"opera":{"9":null,"9.5-9.6":null,"10.0-10.1":0.16314,"10.5":null,"10.6":null,"11":null,"11.1":null,"11.5":null,"11.6":null,"12":null,"12.1":0.021752,"15":null,"16":null,"17":null,"18":null,"19":null,"20":null,"21":null,"22":null,"23":null,"24":null,"25":null,"26":null,"27":null,"28":null,"29":null,"30":null,"31":null,"32":null,"33":null,"34":null,"35":null,"36":0.032628,"37":0.005438,"38":0.02719,"39":null,"40":null,"41":0.010876,"42":0.29909,"43":null,"44":null},"safari":{"3.1":null,"3.2":null,"4":0.010876,"5":0.206644,"5.1":0.130512,"6":0.010876,"6.1":0.076132,"7":0.048942,"7.1":0.010876,"8":0.206644,"9":0.233834,"9.1":0.935336,"10":3.12685,"10.1":null,"0":null},"ios_saf":{"3.2":0,"4.0-4.1":0,"4.2-4.3":0,"5.0-5.1":0,"6.0-6.1":0.0902562015587,"7.0-7.1":0.424204147326,"8":0,"8.1-8.4":0.509947538806,"9.0-9.2":0.230153313975,"9.3":1.98112362421,"10.0-10.2":17.9000611741},"android":{"2.1":0,"2.2":0,"2.3":0,"3":0,"4":0.0217399747607,"4.1":0.0703080034813,"4.2-4.3":0.214161879025,"4.4":0.485217734552,"4.4.3-4.4.4":0.271518408181,"53":null},"op_mob":{"10":0,"11":0,"11.1":0,"11.5":0,"12":0,"12.1":0,"0":0.00123512663755},"ie":{"5.5":null,"6":null,"7":0.0109144310954,"8":0.540264339223,"9":0.5948364947,"10":0.600293710247,"11":5.97565102473},"edge":{"12":0.119636,"13":0.429602,"14":3.48032,"15":null},"bb":{"7":0.1243145,"10":null},"ie_mob":{"10":0.125167106796,"11":0.591066893204},"and_ff":{"0":0.063868},"samsung":{"0":4.644116},"and_uc":{"0":0.816598},"op_mini":{"0":0.564452873362},"and_chr":{"0":15.876602}},"total":97.8634725}