{"id":"GD","name":"Grenada","month":"2017-01","access_date":"2017-02-02","data":{"chrome":{"4":null,"5":null,"6":null,"7":null,"8":null,"9":null,"10":null,"11":0.005585,"12":null,"13":null,"14":null,"15":null,"16":null,"17":null,"18":null,"19":null,"20":null,"21":0.016755,"22":0.07819,"23":null,"24":null,"25":null,"26":null,"27":null,"28":0.016755,"29":0.01117,"30":null,"31":0.04468,"32":0.094945,"33":0.005585,"34":0.05585,"35":0.02234,"36":0.12287,"37":null,"38":0.03351,"39":0.04468,"40":0.005585,"41":null,"42":null,"43":0.05585,"44":0.02234,"45":0.16755,"46":0.005585,"47":0.02234,"48":0.016755,"49":1.144925,"50":0.18989,"51":0.08936,"52":0.195475,"53":0.474725,"54":0.363025,"55":31.661365,"56":0.48031,"57":0.217815,"58":0.01117,"59":null},"firefox":{"2":null,"3":null,"3.5":null,"3.6":0.01117,"4":null,"5":null,"6":null,"7":null,"8":null,"9":null,"10":null,"11":null,"12":null,"13":null,"14":null,"15":null,"16":null,"17":null,"18":null,"19":null,"20":null,"21":0.039095,"22":null,"23":null,"24":null,"25":null,"26":null,"27":null,"28":null,"29":null,"30":null,"31":null,"32":null,"33":null,"34":null,"35":null,"36":null,"37":null,"38":0.03351,"39":0.02234,"40":0.03351,"41":0.01117,"42":0.005585,"43":0.039095,"44":0.016755,"45":0.016755,"46":0.01117,"47":0.150795,"48":0.251325,"49":0.094945,"50":4.50151,"51":0.485895,"52":0.016755,"53":null,"54":null},"opera":{"9":null,"9.5-9.6":null,"10.0-10.1":0,"10.5":null,"10.6":null,"11":null,"11.1":null,"11.5":null,"11.6":null,"12":null,"12.1":0.005585,"15":null,"16":null,"17":null,"18":null,"19":null,"20":null,"21":null,"22":null,"23":null,"24":null,"25":null,"26":null,"27":null,"28":null,"29":0.027925,"30":0.005585,"31":null,"32":null,"33":0.005585,"34":null,"35":null,"36":0.02234,"37":null,"38":null,"39":null,"40":null,"41":null,"42":0.642275,"43":null,"44":null},"safari":{"3.1":null,"3.2":null,"4":0,"5":0.01117,"5.1":0.027925,"6":null,"6.1":0.016755,"7":null,"7.1":null,"8":0.094945,"9":0.083775,"9.1":0.51382,"10":1.53029,"10.1":null,"0":null},"ios_saf":{"3.2":0,"4.0-4.1":0,"4.2-4.3":0,"5.0-5.1":0,"6.0-6.1":0.0226755289847,"7.0-7.1":0.106574986228,"8":0,"8.1-8.4":0.128116738764,"9.0-9.2":0.0578225989111,"9.3":0.497727861215,"10.0-10.2":4.4971242859},"android":{"2.1":0,"2.2":0,"2.3":0,"3":0,"4":0.0927151288077,"4.1":0.299844671889,"4.2-4.3":0.913342651871,"4.4":2.06932276849,"4.4.3-4.4.4":1.15795277894,"53":null},"op_mob":{"10":0,"11":0,"11.1":0,"11.5":0,"12":0,"12.1":0,"0":0.00167693449782},"ie":{"5.5":null,"6":null,"7":null,"8":0.12287,"9":0.15638,"10":0.161965,"11":3.70844},"edge":{"12":0.150795,"13":0.35744,"14":3.20579,"15":null},"bb":{"7":0.108143,"10":null},"ie_mob":{"10":0.18898776699,"11":0.89244223301},"and_ff":{"0":0.004414},"samsung":{"0":4.052052},"and_uc":{"0":0.604718},"op_mini":{"0":0.766359065502},"and_chr":{"0":29.785463}},"total":98.517491}