{"id":"GE","name":"Georgia","month":"2017-01","access_date":"2017-02-02","data":{"chrome":{"4":null,"5":0.007895,"6":null,"7":null,"8":0.01579,"9":null,"10":null,"11":0.023685,"12":0.023685,"13":null,"14":null,"15":0.01579,"16":0.007895,"17":0.023685,"18":0.01579,"19":0.023685,"20":0.023685,"21":0.023685,"22":0.06316,"23":0.03158,"24":0.03158,"25":0.023685,"26":0.03158,"27":0.023685,"28":0.023685,"29":0.01579,"30":0.039475,"31":0.039475,"32":0.023685,"33":0.071055,"34":0.01579,"35":0.03158,"36":0.055265,"37":0.01579,"38":0.023685,"39":0.12632,"40":0.055265,"41":0.102635,"42":0.03158,"43":0.228955,"44":0.04737,"45":0.055265,"46":0.06316,"47":0.12632,"48":0.071055,"49":2.35271,"50":0.118425,"51":0.450015,"52":0.25264,"53":0.434225,"54":0.465805,"55":51.3175,"56":0.90003,"57":0.1579,"58":0.01579,"59":null},"firefox":{"2":null,"3":0.007895,"3.5":0.01579,"3.6":0.04737,"4":null,"5":null,"6":null,"7":null,"8":null,"9":0.007895,"10":null,"11":0.01579,"12":0.007895,"13":null,"14":null,"15":null,"16":null,"17":null,"18":null,"19":null,"20":null,"21":0.01579,"22":null,"23":null,"24":0.007895,"25":null,"26":null,"27":null,"28":null,"29":null,"30":null,"31":0.007895,"32":null,"33":null,"34":null,"35":0.01579,"36":null,"37":0.03158,"38":0.01579,"39":null,"40":0.007895,"41":null,"42":0.007895,"43":0.06316,"44":0.01579,"45":0.039475,"46":0.03158,"47":0.20527,"48":0.07895,"49":0.09474,"50":2.13165,"51":0.307905,"52":0.007895,"53":null,"54":null},"opera":{"9":null,"9.5-9.6":null,"10.0-10.1":0,"10.5":null,"10.6":0.007895,"11":null,"11.1":null,"11.5":0.007895,"11.6":0.03158,"12":0.039475,"12.1":0.307905,"15":0.04737,"16":0.01579,"17":0.01579,"18":0.04737,"19":0.01579,"20":0.071055,"21":null,"22":0.007895,"23":null,"24":null,"25":null,"26":null,"27":0.01579,"28":0.04737,"29":0.023685,"30":0.03158,"31":0.023685,"32":0.01579,"33":0.01579,"34":0.055265,"35":0.06316,"36":0.44212,"37":0.04737,"38":0.118425,"39":0.06316,"40":0.07895,"41":0.244745,"42":7.38972,"43":0.055265,"44":0.007895},"safari":{"3.1":null,"3.2":null,"4":0.007895,"5":0.007895,"5.1":0.01579,"6":null,"6.1":0.007895,"7":null,"7.1":null,"8":0.023685,"9":0.023685,"9.1":0.09474,"10":0.244745,"10.1":null,"0":null},"ios_saf":{"3.2":0,"4.0-4.1":0,"4.2-4.3":0,"5.0-5.1":0,"6.0-6.1":0.014695010142,"7.0-7.1":0.0690665476673,"8":0,"8.1-8.4":0.0830268073022,"9.0-9.2":0.0374722758621,"9.3":0.322555472617,"10.0-10.2":2.91438788641},"android":{"2.1":0,"2.2":0,"2.3":0,"3":0,"4":0.0267483994778,"4.1":0.086505462141,"4.2-4.3":0.263500190601,"4.4":0.597001511749,"4.4.3-4.4.4":0.334070436031,"53":null},"op_mob":{"10":0,"11":0,"11.1":0,"11.5":0,"12":0,"12.1":0,"0":0.00308082969432},"ie":{"5.5":null,"6":null,"7":null,"8":0.336243894737,"9":0.0960696842105,"10":0.0640464561404,"11":1.78529496491},"edge":{"12":0.04737,"13":1.27899,"14":0.923715,"15":null},"bb":{"7":0.006318,"10":null},"ie_mob":{"10":0.0644067961165,"11":0.304143203883},"and_ff":{"0":0.006318},"samsung":{"0":1.503684},"and_uc":{"0":0.328536},"op_mini":{"0":1.40793917031},"and_chr":{"0":13.064386}},"total":97.079837}