{"id":"GF","name":"French Guiana","month":"2017-01","access_date":"2017-02-02","data":{"chrome":{"4":null,"5":null,"6":null,"7":null,"8":null,"9":null,"10":null,"11":null,"12":0.06445,"13":null,"14":null,"15":null,"16":null,"17":null,"18":0.01289,"19":null,"20":null,"21":null,"22":null,"23":null,"24":null,"25":null,"26":null,"27":null,"28":null,"29":0.05156,"30":null,"31":0.01289,"32":0.3867,"33":0.006445,"34":0.03867,"35":0.006445,"36":2.03662,"37":0.02578,"38":0.006445,"39":0.174015,"40":0.01289,"41":0.01289,"42":0.418925,"43":0.070895,"44":0.238465,"45":0.186905,"46":0.01289,"47":0.019335,"48":0.02578,"49":1.19877,"50":0.05156,"51":0.070895,"52":0.18046,"53":0.19335,"54":0.444705,"55":29.0025,"56":0.431815,"57":0.006445,"58":0.006445,"59":null},"firefox":{"2":null,"3":0.006445,"3.5":null,"3.6":0.006445,"4":null,"5":null,"6":null,"7":null,"8":null,"9":null,"10":null,"11":null,"12":null,"13":null,"14":null,"15":null,"16":null,"17":null,"18":null,"19":null,"20":null,"21":null,"22":0.01289,"23":null,"24":0.01289,"25":null,"26":null,"27":null,"28":null,"29":null,"30":null,"31":0.02578,"32":null,"33":null,"34":0.006445,"35":0.01289,"36":null,"37":0.07734,"38":0.122455,"39":0.01289,"40":0.109565,"41":0.019335,"42":0.006445,"43":0.083785,"44":0.05156,"45":0.122455,"46":0.01289,"47":0.23202,"48":0.24491,"49":0.109565,"50":11.05962,"51":1.09565,"52":null,"53":null,"54":null},"opera":{"9":null,"9.5-9.6":null,"10.0-10.1":0,"10.5":null,"10.6":null,"11":null,"11.1":null,"11.5":null,"11.6":null,"12":null,"12.1":0.02578,"15":null,"16":null,"17":null,"18":null,"19":null,"20":null,"21":null,"22":null,"23":null,"24":null,"25":null,"26":null,"27":null,"28":null,"29":null,"30":0.01289,"31":null,"32":0.01289,"33":null,"34":null,"35":null,"36":0.032225,"37":null,"38":null,"39":null,"40":null,"41":null,"42":0.264245,"43":null,"44":null},"safari":{"3.1":null,"3.2":null,"4":0.01289,"5":0.006445,"5.1":0.07734,"6":null,"6.1":0.14179,"7":0.01289,"7.1":null,"8":0.11601,"9":0.264245,"9.1":0.638055,"10":2.429765,"10.1":null,"0":null},"ios_saf":{"3.2":0,"4.0-4.1":0,"4.2-4.3":0,"5.0-5.1":0,"6.0-6.1":0.0211167075905,"7.0-7.1":0.0992485256752,"8":0,"8.1-8.4":0.119309397886,"9.0-9.2":0.0538476043557,"9.3":0.463511731611,"10.0-10.2":4.18797103288},"android":{"2.1":0,"2.2":0,"2.3":0,"3":0,"4":0.029883348564,"4.1":0.0966440208877,"4.2-4.3":0.294382774151,"4.4":0.666970907311,"4.4.3-4.4.4":0.373223949086,"53":null},"op_mob":{"10":0,"11":0,"11.1":0,"11.5":0,"12":0,"12.1":0,"0":0.000760676855895},"ie":{"5.5":null,"6":null,"7":0.0352051171393,"8":0.33092810111,"9":0.661856202219,"10":0.168984562269,"11":4.50625499383},"edge":{"12":0.251355,"13":0.48982,"14":3.20961,"15":null},"bb":{"7":0.01333125,"10":null},"ie_mob":{"10":0.0260930097087,"11":0.123216990291},"and_ff":{"0":0.124425},"samsung":{"0":4.72104},"and_uc":{"0":0.223965},"op_mini":{"0":0.347629323144},"and_chr":{"0":24.271335}},"total":98.8124802266}