{"id":"GG","name":"Guernsey","month":"2017-01","access_date":"2017-02-02","data":{"chrome":{"4":null,"5":null,"6":null,"7":null,"8":null,"9":null,"10":null,"11":0.021252,"12":null,"13":null,"14":null,"15":null,"16":null,"17":null,"18":null,"19":null,"20":null,"21":null,"22":0.026565,"23":null,"24":null,"25":null,"26":0.010626,"27":null,"28":null,"29":null,"30":null,"31":null,"32":0.005313,"33":0.021252,"34":null,"35":null,"36":0.026565,"37":null,"38":0.015939,"39":0.021252,"40":0.010626,"41":null,"42":0.021252,"43":0.031878,"44":0.05313,"45":0.015939,"46":null,"47":0.015939,"48":0.042504,"49":1.014783,"50":0.021252,"51":0.042504,"52":0.037191,"53":0.037191,"54":0.292215,"55":22.484616,"56":0.217833,"57":0.015939,"58":null,"59":null},"firefox":{"2":null,"3":null,"3.5":null,"3.6":null,"4":null,"5":null,"6":null,"7":null,"8":null,"9":null,"10":null,"11":null,"12":null,"13":null,"14":null,"15":null,"16":null,"17":null,"18":null,"19":null,"20":null,"21":0.276276,"22":null,"23":null,"24":null,"25":null,"26":null,"27":null,"28":0.010626,"29":null,"30":0.058443,"31":0.090321,"32":0.037191,"33":null,"34":0.005313,"35":null,"36":null,"37":null,"38":null,"39":null,"40":null,"41":0.005313,"42":0.015939,"43":0.010626,"44":null,"45":0.127512,"46":0.005313,"47":0.05313,"48":0.255024,"49":0.069069,"50":3.952872,"51":0.626934,"52":0.696003,"53":null,"54":null},"opera":{"9":null,"9.5-9.6":null,"10.0-10.1":0,"10.5":null,"10.6":null,"11":null,"11.1":null,"11.5":null,"11.6":null,"12":null,"12.1":null,"15":null,"16":null,"17":null,"18":null,"19":null,"20":null,"21":null,"22":null,"23":null,"24":null,"25":null,"26":null,"27":null,"28":null,"29":null,"30":null,"31":null,"32":null,"33":null,"34":null,"35":null,"36":null,"37":null,"38":null,"39":null,"40":null,"41":0.015939,"42":0.154077,"43":null,"44":null},"safari":{"3.1":null,"3.2":0.090321,"4":0.010626,"5":0.334719,"5.1":0.201894,"6":0.010626,"6.1":0.196581,"7":0.069069,"7.1":null,"8":0.228459,"9":0.355971,"9.1":1.349502,"10":5.238618,"10.1":null,"0":null},"ios_saf":{"3.2":0,"4.0-4.1":0,"4.2-4.3":0,"5.0-5.1":0,"6.0-6.1":0.127202100993,"7.0-7.1":0.597849874666,"8":0,"8.1-8.4":0.71869187061,"9.0-9.2":0.324365357532,"9.3":2.79208611679,"10.0-10.2":25.2273566794},"android":{"2.1":0,"2.2":0,"2.3":0,"3":0,"4":0.014478127067,"4.1":0.0468228790252,"4.2-4.3":0.142624953873,"4.4":0.323139474326,"4.4.3-4.4.4":0.180822565709,"53":null},"op_mob":{"10":0,"11":0,"11.1":0,"11.5":0,"12":0,"12.1":0,"0":0.000102358078603},"ie":{"5.5":null,"6":null,"7":null,"8":0.217833,"9":0.446292,"10":0.122199,"11":8.362662},"edge":{"12":0.10626,"13":0.340032,"14":3.894429,"15":null},"bb":{"7":0.009376,"10":null},"ie_mob":{"10":0.123708582524,"11":0.584179417476},"and_ff":{"0":0.032816},"samsung":{"0":4.73488},"and_uc":{"0":0.02344},"op_mini":{"0":0.0467776419214},"and_chr":{"0":10.586128}},"total":99.182418}