{"id":"GH","name":"Ghana","month":"2017-01","access_date":"2017-02-02","data":{"chrome":{"4":null,"5":null,"6":null,"7":null,"8":null,"9":null,"10":null,"11":0.02992,"12":null,"13":null,"14":null,"15":null,"16":null,"17":0.002992,"18":0.002992,"19":0.008976,"20":0.005984,"21":0.005984,"22":0.005984,"23":0.017952,"24":0.005984,"25":0.011968,"26":0.005984,"27":0.023936,"28":0.011968,"29":0.026928,"30":0.008976,"31":0.038896,"32":0.086768,"33":0.056848,"34":0.005984,"35":0.023936,"36":0.035904,"37":0.008976,"38":0.005984,"39":0.01496,"40":0.01496,"41":0.01496,"42":0.011968,"43":0.218416,"44":0.01496,"45":0.04488,"46":0.026928,"47":0.04488,"48":0.032912,"49":0.505648,"50":0.086768,"51":0.158576,"52":0.170544,"53":0.406912,"54":0.245344,"55":11.240944,"56":0.266288,"57":0.143616,"58":null,"59":null},"firefox":{"2":null,"3":0.062832,"3.5":null,"3.6":0.023936,"4":0.011968,"5":0.005984,"6":null,"7":0.005984,"8":0.002992,"9":0.002992,"10":0.017952,"11":0.017952,"12":0.017952,"13":0.008976,"14":0.011968,"15":0.01496,"16":0.017952,"17":0.011968,"18":0.011968,"19":0.011968,"20":0.01496,"21":0.01496,"22":0.01496,"23":0.017952,"24":0.011968,"25":0.011968,"26":0.008976,"27":0.01496,"28":0.01496,"29":0.047872,"30":0.062832,"31":0.035904,"32":0.023936,"33":0.026928,"34":0.035904,"35":0.056848,"36":0.050864,"37":0.080784,"38":0.083776,"39":0.086768,"40":0.13464,"41":0.086768,"42":0.0748,"43":0.296208,"44":0.460768,"45":0.161568,"46":0.185504,"47":0.64328,"48":0.308176,"49":0.451792,"50":4.912864,"51":1.277584,"52":0.125664,"53":0.011968,"54":null},"opera":{"9":null,"9.5-9.6":null,"10.0-10.1":0,"10.5":null,"10.6":null,"11":null,"11.1":null,"11.5":0.005984,"11.6":0.008976,"12":0.002992,"12.1":0.01496,"15":0.002992,"16":0.002992,"17":0.002992,"18":null,"19":0.005984,"20":0.002992,"21":0.002992,"22":null,"23":null,"24":null,"25":null,"26":null,"27":null,"28":0.005984,"29":0.011968,"30":null,"31":0.008976,"32":0.002992,"33":0.011968,"34":0.008976,"35":0.026928,"36":0.023936,"37":0.08976,"38":0.011968,"39":0.011968,"40":0.020944,"41":0.035904,"42":0.700128,"43":0.008976,"44":null},"safari":{"3.1":null,"3.2":null,"4":0.002992,"5":0.005984,"5.1":0.023936,"6":0.005984,"6.1":0.008976,"7":0.008976,"7.1":0.005984,"8":0.053856,"9":0.05984,"9.1":0.122672,"10":0.47872,"10.1":null,"0":null},"ios_saf":{"3.2":0,"4.0-4.1":0,"4.2-4.3":0,"5.0-5.1":0,"6.0-6.1":0.0131675883421,"7.0-7.1":0.0618876652076,"8":0,"8.1-8.4":0.0743968741326,"9.0-9.2":0.0335773502722,"9.3":0.289028564108,"10.0-10.2":2.61146195794},"android":{"2.1":0,"2.2":0,"2.3":0,"3":0,"4":0.0930222036554,"4.1":0.300837765013,"4.2-4.3":0.916367665796,"4.4":2.07617641775,"4.4.3-4.4.4":1.16178794778,"53":null},"op_mob":{"10":0,"11":0,"11.1":0,"11.5":0,"12":0,"12.1":0,"0":0.0783427074236},"ie":{"5.5":null,"6":0.00608,"7":0.00304,"8":0.19456,"9":0.0608,"10":0.11552,"11":0.75696},"edge":{"12":0.197472,"13":0.200464,"14":0.415888,"15":null},"bb":{"7":0.057816,"10":null},"ie_mob":{"10":0.339241631068,"11":1.60197436893},"and_ff":{"0":0.063072},"samsung":{"0":1.597824},"and_uc":{"0":6.461376},"op_mini":{"0":35.8026172926},"and_chr":{"0":16.163632}},"total":97.7758}