{"id":"GI","name":"Gibraltar","month":"2017-01","access_date":"2017-02-02","data":{"chrome":{"4":null,"5":null,"6":null,"7":null,"8":null,"9":null,"10":null,"11":null,"12":null,"13":null,"14":null,"15":null,"16":null,"17":null,"18":null,"19":null,"20":0.025395,"21":null,"22":null,"23":null,"24":null,"25":null,"26":null,"27":null,"28":null,"29":null,"30":null,"31":null,"32":0.06772,"33":null,"34":null,"35":null,"36":0.025395,"37":null,"38":null,"39":0.262415,"40":null,"41":0.042325,"42":null,"43":0.008465,"44":null,"45":null,"46":0.008465,"47":null,"48":null,"49":1.244355,"50":9.438475,"51":32.81034,"52":0.01693,"53":0.01693,"54":0.093115,"55":7.830125,"56":0.059255,"57":0.042325,"58":null,"59":null},"firefox":{"2":null,"3":null,"3.5":null,"3.6":0.008465,"4":null,"5":null,"6":null,"7":null,"8":null,"9":null,"10":null,"11":null,"12":null,"13":null,"14":null,"15":null,"16":null,"17":null,"18":null,"19":null,"20":null,"21":null,"22":null,"23":null,"24":null,"25":null,"26":null,"27":null,"28":null,"29":null,"30":null,"31":null,"32":null,"33":0.01693,"34":null,"35":null,"36":0.025395,"37":null,"38":0.81264,"39":null,"40":0.008465,"41":null,"42":null,"43":0.03386,"44":null,"45":1.701465,"46":3.92776,"47":9.590845,"48":0.01693,"49":0.008465,"50":1.159705,"51":0.126975,"52":null,"53":null,"54":null},"opera":{"9":null,"9.5-9.6":null,"10.0-10.1":0,"10.5":null,"10.6":null,"11":null,"11.1":null,"11.5":null,"11.6":null,"12":null,"12.1":null,"15":null,"16":null,"17":null,"18":null,"19":null,"20":null,"21":null,"22":null,"23":null,"24":null,"25":null,"26":null,"27":null,"28":null,"29":null,"30":null,"31":null,"32":null,"33":null,"34":null,"35":null,"36":null,"37":null,"38":0.025395,"39":null,"40":null,"41":null,"42":0.03386,"43":null,"44":null},"safari":{"3.1":null,"3.2":null,"4":0,"5":null,"5.1":0.025395,"6":null,"6.1":0.10158,"7":null,"7.1":null,"8":0.871895,"9":1.616815,"9.1":3.57223,"10":0.94808,"10.1":null,"0":null},"ios_saf":{"3.2":0,"4.0-4.1":0,"4.2-4.3":0,"5.0-5.1":0,"6.0-6.1":0.0372188747731,"7.0-7.1":0.174928711434,"8":0,"8.1-8.4":0.210286642468,"9.0-9.2":0.0949081306715,"9.3":0.81695430127,"10.0-10.2":7.38143333938},"android":{"2.1":0,"2.2":0,"2.3":0,"3":0,"4":0.00696962140992,"4.1":0.0225400522193,"4.2-4.3":0.0686581853786,"4.4":0.155556018277,"4.4.3-4.4.4":0.0870461227154,"53":null},"op_mob":{"10":0,"11":0,"11.1":0,"11.5":0,"12":0,"12.1":0,"0":3.35152838428e-5},"ie":{"5.5":null,"6":null,"7":null,"8":0.414785,"9":0.08465,"10":0.076185,"11":4.65575},"edge":{"12":0.01693,"13":0.86343,"14":0.736455,"15":null},"bb":{"7":0.0023025,"10":null},"ie_mob":{"10":0.0112666019417,"11":0.0532033980583},"and_ff":{"0":0.013815},"samsung":{"0":1.17888},"and_uc":{"0":0.21183},"op_mini":{"0":0.0153164847162},"and_chr":{"0":4.786175}},"total":98.8026875}