{"id":"GL","name":"Greenland","month":"2017-01","access_date":"2017-02-02","data":{"chrome":{"4":null,"5":null,"6":null,"7":null,"8":null,"9":null,"10":null,"11":null,"12":0.008914,"13":null,"14":null,"15":null,"16":null,"17":null,"18":null,"19":null,"20":null,"21":null,"22":0.004457,"23":null,"24":null,"25":null,"26":null,"27":null,"28":null,"29":0.022285,"30":null,"31":0.008914,"32":0.017828,"33":0.008914,"34":0.017828,"35":0.013371,"36":null,"37":null,"38":null,"39":0.013371,"40":null,"41":null,"42":null,"43":null,"44":0.008914,"45":0.075769,"46":0.017828,"47":null,"48":null,"49":0.66855,"50":0.022285,"51":0.026742,"52":0.040113,"53":0.066855,"54":0.31199,"55":14.873009,"56":0.196108,"57":0.008914,"58":null,"59":null},"firefox":{"2":null,"3":0.071312,"3.5":null,"3.6":4.162838,"4":null,"5":null,"6":null,"7":null,"8":null,"9":null,"10":null,"11":null,"12":null,"13":null,"14":null,"15":null,"16":null,"17":null,"18":null,"19":null,"20":null,"21":null,"22":null,"23":null,"24":null,"25":null,"26":null,"27":null,"28":null,"29":null,"30":null,"31":null,"32":null,"33":0.049027,"34":null,"35":null,"36":0.004457,"37":null,"38":0.004457,"39":0.04457,"40":null,"41":0.008914,"42":0.017828,"43":0.013371,"44":0.013371,"45":0.013371,"46":0.004457,"47":0.075769,"48":0.191651,"49":0.200565,"50":4.439172,"51":0.499184,"52":null,"53":null,"54":null},"opera":{"9":null,"9.5-9.6":null,"10.0-10.1":0,"10.5":0.013371,"10.6":null,"11":null,"11.1":null,"11.5":null,"11.6":null,"12":null,"12.1":0.013371,"15":null,"16":null,"17":null,"18":null,"19":null,"20":null,"21":null,"22":null,"23":null,"24":null,"25":null,"26":null,"27":null,"28":null,"29":null,"30":null,"31":null,"32":null,"33":null,"34":null,"35":null,"36":0.008914,"37":null,"38":0.111425,"39":null,"40":0.004457,"41":null,"42":0.17828,"43":null,"44":null},"safari":{"3.1":null,"3.2":null,"4":0,"5":null,"5.1":0.08914,"6":null,"6.1":0.115882,"7":0.008914,"7.1":null,"8":0.066855,"9":0.316447,"9.1":0.842373,"10":2.80791,"10.1":null,"0":null},"ios_saf":{"3.2":0,"4.0-4.1":0,"4.2-4.3":0,"5.0-5.1":0,"6.0-6.1":0.0663242703107,"7.0-7.1":0.31172407046,"8":0,"8.1-8.4":0.374732127255,"9.0-9.2":0.169126889292,"9.3":1.45581773332,"10.0-10.2":13.1537609094},"android":{"2.1":0,"2.2":0,"2.3":0,"3":0,"4":0.0261881422977,"4.1":0.0846935665796,"4.2-4.3":0.257981061358,"4.4":0.584497048303,"4.4.3-4.4.4":0.327073181462,"53":null},"op_mob":{"10":0,"11":0,"11.1":0,"11.5":0,"12":0,"12.1":0,"0":0.00561561572052},"ie":{"5.5":null,"6":null,"7":0.004457,"8":0.08914,"9":0.205022,"10":0.138167,"11":9.239361},"edge":{"12":0.147081,"13":0.343189,"14":2.905964,"15":null},"bb":{"7":0,"10":null},"ie_mob":{"10":0.0242169902913,"11":0.114358009709},"and_ff":{"0":0.022172},"samsung":{"0":6.513025},"and_uc":{"0":8.674795},"op_mini":{"0":2.56633638428},"and_chr":{"0":20.491768}},"total":99.121199}