{"id":"GN","name":"Guinea","month":"2017-01","access_date":"2017-02-02","data":{"chrome":{"4":null,"5":null,"6":null,"7":null,"8":null,"9":null,"10":null,"11":0.045362,"12":null,"13":null,"14":null,"15":null,"16":0.004904,"17":null,"18":null,"19":0.00613,"20":null,"21":null,"22":null,"23":0.001226,"24":null,"25":0.014712,"26":0.003678,"27":null,"28":0.01226,"29":0.008582,"30":0.001226,"31":0.034328,"32":0.234166,"33":0.06743,"34":null,"35":0.031876,"36":0.014712,"37":null,"38":0.007356,"39":0.008582,"40":0.015938,"41":null,"42":0.011034,"43":0.187578,"44":0.00613,"45":0.112792,"46":0.00613,"47":0.017164,"48":0.004904,"49":0.197386,"50":0.05517,"51":0.080916,"52":0.105436,"53":0.143442,"54":0.082142,"55":3.80673,"56":0.109114,"57":0.007356,"58":null,"59":null},"firefox":{"2":null,"3":0.04291,"3.5":0.004904,"3.6":0.039232,"4":0.004904,"5":null,"6":null,"7":0.001226,"8":null,"9":0.003678,"10":0.01226,"11":null,"12":0.004904,"13":0.001226,"14":0.001226,"15":0.004904,"16":0.002452,"17":0.007356,"18":null,"19":0.014712,"20":0.011034,"21":0.00613,"22":0.040458,"23":0.00613,"24":0.013486,"25":0.015938,"26":0.001226,"27":0.008582,"28":0.004904,"29":0.01226,"30":0.01839,"31":0.013486,"32":0.014712,"33":0.031876,"34":0.008582,"35":0.02452,"36":0.00613,"37":0.014712,"38":0.028198,"39":0.01839,"40":0.022068,"41":0.038006,"42":0.019616,"43":0.15325,"44":0.028198,"45":0.039232,"46":0.022068,"47":0.283206,"48":0.090724,"49":0.237844,"50":1.91869,"51":0.34941,"52":0.01226,"53":null,"54":null},"opera":{"9":null,"9.5-9.6":null,"10.0-10.1":0,"10.5":null,"10.6":0.003678,"11":null,"11.1":null,"11.5":null,"11.6":0.001226,"12":null,"12.1":0.003678,"15":0.002452,"16":null,"17":null,"18":null,"19":0.001226,"20":null,"21":0.00613,"22":null,"23":null,"24":null,"25":null,"26":null,"27":null,"28":0.02452,"29":0.045362,"30":0.004904,"31":null,"32":0.007356,"33":0.01839,"34":0.003678,"35":0.00613,"36":0.011034,"37":0.106662,"38":0.001226,"39":0.002452,"40":0.004904,"41":0.020842,"42":0.219454,"43":null,"44":null},"safari":{"3.1":null,"3.2":null,"4":0,"5":0.00613,"5.1":0.014712,"6":0.004904,"6.1":null,"7":0.001226,"7.1":null,"8":0.02452,"9":0.038006,"9.1":0.072334,"10":0.264816,"10.1":null,"0":null},"ios_saf":{"3.2":0,"4.0-4.1":0,"4.2-4.3":0,"5.0-5.1":0,"6.0-6.1":0.00756847656667,"7.0-7.1":0.0355718398634,"8":0,"8.1-8.4":0.0427618926017,"9.0-9.2":0.019299615245,"9.3":0.166128060638,"10.0-10.2":1.50101811508},"android":{"2.1":0,"2.2":0,"2.3":0,"3":0,"4":0.134408669278,"4.1":0.434683355962,"4.2-4.3":1.32406838033,"4.4":2.99988710792,"4.4.3-4.4.4":1.67867848651,"53":null},"op_mob":{"10":0,"11":0,"11.1":0,"11.5":0,"12":0,"12.1":0,"0":0.0684486943231},"ie":{"5.5":null,"6":null,"7":0.00633040384615,"8":0.158260096154,"9":0.0278537769231,"10":0.0772309269231,"11":0.384888553846},"edge":{"12":0.11034,"13":0.062526,"14":0.156928,"15":null},"bb":{"7":0.0109675,"10":null},"ie_mob":{"10":0.108865747573,"11":0.514088252427},"and_ff":{"0":0.26322},"samsung":{"0":1.84254},"and_uc":{"0":4.799378},"op_mini":{"0":31.2810533057},"and_chr":{"0":39.589576}},"total":97.8340232577}