{"id":"GP","name":"Guadeloupe","month":"2017-01","access_date":"2017-02-02","data":{"chrome":{"4":null,"5":null,"6":null,"7":null,"8":null,"9":null,"10":null,"11":0.037158,"12":null,"13":null,"14":0.12386,"15":null,"16":null,"17":null,"18":null,"19":null,"20":null,"21":null,"22":0.204369,"23":null,"24":null,"25":null,"26":null,"27":0.006193,"28":null,"29":null,"30":0.030965,"31":null,"32":0.086702,"33":0.024772,"34":0.012386,"35":0.055737,"36":0.074316,"37":0.024772,"38":0.018579,"39":0.012386,"40":0.012386,"41":null,"42":0.06193,"43":0.043351,"44":0.024772,"45":0.012386,"46":0.030965,"47":0.043351,"48":0.049544,"49":1.294337,"50":0.06193,"51":0.507826,"52":0.204369,"53":0.365387,"54":0.303457,"55":28.964661,"56":0.414931,"57":0.018579,"58":null,"59":null},"firefox":{"2":null,"3":null,"3.5":null,"3.6":0.043351,"4":null,"5":null,"6":null,"7":null,"8":0.024772,"9":null,"10":null,"11":null,"12":null,"13":0.006193,"14":null,"15":null,"16":null,"17":null,"18":null,"19":null,"20":null,"21":null,"22":null,"23":null,"24":0.018579,"25":0.030965,"26":0.006193,"27":null,"28":null,"29":0.012386,"30":0.024772,"31":null,"32":null,"33":null,"34":null,"35":0.006193,"36":null,"37":0.012386,"38":0.06193,"39":0.012386,"40":0.012386,"41":0.006193,"42":0.037158,"43":0.080509,"44":0.012386,"45":0.12386,"46":0.105281,"47":0.179597,"48":0.507826,"49":0.099088,"50":7.289161,"51":0.941336,"52":0.006193,"53":null,"54":null},"opera":{"9":null,"9.5-9.6":null,"10.0-10.1":0,"10.5":null,"10.6":null,"11":null,"11.1":null,"11.5":null,"11.6":null,"12":null,"12.1":0.055737,"15":null,"16":null,"17":null,"18":null,"19":null,"20":null,"21":null,"22":null,"23":null,"24":null,"25":null,"26":null,"27":null,"28":null,"29":0.012386,"30":null,"31":0.012386,"32":null,"33":null,"34":null,"35":null,"36":0.055737,"37":null,"38":0.068123,"39":null,"40":null,"41":null,"42":0.464475,"43":null,"44":null},"safari":{"3.1":null,"3.2":null,"4":0,"5":0.055737,"5.1":0.173404,"6":0.030965,"6.1":0.235334,"7":0.049544,"7.1":null,"8":0.253913,"9":0.222948,"9.1":2.031304,"10":4.384644,"10.1":null,"0":null},"ios_saf":{"3.2":0,"4.0-4.1":0,"4.2-4.3":0,"5.0-5.1":0,"6.0-6.1":0.0333670033095,"7.0-7.1":0.156824915555,"8":0,"8.1-8.4":0.188523568699,"9.0-9.2":0.0850858584392,"9.3":0.732405722643,"10.0-10.2":6.61751093135},"android":{"2.1":0,"2.2":0,"2.3":0,"3":0,"4":0.036274591819,"4.1":0.117313573542,"4.2-4.3":0.357343319408,"4.4":0.809618017406,"4.4.3-4.4.4":0.453046497824,"53":null},"op_mob":{"10":0,"11":0,"11.1":0,"11.5":0,"12":0,"12.1":0,"0":0.000224371179039},"ie":{"5.5":null,"6":null,"7":null,"8":0.099088,"9":0.105281,"10":0.216755,"11":4.044029},"edge":{"12":0.24772,"13":0.470668,"14":3.567168,"15":null},"bb":{"7":0.0085635,"10":null},"ie_mob":{"10":0.0452285825243,"11":0.213579417476},"and_ff":{"0":0.01903},"samsung":{"0":4.350258},"and_uc":{"0":0.041866},"op_mini":{"0":0.102537628821},"and_chr":{"0":24.242636}},"total":98.2560205}