{"id":"GT","name":"Guatemala","month":"2017-01","access_date":"2017-02-02","data":{"chrome":{"4":null,"5":null,"6":null,"7":null,"8":null,"9":null,"10":null,"11":0.019796,"12":null,"13":null,"14":null,"15":null,"16":null,"17":null,"18":0.004949,"19":null,"20":null,"21":0.014847,"22":0.029694,"23":null,"24":null,"25":null,"26":0.014847,"27":0.004949,"28":null,"29":0.009898,"30":0.004949,"31":0.029694,"32":0.029694,"33":0.009898,"34":0.024745,"35":0.039592,"36":0.103929,"37":0.024745,"38":0.029694,"39":0.029694,"40":0.044541,"41":0.014847,"42":0.014847,"43":0.059388,"44":0.034643,"45":0.029694,"46":0.04949,"47":0.04949,"48":0.039592,"49":1.935059,"50":0.084133,"51":0.183113,"52":0.118776,"53":0.326634,"54":0.440461,"55":30.292829,"56":0.489951,"57":0.014847,"58":0.004949,"59":null},"firefox":{"2":null,"3":0.04949,"3.5":null,"3.6":0.009898,"4":null,"5":null,"6":null,"7":null,"8":null,"9":null,"10":null,"11":null,"12":0.004949,"13":null,"14":null,"15":null,"16":null,"17":null,"18":null,"19":null,"20":null,"21":0.004949,"22":null,"23":null,"24":null,"25":null,"26":null,"27":0.004949,"28":null,"29":null,"30":0.014847,"31":null,"32":null,"33":0.004949,"34":0.004949,"35":0.009898,"36":null,"37":0.014847,"38":0.029694,"39":0.019796,"40":0.009898,"41":0.014847,"42":0.014847,"43":0.079184,"44":0.024745,"45":0.079184,"46":0.034643,"47":0.14847,"48":0.193011,"49":0.123725,"50":3.449453,"51":0.450359,"52":0.014847,"53":null,"54":null},"opera":{"9":null,"9.5-9.6":null,"10.0-10.1":0,"10.5":null,"10.6":null,"11":null,"11.1":null,"11.5":null,"11.6":null,"12":null,"12.1":null,"15":null,"16":null,"17":null,"18":null,"19":null,"20":null,"21":null,"22":null,"23":null,"24":null,"25":null,"26":null,"27":null,"28":null,"29":0.009898,"30":null,"31":null,"32":null,"33":null,"34":null,"35":null,"36":0.019796,"37":0.034643,"38":0.009898,"39":null,"40":null,"41":0.009898,"42":0.321685,"43":null,"44":null},"safari":{"3.1":null,"3.2":null,"4":0.014847,"5":0.044541,"5.1":0.054439,"6":0.009898,"6.1":0.039592,"7":0.019796,"7.1":0.019796,"8":0.267246,"9":0.257348,"9.1":0.767095,"10":1.727201,"10.1":null,"0":null},"ios_saf":{"3.2":0,"4.0-4.1":0,"4.2-4.3":0,"5.0-5.1":0,"6.0-6.1":0.0148612746877,"7.0-7.1":0.0698479910323,"8":0,"8.1-8.4":0.0839662019857,"9.0-9.2":0.0378962504537,"9.3":0.326204979396,"10.0-10.2":2.94736230244},"android":{"2.1":0,"2.2":0,"2.3":0,"3":0,"4":0.0915290435161,"4.1":0.296008821584,"4.2-4.3":0.901658449956,"4.4":2.04285035422,"4.4.3-4.4.4":1.14313933072,"53":null},"op_mob":{"10":0,"11":0,"11.1":0,"11.5":0,"12":0,"12.1":0,"0":0.00817203275109},"ie":{"5.5":null,"6":0.00499898989899,"7":0.00499898989899,"8":0.14996969697,"9":0.0849828282828,"10":0.114976767677,"11":1.12477272727},"edge":{"12":0.074235,"13":0.158368,"14":0.534492,"15":null},"bb":{"7":0.04167075,"10":null},"ie_mob":{"10":0.0962141941748,"11":0.454344805825},"and_ff":{"0":0.010102},"samsung":{"0":4.207483},"and_uc":{"0":2.803305},"op_mini":{"0":3.73461896725},"and_chr":{"0":34.465196}},"total":99.11916975}