{"id":"GU","name":"Guam","month":"2017-01","access_date":"2017-02-02","data":{"chrome":{"4":null,"5":null,"6":null,"7":null,"8":null,"9":null,"10":null,"11":0.009108,"12":null,"13":null,"14":null,"15":null,"16":null,"17":null,"18":0.009108,"19":null,"20":null,"21":0.013662,"22":0.013662,"23":null,"24":null,"25":null,"26":null,"27":null,"28":null,"29":null,"30":null,"31":null,"32":null,"33":null,"34":0.018216,"35":null,"36":0.036432,"37":0.004554,"38":0.013662,"39":0.009108,"40":0.013662,"41":0.009108,"42":null,"43":0.054648,"44":0.050094,"45":0.050094,"46":0.009108,"47":0.040986,"48":0.018216,"49":1.384416,"50":0.050094,"51":0.327888,"52":0.063756,"53":0.173052,"54":0.551034,"55":23.284602,"56":0.336996,"57":0.072864,"58":null,"59":null},"firefox":{"2":null,"3":null,"3.5":null,"3.6":null,"4":null,"5":null,"6":0.018216,"7":null,"8":null,"9":null,"10":null,"11":0.040986,"12":null,"13":null,"14":null,"15":null,"16":null,"17":null,"18":null,"19":null,"20":null,"21":null,"22":null,"23":0.004554,"24":null,"25":null,"26":null,"27":null,"28":null,"29":null,"30":null,"31":null,"32":null,"33":0.004554,"34":null,"35":null,"36":null,"37":null,"38":0.013662,"39":0.009108,"40":0.018216,"41":0.009108,"42":null,"43":0.02277,"44":null,"45":0.004554,"46":0.027324,"47":0.154836,"48":0.168498,"49":0.095634,"50":3.684186,"51":0.459954,"52":0.009108,"53":null,"54":null},"opera":{"9":null,"9.5-9.6":null,"10.0-10.1":0,"10.5":null,"10.6":null,"11":null,"11.1":null,"11.5":null,"11.6":null,"12":null,"12.1":null,"15":null,"16":null,"17":null,"18":null,"19":null,"20":null,"21":null,"22":null,"23":null,"24":null,"25":null,"26":null,"27":null,"28":null,"29":null,"30":null,"31":null,"32":null,"33":null,"34":null,"35":null,"36":0.009108,"37":0.027324,"38":null,"39":null,"40":null,"41":null,"42":0.06831,"43":0.031878,"44":0.009108},"safari":{"3.1":null,"3.2":null,"4":0,"5":0.04554,"5.1":0.09108,"6":0.02277,"6.1":0.109296,"7":0.02277,"7.1":null,"8":0.168498,"9":0.218592,"9.1":1.051974,"10":3.078504,"10.1":null,"0":null},"ios_saf":{"3.2":0,"4.0-4.1":0,"4.2-4.3":0,"5.0-5.1":0,"6.0-6.1":0.113815411551,"7.0-7.1":0.534932434291,"8":0,"8.1-8.4":0.643057075264,"9.0-9.2":0.290229299456,"9.3":2.49824828355,"10.0-10.2":22.5724414959},"android":{"2.1":0,"2.2":0,"2.3":0,"3":0,"4":0.036534175805,"4.1":0.118153079199,"4.2-4.3":0.359900497824,"4.4":0.815411711053,"4.4.3-4.4.4":0.456288536118,"53":null},"op_mob":{"10":0,"11":0,"11.1":0,"11.5":0,"12":0,"12.1":0,"0":0.00101072052402},"ie":{"5.5":null,"6":null,"7":0.004554,"8":0.15939,"9":0.141174,"10":0.11385,"11":3.451932},"edge":{"12":0.109296,"13":0.418968,"14":2.70963,"15":null},"bb":{"7":0.0013615,"10":null},"ie_mob":{"10":0.0114207378641,"11":0.0539312621359},"and_ff":{"0":0.021784},"samsung":{"0":6.469848},"and_uc":{"0":0.147042},"op_mini":{"0":0.461899279476},"and_chr":{"0":19.440956}},"total":98.4752095}