{"id":"GW","name":"Guinea-Bissau","month":"2017-01","access_date":"2017-02-02","data":{"chrome":{"4":null,"5":0.007028,"6":null,"7":null,"8":null,"9":null,"10":0.007028,"11":0.10542,"12":null,"13":null,"14":null,"15":null,"16":null,"17":null,"18":null,"19":null,"20":0.165158,"21":null,"22":null,"23":0.021084,"24":null,"25":0.03514,"26":0.007028,"27":0.01757,"28":0.028112,"29":null,"30":0.003514,"31":0.028112,"32":null,"33":0.15813,"34":0.059738,"35":0.01757,"36":0.084336,"37":null,"38":0.01757,"39":0.031626,"40":0.045682,"41":0.007028,"42":0.01757,"43":1.24747,"44":0.049196,"45":0.130018,"46":0.042168,"47":0.867958,"48":0.038654,"49":0.270578,"50":0.284634,"51":0.200298,"52":0.115962,"53":0.347886,"54":0.242466,"55":14.649866,"56":0.045682,"57":0.042168,"58":null,"59":null},"firefox":{"2":null,"3":0.066766,"3.5":null,"3.6":0.031626,"4":0.010542,"5":0.007028,"6":null,"7":null,"8":0.007028,"9":null,"10":0.010542,"11":0.010542,"12":0.014056,"13":0.024598,"14":null,"15":0.217868,"16":0.021084,"17":null,"18":0.01757,"19":null,"20":null,"21":0.010542,"22":null,"23":0.045682,"24":0.007028,"25":null,"26":0.021084,"27":0.007028,"28":0.007028,"29":0.049196,"30":0.010542,"31":0.007028,"32":0.024598,"33":0.10542,"34":null,"35":0.01757,"36":null,"37":0.03514,"38":0.063252,"39":0.003514,"40":null,"41":null,"42":0.007028,"43":0.080822,"44":1.163134,"45":null,"46":null,"47":0.470876,"48":0.056224,"49":0.312746,"50":5.801614,"51":0.832818,"52":0.010542,"53":null,"54":null},"opera":{"9":null,"9.5-9.6":null,"10.0-10.1":0,"10.5":null,"10.6":null,"11":0.03514,"11.1":null,"11.5":null,"11.6":null,"12":null,"12.1":0.007028,"15":null,"16":null,"17":null,"18":null,"19":null,"20":null,"21":null,"22":0.003514,"23":null,"24":null,"25":null,"26":null,"27":null,"28":null,"29":null,"30":null,"31":null,"32":null,"33":null,"34":0.144074,"35":0.007028,"36":null,"37":0.007028,"38":null,"39":null,"40":null,"41":null,"42":0.65009,"43":null,"44":null},"safari":{"3.1":null,"3.2":null,"4":0,"5":0.010542,"5.1":0.084336,"6":null,"6.1":null,"7":null,"7.1":null,"8":0.038654,"9":null,"9.1":0.007028,"10":0.119476,"10.1":null,"0":null},"ios_saf":{"3.2":0,"4.0-4.1":0,"4.2-4.3":0,"5.0-5.1":0,"6.0-6.1":0.00642674922601,"7.0-7.1":0.0302057213622,"8":0,"8.1-8.4":0.0363111331269,"9.0-9.2":0.0163882105263,"9.3":0.141067145511,"10.0-10.2":1.27458504025},"android":{"2.1":0,"2.2":0,"2.3":0,"3":0,"4":0.130420316362,"4.1":0.421784852916,"4.2-4.3":1.28477886118,"4.4":2.91087046519,"4.4.3-4.4.4":1.62886650435,"53":null},"op_mob":{"10":0,"11":0,"11.1":0,"11.5":0,"12":0,"12.1":0,"0":0.0431003078603},"ie":{"5.5":null,"6":null,"7":null,"8":0.325543901235,"9":0.597426719848,"10":0.647510396961,"11":2.19652698196},"edge":{"12":0.21084,"13":0.045682,"14":0.077308,"15":null},"bb":{"7":0.02432625,"10":null},"ie_mob":{"10":0.44212368932,"11":2.08780631068},"and_ff":{"0":2.004483},"samsung":{"0":3.833817},"and_uc":{"0":2.886715},"op_mini":{"0":19.6968406921},"and_chr":{"0":25.22907}},"total":98.37391725}