{"id":"GY","name":"Guyana","month":"2017-01","access_date":"2017-02-02","data":{"chrome":{"4":null,"5":null,"6":0.004739,"7":null,"8":null,"9":0.004739,"10":null,"11":0.018956,"12":0.004739,"13":null,"14":null,"15":null,"16":0.004739,"17":null,"18":0.004739,"19":null,"20":0.042651,"21":null,"22":0.061607,"23":null,"24":null,"25":null,"26":0.014217,"27":null,"28":0.004739,"29":0.033173,"30":null,"31":0.018956,"32":0.127953,"33":0.028434,"34":0.033173,"35":0.009478,"36":0.966756,"37":0.014217,"38":0.042651,"39":0.023695,"40":0.009478,"41":0.004739,"42":0.028434,"43":0.544985,"44":0.04739,"45":0.113736,"46":0.014217,"47":0.113736,"48":0.056868,"49":0.61607,"50":0.161126,"51":0.450205,"52":0.203777,"53":0.658721,"54":0.341208,"55":24.514847,"56":0.341208,"57":0.090041,"58":null,"59":null},"firefox":{"2":null,"3":0.004739,"3.5":null,"3.6":0.009478,"4":null,"5":null,"6":null,"7":null,"8":null,"9":null,"10":0.004739,"11":0.014217,"12":null,"13":null,"14":0.004739,"15":0.009478,"16":null,"17":null,"18":0.004739,"19":0.009478,"20":null,"21":null,"22":0.009478,"23":null,"24":null,"25":null,"26":0.009478,"27":null,"28":null,"29":null,"30":0.123214,"31":null,"32":null,"33":null,"34":null,"35":0.009478,"36":0.004739,"37":null,"38":0.018956,"39":0.023695,"40":0.018956,"41":0.009478,"42":0.004739,"43":0.132692,"44":0.037912,"45":0.066346,"46":0.04739,"47":0.255906,"48":0.127953,"49":0.099519,"50":4.085018,"51":0.691894,"52":0.028434,"53":null,"54":null},"opera":{"9":null,"9.5-9.6":null,"10.0-10.1":0,"10.5":null,"10.6":null,"11":null,"11.1":null,"11.5":null,"11.6":null,"12":null,"12.1":0.014217,"15":null,"16":null,"17":null,"18":null,"19":null,"20":null,"21":0.090041,"22":null,"23":null,"24":null,"25":null,"26":null,"27":0.018956,"28":null,"29":0.042651,"30":null,"31":null,"32":null,"33":0.090041,"34":null,"35":null,"36":null,"37":0.09478,"38":0.04739,"39":null,"40":null,"41":0.009478,"42":0.578158,"43":null,"44":null},"safari":{"3.1":null,"3.2":null,"4":0,"5":0.009478,"5.1":0.023695,"6":null,"6.1":0.004739,"7":0.018956,"7.1":0.014217,"8":0.004739,"9":0.033173,"9.1":0.066346,"10":0.308035,"10.1":null,"0":null},"ios_saf":{"3.2":0,"4.0-4.1":0,"4.2-4.3":0,"5.0-5.1":0,"6.0-6.1":0.0196129091491,"7.0-7.1":0.092180673001,"8":0,"8.1-8.4":0.110812936693,"9.0-9.2":0.0500129183303,"9.3":0.430503355824,"10.0-10.2":3.889730207},"android":{"2.1":0,"2.2":0,"2.3":0,"3":0,"4":0.0828527371628,"4.1":0.267949277633,"4.2-4.3":0.816187602263,"4.4":1.8492025805,"4.4.3-4.4.4":1.03477780244,"53":null},"op_mob":{"10":0,"11":0,"11.1":0,"11.5":0,"12":0,"12.1":0,"0":0.00890234716157},"ie":{"5.5":null,"6":null,"7":0.00949480496454,"8":0.218380514184,"9":0.161411684397,"10":0.175653891844,"11":2.0603726773},"edge":{"12":0.303296,"13":0.620809,"14":2.094638,"15":null},"bb":{"7":0.18808075,"10":null},"ie_mob":{"10":0.117682951456,"11":0.555725048544},"and_ff":{"0":0.026305},"samsung":{"0":5.360959},"and_uc":{"0":3.635351},"op_mini":{"0":4.06837265284},"and_chr":{"0":32.818583}},"total":98.1789503227}