{"id":"HR","name":"Croatia","month":"2017-01","access_date":"2017-02-02","data":{"chrome":{"4":null,"5":null,"6":null,"7":null,"8":null,"9":null,"10":null,"11":0.019425,"12":null,"13":null,"14":null,"15":null,"16":null,"17":null,"18":0.006475,"19":null,"20":null,"21":null,"22":0.03885,"23":null,"24":null,"25":null,"26":0.03885,"27":null,"28":null,"29":null,"30":null,"31":0.045325,"32":0.019425,"33":0.019425,"34":0.0518,"35":0.032375,"36":0.161875,"37":0.032375,"38":0.058275,"39":0.045325,"40":0.019425,"41":0.019425,"42":0.01295,"43":0.161875,"44":0.06475,"45":0.032375,"46":0.045325,"47":0.071225,"48":0.045325,"49":2.311575,"50":0.06475,"51":0.22015,"52":0.09065,"53":0.16835,"54":0.4144,"55":35.91035,"56":0.4403,"57":0.06475,"58":null,"59":null},"firefox":{"2":null,"3":null,"3.5":null,"3.6":0.01295,"4":null,"5":null,"6":null,"7":null,"8":null,"9":null,"10":null,"11":null,"12":0.006475,"13":null,"14":null,"15":null,"16":0.006475,"17":null,"18":0.01295,"19":null,"20":0.019425,"21":null,"22":null,"23":null,"24":0.006475,"25":null,"26":0.01295,"27":null,"28":0.01295,"29":0.071225,"30":0.01295,"31":0.01295,"32":0.01295,"33":0.006475,"34":0.019425,"35":0.01295,"36":0.01295,"37":0.019425,"38":0.045325,"39":0.0518,"40":0.0259,"41":0.045325,"42":0.032375,"43":0.110075,"44":0.032375,"45":0.1295,"46":0.0518,"47":0.29785,"48":0.226625,"49":0.174825,"50":11.07225,"51":1.30795,"52":0.019425,"53":null,"54":null},"opera":{"9":null,"9.5-9.6":null,"10.0-10.1":0,"10.5":null,"10.6":null,"11":null,"11.1":null,"11.5":null,"11.6":null,"12":null,"12.1":0.084175,"15":null,"16":null,"17":0.01295,"18":null,"19":null,"20":null,"21":null,"22":null,"23":null,"24":null,"25":null,"26":null,"27":null,"28":0.01295,"29":null,"30":0.0259,"31":null,"32":null,"33":null,"34":null,"35":null,"36":0.0777,"37":0.01295,"38":0.0259,"39":null,"40":0.01295,"41":0.01295,"42":1.197875,"43":null,"44":null},"safari":{"3.1":null,"3.2":null,"4":0,"5":0.01295,"5.1":0.032375,"6":null,"6.1":0.045325,"7":0.019425,"7.1":null,"8":0.03885,"9":0.0777,"9.1":0.16835,"10":0.653975,"10.1":null,"0":null},"ios_saf":{"3.2":0,"4.0-4.1":0,"4.2-4.3":0,"5.0-5.1":0,"6.0-6.1":0.0236179139532,"7.0-7.1":0.11100419558,"8":0,"8.1-8.4":0.133441213836,"9.0-9.2":0.0602256805808,"9.3":0.518413211274,"10.0-10.2":4.68402278478},"android":{"2.1":0,"2.2":0,"2.3":0,"3":0,"4":0.0390035574413,"4.1":0.126139164491,"4.2-4.3":0.384226533943,"4.4":0.870526207572,"4.4.3-4.4.4":0.487129536554,"53":null},"op_mob":{"10":0,"11":0,"11.1":0,"11.5":0,"12":0,"12.1":0,"0":0.000823526200873},"ie":{"5.5":null,"6":null,"7":null,"8":0.161875,"9":0.148925,"10":0.187775,"11":3.7296},"edge":{"12":0.058275,"13":0.213675,"14":1.210825,"15":null},"bb":{"7":0.00616875,"10":null},"ie_mob":{"10":0.173101456311,"11":0.817423543689},"and_ff":{"0":0.02115},"samsung":{"0":2.985675},"and_uc":{"0":0.059925},"op_mini":{"0":0.376351473799},"and_chr":{"0":23.69065}},"total":98.42831875}