{"id":"HT","name":"Haiti","month":"2017-01","access_date":"2017-02-02","data":{"chrome":{"4":null,"5":null,"6":null,"7":null,"8":0.00431,"9":null,"10":null,"11":0.178865,"12":0.028015,"13":0.01293,"14":0.00431,"15":0.006465,"16":0.006465,"17":0.00862,"18":0.00431,"19":null,"20":null,"21":null,"22":null,"23":0.006465,"24":null,"25":0.010775,"26":0.00431,"27":0.00431,"28":0.01293,"29":0.045255,"30":0.015085,"31":0.010775,"32":0.028015,"33":0.01724,"34":0.023705,"35":0.00862,"36":0.127145,"37":0.006465,"38":0.010775,"39":0.006465,"40":0.006465,"41":0.02155,"42":0.010775,"43":0.049565,"44":0.00862,"45":0.03879,"46":0.010775,"47":0.200415,"48":0.019395,"49":0.3448,"50":0.03879,"51":0.11637,"52":0.10344,"53":0.226275,"54":0.170245,"55":9.031605,"56":0.174555,"57":0.00431,"58":null,"59":null},"firefox":{"2":null,"3":0.11206,"3.5":0.00431,"3.6":0.02586,"4":0.002155,"5":null,"6":null,"7":null,"8":0.002155,"9":null,"10":null,"11":0.00431,"12":0.01293,"13":null,"14":0.002155,"15":0.00431,"16":0.00862,"17":null,"18":0.002155,"19":0.00431,"20":0.006465,"21":0.006465,"22":0.00862,"23":null,"24":0.002155,"25":0.00431,"26":0.00431,"27":0.00431,"28":0.00862,"29":0.010775,"30":0.00862,"31":0.006465,"32":0.00862,"33":0.010775,"34":0.006465,"35":0.00431,"36":0.01293,"37":0.01293,"38":0.02155,"39":0.00431,"40":0.010775,"41":0.02155,"42":0.00862,"43":0.049565,"44":0.05603,"45":0.02586,"46":0.019395,"47":0.183175,"48":0.092665,"49":0.101285,"50":2.22396,"51":0.2586,"52":0.01724,"53":null,"54":null},"opera":{"9":null,"9.5-9.6":null,"10.0-10.1":0,"10.5":null,"10.6":null,"11":null,"11.1":null,"11.5":0.01293,"11.6":0.01724,"12":0.006465,"12.1":0.010775,"15":null,"16":null,"17":null,"18":0.002155,"19":null,"20":0.00431,"21":null,"22":null,"23":null,"24":null,"25":null,"26":null,"27":0.019395,"28":0.010775,"29":0.10775,"30":0.006465,"31":null,"32":null,"33":0.058185,"34":null,"35":0.002155,"36":0.010775,"37":0.036635,"38":0.01724,"39":0.01724,"40":0.010775,"41":0.01724,"42":0.43962,"43":null,"44":null},"safari":{"3.1":null,"3.2":0.00431,"4":0.006465,"5":0.028015,"5.1":0.040945,"6":0.00431,"6.1":0.02155,"7":0.006465,"7.1":null,"8":0.05172,"9":0.03879,"9.1":0.226275,"10":0.704685,"10.1":null,"0":null},"ios_saf":{"3.2":0,"4.0-4.1":0,"4.2-4.3":0,"5.0-5.1":0,"6.0-6.1":0.0144387530693,"7.0-7.1":0.0678621394256,"8":0,"8.1-8.4":0.0815789548415,"9.0-9.2":0.0368188203267,"9.3":0.316930629871,"10.0-10.2":2.86356570247},"android":{"2.1":0,"2.2":0,"2.3":0,"3":0,"4":0.247574954308,"4.1":0.800667937337,"4.2-4.3":2.43887667755,"4.4":5.52566227807,"4.4.3-4.4.4":3.09205315274,"53":null},"op_mob":{"10":0,"11":0,"11.1":0,"11.5":0,"12":0,"12.1":0,"0":0.0386426200873},"ie":{"5.5":null,"6":0.047985247725,"7":0.015268033367,"8":0.418780343782,"9":0.0937893478261,"10":0.176672957533,"11":1.3981156269},"edge":{"12":0.15085,"13":0.273685,"14":0.43962,"15":null},"bb":{"7":0.04903125,"10":null},"ie_mob":{"10":0.159032621359,"11":0.750987378641},"and_ff":{"0":0.01569},"samsung":{"0":2.188755},"and_uc":{"0":5.970045},"op_mini":{"0":17.6596773799},"and_chr":{"0":37.10444}},"total":98.9551728071}