{"id":"HU","name":"Hungary","month":"2017-01","access_date":"2017-02-02","data":{"chrome":{"4":0.022962,"5":null,"6":null,"7":0.007654,"8":null,"9":null,"10":null,"11":0.015308,"12":0.007654,"13":null,"14":null,"15":null,"16":null,"17":null,"18":null,"19":null,"20":null,"21":null,"22":0.03827,"23":null,"24":null,"25":null,"26":0.03827,"27":null,"28":null,"29":null,"30":null,"31":0.015308,"32":0.007654,"33":0.015308,"34":0.084194,"35":0.015308,"36":0.045924,"37":0.030616,"38":0.045924,"39":0.068886,"40":0.015308,"41":0.007654,"42":0.007654,"43":0.053578,"44":0.030616,"45":0.015308,"46":0.022962,"47":0.030616,"48":0.061232,"49":3.17641,"50":3.612688,"51":0.221966,"52":0.068886,"53":0.11481,"54":0.313814,"55":29.39136,"56":0.451586,"57":0.03827,"58":null,"59":null},"firefox":{"2":null,"3":null,"3.5":null,"3.6":0.015308,"4":null,"5":null,"6":null,"7":null,"8":null,"9":null,"10":null,"11":null,"12":0.007654,"13":null,"14":null,"15":0.007654,"16":null,"17":null,"18":null,"19":null,"20":null,"21":null,"22":null,"23":null,"24":null,"25":null,"26":0.007654,"27":0.007654,"28":0.007654,"29":null,"30":0.015308,"31":0.022962,"32":0.015308,"33":0.015308,"34":0.015308,"35":0.030616,"36":0.015308,"37":0.030616,"38":0.053578,"39":0.030616,"40":0.030616,"41":0.03827,"42":0.03827,"43":0.107156,"44":0.030616,"45":0.160734,"46":4.508206,"47":0.290852,"48":0.183696,"49":7.585114,"50":11.21311,"51":1.5308,"52":0.015308,"53":null,"54":null},"opera":{"9":null,"9.5-9.6":null,"10.0-10.1":0,"10.5":null,"10.6":null,"11":null,"11.1":null,"11.5":null,"11.6":null,"12":null,"12.1":4.40105,"15":null,"16":null,"17":null,"18":null,"19":null,"20":null,"21":null,"22":null,"23":null,"24":null,"25":null,"26":null,"27":null,"28":null,"29":null,"30":null,"31":null,"32":null,"33":null,"34":null,"35":null,"36":0.099502,"37":0.015308,"38":0.022962,"39":null,"40":null,"41":0.015308,"42":1.140446,"43":0.015308,"44":0.007654},"safari":{"3.1":null,"3.2":null,"4":0,"5":null,"5.1":0.022962,"6":null,"6.1":0.022962,"7":null,"7.1":null,"8":0.03827,"9":0.03827,"9.1":0.145426,"10":0.642936,"10.1":null,"0":null},"ios_saf":{"3.2":0,"4.0-4.1":0,"4.2-4.3":0,"5.0-5.1":0,"6.0-6.1":0.0153978947368,"7.0-7.1":0.0723701052632,"8":0,"8.1-8.4":0.0869981052632,"9.0-9.2":0.0392646315789,"9.3":0.337983789474,"10.0-10.2":3.05378747368},"android":{"2.1":0,"2.2":0,"2.3":0,"3":0,"4":0.0324356449086,"4.1":0.104898255875,"4.2-4.3":0.319525608355,"4.4":0.723935989556,"4.4.3-4.4.4":0.405100501305,"53":null},"op_mob":{"10":0,"11":0,"11.1":0,"11.5":0,"12":0,"12.1":0,"0":0.00148545851528},"ie":{"5.5":null,"6":0.00771941880342,"7":0.00771941880342,"8":0.123510700855,"9":0.146668957265,"10":0.092633025641,"11":2.33126447863},"edge":{"12":0.03827,"13":0.15308,"14":1.209332,"15":null},"bb":{"7":0.008211,"10":null},"ie_mob":{"10":0.131193786408,"11":0.619526213592},"and_ff":{"0":0.028152},"samsung":{"0":1.670352},"and_uc":{"0":0.22287},"op_mini":{"0":0.678854541485},"and_chr":{"0":14.946668}},"total":98.362785}