{"id":"IE","name":"Ireland","month":"2017-01","access_date":"2017-02-02","data":{"chrome":{"4":null,"5":null,"6":null,"7":null,"8":null,"9":null,"10":null,"11":0.02108,"12":null,"13":null,"14":null,"15":null,"16":null,"17":null,"18":0.01054,"19":null,"20":null,"21":null,"22":0.0527,"23":null,"24":null,"25":null,"26":0.00527,"27":null,"28":null,"29":0.08959,"30":null,"31":0.01054,"32":0.03689,"33":0.02108,"34":0.02635,"35":0.04216,"36":0.0527,"37":0.13702,"38":0.08432,"39":0.07378,"40":0.02108,"41":0.02108,"42":0.01054,"43":0.24242,"44":0.07378,"45":0.11067,"46":0.03689,"47":0.03689,"48":0.35309,"49":1.38601,"50":0.36363,"51":2.3188,"52":0.28985,"53":0.30039,"54":0.60078,"55":24.02066,"56":0.32147,"57":0.03162,"58":null,"59":null},"firefox":{"2":null,"3":0.07378,"3.5":null,"3.6":0.01581,"4":null,"5":null,"6":null,"7":null,"8":null,"9":null,"10":null,"11":null,"12":null,"13":null,"14":null,"15":null,"16":0.03689,"17":null,"18":null,"19":null,"20":null,"21":null,"22":0.01054,"23":null,"24":null,"25":null,"26":null,"27":null,"28":null,"29":null,"30":null,"31":0.00527,"32":null,"33":0.01054,"34":null,"35":0.00527,"36":0.00527,"37":0.00527,"38":0.07905,"39":0.02635,"40":null,"41":0.01581,"42":0.01054,"43":0.19499,"44":0.02635,"45":0.20553,"46":0.19499,"47":0.92752,"48":0.77996,"49":0.10013,"50":3.4782,"51":0.44268,"52":0.01581,"53":null,"54":null},"opera":{"9":null,"9.5-9.6":0.00527,"10.0-10.1":0,"10.5":null,"10.6":null,"11":null,"11.1":null,"11.5":null,"11.6":null,"12":null,"12.1":0.03162,"15":null,"16":null,"17":null,"18":null,"19":null,"20":null,"21":null,"22":null,"23":null,"24":null,"25":null,"26":null,"27":null,"28":0.01054,"29":null,"30":null,"31":null,"32":null,"33":null,"34":null,"35":null,"36":0.01581,"37":0.00527,"38":0.40052,"39":0.01054,"40":0.00527,"41":null,"42":0.22661,"43":null,"44":null},"safari":{"3.1":null,"3.2":null,"4":0.08959,"5":0.04216,"5.1":0.06851,"6":0.01054,"6.1":0.05797,"7":0.02635,"7.1":0.01054,"8":0.12648,"9":0.12121,"9.1":0.66402,"10":1.62316,"10.1":null,"0":null},"ios_saf":{"3.2":0,"4.0-4.1":0,"4.2-4.3":0,"5.0-5.1":0,"6.0-6.1":0.0805114978115,"7.0-7.1":0.378404039714,"8":0,"8.1-8.4":0.454889962635,"9.0-9.2":0.205304319419,"9.3":1.76722737696,"10.0-10.2":15.9674428035},"android":{"2.1":0,"2.2":0,"2.3":0,"3":0,"4":0.0217666449086,"4.1":0.0703942558747,"4.2-4.3":0.214424608355,"4.4":0.485812989556,"4.4.3-4.4.4":0.271851501305,"53":null},"op_mob":{"10":0,"11":0,"11.1":0,"11.5":0,"12":0,"12.1":0,"0":0.000309825327511},"ie":{"5.5":null,"6":0.120797565217,"7":0.132877321739,"8":1.31669346087,"9":0.616067582609,"10":0.827463321739,"11":3.93196074783},"edge":{"12":0.11067,"13":0.38471,"14":1.80761,"15":null},"bb":{"7":0.0082775,"10":null},"ie_mob":{"10":0.0826601941748,"11":0.390339805825},"and_ff":{"0":0.02838},"samsung":{"0":3.75562},"and_uc":{"0":0.08987},"op_mini":{"0":0.141590174672},"and_chr":{"0":22.7483}},"total":97.8344275}