{"id":"IL","name":"Israel","month":"2017-01","access_date":"2017-02-02","data":{"chrome":{"4":null,"5":null,"6":null,"7":null,"8":null,"9":null,"10":null,"11":0.04968,"12":0.00621,"13":0.00621,"14":null,"15":0.00621,"16":0.00621,"17":0.00621,"18":0.01242,"19":0.01242,"20":0.00621,"21":0.02484,"22":0.02484,"23":0.00621,"24":0.01863,"25":0.00621,"26":0.01863,"27":0.01863,"28":null,"29":0.02484,"30":0.00621,"31":0.08073,"32":0.03105,"33":0.01242,"34":0.02484,"35":0.03105,"36":0.18009,"37":0.03726,"38":0.04347,"39":0.06831,"40":0.04968,"41":0.03105,"42":0.01863,"43":0.14283,"44":0.04347,"45":0.04347,"46":0.16146,"47":0.05589,"48":0.08073,"49":1.97478,"50":0.09315,"51":0.40365,"52":0.17388,"53":0.3105,"54":0.57132,"55":41.25924,"56":0.62721,"57":0.09936,"58":null,"59":null},"firefox":{"2":null,"3":0.01863,"3.5":0.02484,"3.6":0.09936,"4":0.01242,"5":null,"6":null,"7":0.00621,"8":null,"9":0.03726,"10":null,"11":0.01863,"12":null,"13":null,"14":null,"15":null,"16":0.01863,"17":null,"18":null,"19":null,"20":null,"21":0.01242,"22":0.00621,"23":0.00621,"24":0.01242,"25":0.01863,"26":0.04347,"27":0.00621,"28":0.00621,"29":null,"30":null,"31":0.00621,"32":null,"33":0.00621,"34":0.02484,"35":null,"36":0.01242,"37":0.01863,"38":0.01863,"39":0.00621,"40":0.01242,"41":null,"42":0.01242,"43":0.04968,"44":0.03726,"45":0.09936,"46":0.03726,"47":0.1863,"48":0.19872,"49":0.06831,"50":2.97459,"51":0.36639,"52":0.00621,"53":null,"54":null},"opera":{"9":null,"9.5-9.6":null,"10.0-10.1":0,"10.5":null,"10.6":null,"11":null,"11.1":null,"11.5":null,"11.6":0.02484,"12":0.03105,"12.1":0.09315,"15":null,"16":null,"17":null,"18":null,"19":null,"20":null,"21":null,"22":null,"23":null,"24":null,"25":null,"26":null,"27":0.01242,"28":0.00621,"29":null,"30":null,"31":null,"32":null,"33":null,"34":0.01242,"35":null,"36":0.01242,"37":null,"38":0.05589,"39":0.04347,"40":null,"41":null,"42":0.21735,"43":null,"44":null},"safari":{"3.1":null,"3.2":null,"4":0.00621,"5":0.02484,"5.1":0.05589,"6":0.01242,"6.1":0.04347,"7":0.01863,"7.1":null,"8":0.08073,"9":0.09936,"9.1":0.32292,"10":0.86319,"10.1":null,"0":null},"ios_saf":{"3.2":0,"4.0-4.1":0,"4.2-4.3":0,"5.0-5.1":0,"6.0-6.1":0.0385676096936,"7.0-7.1":0.18126776556,"8":0,"8.1-8.4":0.217906994769,"9.0-9.2":0.0983474047187,"9.3":0.846559032775,"10.0-10.2":7.64892119248},"android":{"2.1":0,"2.2":0,"2.3":0,"3":0,"4":0.0248823890339,"4.1":0.0804707049608,"4.2-4.3":0.245118002611,"4.4":0.555353746736,"4.4.3-4.4.4":0.310765156658,"53":null},"op_mob":{"10":0,"11":0,"11.1":0,"11.5":0,"12":0,"12.1":0,"0":0.000331004366812},"ie":{"5.5":null,"6":0.00626710344828,"7":0.0125342068966,"8":0.300820965517,"9":0.213081517241,"10":0.275752551724,"11":4.64392365517},"edge":{"12":0.04347,"13":0.21114,"14":1.70154,"15":null},"bb":{"7":0.00379,"10":null},"ie_mob":{"10":0.0112596116505,"11":0.0531703883495},"and_ff":{"0":0.01516},"samsung":{"0":3.74452},"and_uc":{"0":0.10233},"op_mini":{"0":0.151268995633},"and_chr":{"0":23.85923}},"total":99.0348}