{"id":"IM","name":"Isle of Man","month":"2017-01","access_date":"2017-02-02","data":{"chrome":{"4":null,"5":null,"6":null,"7":null,"8":null,"9":null,"10":null,"11":0.006192,"12":null,"13":null,"14":null,"15":null,"16":null,"17":null,"18":null,"19":null,"20":null,"21":null,"22":0.006192,"23":null,"24":null,"25":null,"26":null,"27":null,"28":null,"29":null,"30":0.006192,"31":null,"32":0.18576,"33":null,"34":0.006192,"35":null,"36":0.006192,"37":null,"38":0.006192,"39":null,"40":null,"41":0.006192,"42":null,"43":0.006192,"44":null,"45":0.012384,"46":null,"47":0.018576,"48":0.03096,"49":1.411776,"50":0.012384,"51":0.105264,"52":0.024768,"53":0.037152,"54":0.396288,"55":34.266528,"56":0.222912,"57":0.012384,"58":null,"59":null},"firefox":{"2":null,"3":null,"3.5":null,"3.6":null,"4":null,"5":null,"6":null,"7":null,"8":null,"9":null,"10":null,"11":null,"12":null,"13":null,"14":null,"15":null,"16":null,"17":null,"18":null,"19":null,"20":null,"21":null,"22":0.068112,"23":null,"24":null,"25":null,"26":0.012384,"27":null,"28":null,"29":null,"30":null,"31":null,"32":null,"33":null,"34":0.006192,"35":null,"36":null,"37":null,"38":0.012384,"39":0.006192,"40":null,"41":0.012384,"42":0.024768,"43":0.012384,"44":null,"45":0.049536,"46":0.018576,"47":0.03096,"48":0.105264,"49":0.037152,"50":4.105296,"51":0.297216,"52":null,"53":null,"54":null},"opera":{"9":null,"9.5-9.6":null,"10.0-10.1":0,"10.5":null,"10.6":null,"11":null,"11.1":null,"11.5":null,"11.6":null,"12":null,"12.1":null,"15":null,"16":null,"17":null,"18":null,"19":null,"20":null,"21":null,"22":null,"23":null,"24":null,"25":null,"26":null,"27":null,"28":0.018576,"29":null,"30":null,"31":null,"32":null,"33":null,"34":null,"35":null,"36":null,"37":null,"38":null,"39":null,"40":null,"41":null,"42":0.086688,"43":null,"44":null},"safari":{"3.1":null,"3.2":null,"4":0.037152,"5":0.06192,"5.1":0.34056,"6":null,"6.1":0.074304,"7":0.012384,"7.1":0.012384,"8":0.074304,"9":0.439632,"9.1":1.30032,"10":2.718288,"10.1":null,"0":null},"ios_saf":{"3.2":0,"4.0-4.1":0,"4.2-4.3":0,"5.0-5.1":0,"6.0-6.1":0.0879413430127,"7.0-7.1":0.41332431216,"8":0,"8.1-8.4":0.496868588022,"9.0-9.2":0.224250424682,"9.3":1.93031247913,"10.0-10.2":17.440966853},"android":{"2.1":0,"2.2":0,"2.3":0,"3":0,"4":0.0110594395126,"4.1":0.0357666979983,"4.2-4.3":0.10894724456,"4.4":0.246837277633,"4.4.3-4.4.4":0.138125340296,"53":null},"op_mob":{"10":0,"11":0,"11.1":0,"11.5":0,"12":0,"12.1":0,"0":3.32576419214e-5},"ie":{"5.5":null,"6":null,"7":0.0123928205128,"8":0.371784615385,"9":0.731176410256,"10":0.15491025641,"11":7.42949589744},"edge":{"12":0.043344,"13":0.482976,"14":5.120784,"15":null},"bb":{"7":0.018088,"10":null},"ie_mob":{"10":0.130433242718,"11":0.615934757282},"and_ff":{"0":0.01904},"samsung":{"0":5.079872},"and_uc":{"0":0.026656},"op_mini":{"0":0.0151987423581},"and_chr":{"0":10.693392}},"total":98.841896}