{"id":"IN","name":"India","month":"2017-01","access_date":"2017-02-02","data":{"chrome":{"4":0.0041,"5":0.0041,"6":0.0082,"7":0.0041,"8":0.00615,"9":0.0041,"10":0.0082,"11":0.0123,"12":0.01025,"13":0.00615,"14":0.0082,"15":0.0041,"16":0.00615,"17":0.0082,"18":0.01435,"19":0.01435,"20":0.0123,"21":0.01025,"22":0.01435,"23":0.01845,"24":0.01435,"25":0.0246,"26":0.01435,"27":0.0205,"28":0.041,"29":0.02665,"30":0.02665,"31":0.25625,"32":0.03075,"33":0.06355,"34":0.01025,"35":0.0123,"36":0.0451,"37":0.0082,"38":0.01435,"39":0.01435,"40":0.0123,"41":0.0123,"42":0.0123,"43":0.0533,"44":0.0205,"45":0.0164,"46":0.04715,"47":0.02665,"48":0.0287,"49":1.01475,"50":0.041,"51":0.20705,"52":0.0738,"53":0.12095,"54":0.1927,"55":11.3898,"56":0.23165,"57":0.08815,"58":null,"59":null},"firefox":{"2":null,"3":0.0574,"3.5":0.0041,"3.6":0.0164,"4":0.01025,"5":0.0041,"6":0.0041,"7":0.0041,"8":0.0041,"9":0.0041,"10":0.0082,"11":0.0123,"12":0.01845,"13":0.0082,"14":0.01025,"15":0.01025,"16":0.01025,"17":0.0082,"18":0.01025,"19":0.0082,"20":0.0082,"21":0.0082,"22":0.00615,"23":0.00615,"24":0.00615,"25":0.00615,"26":0.00615,"27":0.00615,"28":0.0123,"29":0.0205,"30":0.01435,"31":0.082,"32":0.01025,"33":0.0123,"34":0.0123,"35":0.0164,"36":0.01435,"37":0.01435,"38":0.02665,"39":0.02255,"40":0.01845,"41":0.01845,"42":0.0164,"43":0.082,"44":0.1435,"45":0.0738,"46":0.03895,"47":0.16195,"48":0.08405,"49":0.0943,"50":1.8696,"51":0.48585,"52":0.05535,"53":null,"54":null},"opera":{"9":null,"9.5-9.6":null,"10.0-10.1":0,"10.5":null,"10.6":null,"11":null,"11.1":null,"11.5":null,"11.6":0.0041,"12":0.00205,"12.1":0.0082,"15":null,"16":null,"17":null,"18":null,"19":null,"20":null,"21":null,"22":null,"23":null,"24":null,"25":null,"26":null,"27":null,"28":0.00205,"29":0.00205,"30":null,"31":null,"32":null,"33":null,"34":null,"35":null,"36":0.0123,"37":0.00615,"38":0.01025,"39":null,"40":0.0041,"41":0.00615,"42":0.2214,"43":null,"44":null},"safari":{"3.1":null,"3.2":null,"4":0,"5":null,"5.1":0.0041,"6":null,"6.1":null,"7":0.0041,"7.1":null,"8":0.0123,"9":0.01025,"9.1":0.0328,"10":0.11275,"10.1":null,"0":null},"ios_saf":{"3.2":0,"4.0-4.1":0,"4.2-4.3":0,"5.0-5.1":0,"6.0-6.1":0.00668710579695,"7.0-7.1":0.0314293972456,"8":0,"8.1-8.4":0.0377821477527,"9.0-9.2":0.0170521197822,"9.3":0.146781972243,"10.0-10.2":1.32622025718},"android":{"2.1":0,"2.2":0,"2.3":0,"3":0,"4":0.0330032241079,"4.1":0.106733831158,"4.2-4.3":0.325116867276,"4.4":0.736603874238,"4.4.3-4.4.4":0.41218920322,"53":null},"op_mob":{"10":0,"11":0,"11.1":0,"11.5":0,"12":0,"12.1":0,"0":0.0192997554585},"ie":{"5.5":null,"6":0.00618682634731,"7":0.0041245508982,"8":0.158795209581,"9":0.0391832335329,"10":0.0701173652695,"11":0.410392814371},"edge":{"12":0.0328,"13":0.0533,"14":0.1271,"15":null},"bb":{"7":0.0198725,"10":null},"ie_mob":{"10":0.0875161747573,"11":0.413270825243},"and_ff":{"0":0.015898},"samsung":{"0":2.273414},"and_uc":{"0":42.789467},"op_mini":{"0":8.81998824454},"and_chr":{"0":20.860685}},"total":97.8945615}