{"id":"IQ","name":"Iraq","month":"2017-01","access_date":"2017-02-02","data":{"chrome":{"4":null,"5":0.004946,"6":0.004946,"7":null,"8":0.007419,"9":null,"10":0.007419,"11":0.029676,"12":0.004946,"13":0.019784,"14":0.009892,"15":0.012365,"16":0.004946,"17":0.004946,"18":0.017311,"19":0.007419,"20":0.009892,"21":0.017311,"22":0.019784,"23":0.022257,"24":0.017311,"25":0.012365,"26":0.014838,"27":0.017311,"28":0.012365,"29":0.027203,"30":0.034622,"31":0.064298,"32":0.037095,"33":0.09892,"34":0.039568,"35":0.019784,"36":0.086555,"37":0.004946,"38":0.081609,"39":0.027203,"40":0.04946,"41":0.017311,"42":0.017311,"43":1.394772,"44":0.034622,"45":0.037095,"46":0.017311,"47":0.046987,"48":0.029676,"49":0.281922,"50":0.039568,"51":0.190421,"52":0.212678,"53":0.37095,"54":0.242354,"55":14.086208,"56":0.267084,"57":0.059352,"58":null,"59":null},"firefox":{"2":null,"3":0.002473,"3.5":0.002473,"3.6":0.012365,"4":0.002473,"5":0.002473,"6":0.017311,"7":null,"8":null,"9":0.002473,"10":0.004946,"11":0.004946,"12":0.02473,"13":0.012365,"14":null,"15":0.004946,"16":0.004946,"17":null,"18":0.007419,"19":0.004946,"20":0.004946,"21":0.004946,"22":0.004946,"23":0.004946,"24":0.004946,"25":0.004946,"26":0.007419,"27":0.007419,"28":null,"29":0.009892,"30":0.009892,"31":0.009892,"32":0.007419,"33":0.007419,"34":0.009892,"35":0.009892,"36":0.007419,"37":0.019784,"38":0.014838,"39":0.014838,"40":0.004946,"41":0.014838,"42":0.012365,"43":0.089028,"44":0.054406,"45":0.042041,"46":0.027203,"47":0.165691,"48":0.064298,"49":0.061825,"50":2.139145,"51":0.408045,"52":0.02473,"53":0.002473,"54":null},"opera":{"9":null,"9.5-9.6":null,"10.0-10.1":0,"10.5":null,"10.6":null,"11":null,"11.1":null,"11.5":null,"11.6":null,"12":null,"12.1":0.007419,"15":null,"16":null,"17":null,"18":null,"19":null,"20":null,"21":null,"22":null,"23":null,"24":null,"25":null,"26":null,"27":null,"28":0.004946,"29":null,"30":null,"31":null,"32":null,"33":null,"34":null,"35":0.002473,"36":0.009892,"37":0.009892,"38":0.009892,"39":0.004946,"40":0.012365,"41":0.014838,"42":0.425356,"43":0.014838,"44":null},"safari":{"3.1":null,"3.2":null,"4":0.002473,"5":null,"5.1":0.009892,"6":null,"6.1":null,"7":0.002473,"7.1":null,"8":0.017311,"9":0.007419,"9.1":0.02473,"10":0.160745,"10.1":null,"0":null},"ios_saf":{"3.2":0,"4.0-4.1":0,"4.2-4.3":0,"5.0-5.1":0,"6.0-6.1":0.0687852247251,"7.0-7.1":0.323290556208,"8":0,"8.1-8.4":0.388636519697,"9.0-9.2":0.175402323049,"9.3":1.50983568272,"10.0-10.2":13.6418296936},"android":{"2.1":0,"2.2":0,"2.3":0,"3":0,"4":0.135472898172,"4.1":0.438125117493,"4.2-4.3":1.3345521671,"4.4":3.02363979112,"4.4.3-4.4.4":1.69197002611,"53":null},"op_mob":{"10":0,"11":0,"11.1":0,"11.5":0,"12":0,"12.1":0,"0":0.00133119432314},"ie":{"5.5":null,"6":0.00254793939394,"7":null,"8":0.150328424242,"9":0.0993696363636,"10":0.0713423030303,"11":0.76947769697},"edge":{"12":0.034622,"13":0.061825,"14":0.234935,"15":null},"bb":{"7":0.0037635,"10":null},"ie_mob":{"10":0.0249925631068,"11":0.118020436893},"and_ff":{"0":0.052689},"samsung":{"0":9.363588},"and_uc":{"0":0.594633},"op_mini":{"0":0.608355805677},"and_chr":{"0":41.793651}},"total":99.0432565}