{"id":"IR","name":"Iran","month":"2017-01","access_date":"2017-02-02","data":{"chrome":{"4":0.005632,"5":0.005632,"6":0.005632,"7":null,"8":null,"9":null,"10":0.005632,"11":0.067584,"12":0.011264,"13":0.011264,"14":0.022528,"15":0.011264,"16":null,"17":null,"18":0.016896,"19":0.011264,"20":0.022528,"21":0.011264,"22":0.033792,"23":0.033792,"24":0.02816,"25":0.011264,"26":0.022528,"27":0.016896,"28":0.022528,"29":0.050688,"30":0.033792,"31":0.050688,"32":0.02816,"33":0.039424,"34":0.02816,"35":0.016896,"36":0.101376,"37":0.02816,"38":0.095744,"39":0.039424,"40":0.02816,"41":0.02816,"42":0.02816,"43":0.11264,"44":0.050688,"45":0.05632,"46":0.073216,"47":0.05632,"48":0.073216,"49":0.923648,"50":0.073216,"51":0.405504,"52":0.259072,"53":0.428032,"54":0.518144,"55":18.850304,"56":0.30976,"57":0.045056,"58":null,"59":null},"firefox":{"2":null,"3":0.022528,"3.5":0.011264,"3.6":0.039424,"4":0.045056,"5":0.005632,"6":0.005632,"7":0.011264,"8":0.011264,"9":0.016896,"10":0.016896,"11":0.022528,"12":0.073216,"13":0.022528,"14":0.033792,"15":0.02816,"16":0.02816,"17":0.016896,"18":0.016896,"19":0.016896,"20":0.016896,"21":0.022528,"22":0.016896,"23":0.022528,"24":0.039424,"25":0.033792,"26":0.033792,"27":0.02816,"28":0.016896,"29":0.050688,"30":0.050688,"31":0.05632,"32":0.039424,"33":0.095744,"34":0.045056,"35":0.067584,"36":0.045056,"37":0.061952,"38":0.08448,"39":0.090112,"40":0.078848,"41":0.1408,"42":0.11264,"43":0.546304,"44":0.321024,"45":0.22528,"46":0.185856,"47":0.963072,"48":0.444928,"49":0.59136,"50":11.57376,"51":2.207744,"52":0.129536,"53":null,"54":null},"opera":{"9":null,"9.5-9.6":null,"10.0-10.1":0,"10.5":null,"10.6":null,"11":null,"11.1":null,"11.5":null,"11.6":0.005632,"12":0.005632,"12.1":0.02816,"15":null,"16":null,"17":0.005632,"18":null,"19":null,"20":null,"21":null,"22":null,"23":0.005632,"24":null,"25":null,"26":null,"27":null,"28":null,"29":null,"30":null,"31":null,"32":null,"33":0.005632,"34":0.005632,"35":0.005632,"36":0.02816,"37":0.011264,"38":0.033792,"39":0.022528,"40":0.078848,"41":0.191488,"42":0.135168,"43":null,"44":null},"safari":{"3.1":null,"3.2":null,"4":0.011264,"5":0.005632,"5.1":0.022528,"6":null,"6.1":null,"7":0.005632,"7.1":null,"8":0.033792,"9":0.050688,"9.1":0.101376,"10":0.315392,"10.1":null,"0":null},"ios_saf":{"3.2":0,"4.0-4.1":0,"4.2-4.3":0,"5.0-5.1":0,"6.0-6.1":0.0162241486068,"7.0-7.1":0.076253498452,"8":0,"8.1-8.4":0.0916664396285,"9.0-9.2":0.0413715789474,"9.3":0.35612006192,"10.0-10.2":3.21765427245},"android":{"2.1":0,"2.2":0,"2.3":0,"3":0,"4":0.12307794691,"4.1":0.398039317668,"4.2-4.3":1.21244871105,"4.4":2.74699502785,"4.4.3-4.4.4":1.53716499652,"53":null},"op_mob":{"10":0,"11":0,"11.1":0,"11.5":0,"12":0,"12.1":0,"0":0.0069795720524},"ie":{"5.5":null,"6":0.569577941901,"7":0.666406192024,"8":3.62251571049,"9":1.1676347809,"10":0.945499383555,"11":4.59649399114},"edge":{"12":0.135168,"13":0.152064,"14":0.388608,"15":null},"bb":{"7":0.013101,"10":null},"ie_mob":{"10":0.0137369708738,"11":0.0648690291262},"and_ff":{"0":0.21835},"samsung":{"0":8.026546},"and_uc":{"0":0.663784},"op_mini":{"0":3.18966442795},"and_chr":{"0":21.643578}},"total":99.110297}