{"id":"IS","name":"Iceland","month":"2017-01","access_date":"2017-02-02","data":{"chrome":{"4":null,"5":null,"6":null,"7":null,"8":null,"9":null,"10":null,"11":null,"12":null,"13":null,"14":null,"15":null,"16":null,"17":null,"18":0.00691,"19":null,"20":null,"21":0.01382,"22":null,"23":null,"24":null,"25":null,"26":null,"27":null,"28":null,"29":null,"30":null,"31":0.02073,"32":null,"33":null,"34":0.0691,"35":0.08292,"36":0.0691,"37":0.01382,"38":0.03455,"39":0.06219,"40":0.00691,"41":0.01382,"42":0.00691,"43":0.04146,"44":0.06219,"45":0.02764,"46":0.02073,"47":0.03455,"48":0.11056,"49":1.53402,"50":0.09674,"51":0.15893,"52":0.16584,"53":0.19348,"54":0.84993,"55":41.57747,"56":0.51134,"57":0.06219,"58":null,"59":null},"firefox":{"2":null,"3":null,"3.5":null,"3.6":0.00691,"4":null,"5":null,"6":null,"7":null,"8":null,"9":null,"10":null,"11":null,"12":null,"13":null,"14":null,"15":null,"16":0.02073,"17":null,"18":null,"19":null,"20":null,"21":null,"22":null,"23":null,"24":null,"25":null,"26":0.00691,"27":null,"28":null,"29":null,"30":null,"31":0.01382,"32":null,"33":null,"34":null,"35":0.04146,"36":0.08292,"37":0.00691,"38":0.04837,"39":0.01382,"40":0.00691,"41":0.04837,"42":0.31095,"43":0.06219,"44":0.01382,"45":0.3455,"46":0.04146,"47":0.12438,"48":0.23494,"49":0.09674,"50":6.47467,"51":0.74628,"52":0.00691,"53":null,"54":null},"opera":{"9":null,"9.5-9.6":null,"10.0-10.1":0,"10.5":null,"10.6":null,"11":null,"11.1":null,"11.5":null,"11.6":null,"12":null,"12.1":0.06219,"15":null,"16":null,"17":null,"18":null,"19":null,"20":null,"21":null,"22":null,"23":null,"24":null,"25":null,"26":null,"27":null,"28":null,"29":null,"30":null,"31":null,"32":null,"33":null,"34":null,"35":null,"36":0.02073,"37":0.01382,"38":0.01382,"39":null,"40":null,"41":0.00691,"42":0.43533,"43":null,"44":null},"safari":{"3.1":null,"3.2":null,"4":0.00691,"5":0.0691,"5.1":0.08983,"6":null,"6.1":0.12438,"7":0.04837,"7.1":null,"8":0.28331,"9":0.35932,"9.1":1.51329,"10":3.74522,"10.1":null,"0":null},"ios_saf":{"3.2":0,"4.0-4.1":0,"4.2-4.3":0,"5.0-5.1":0,"6.0-6.1":0.056502103128,"7.0-7.1":0.265559884702,"8":0,"8.1-8.4":0.319236882673,"9.0-9.2":0.144080362976,"9.3":1.24022116366,"10.0-10.2":11.2057796029},"android":{"2.1":0,"2.2":0,"2.3":0,"3":0,"4":0.00638304177546,"4.1":0.0206430287206,"4.2-4.3":0.0628797519582,"4.4":0.142464060052,"4.4.3-4.4.4":0.0797201174935,"53":null},"op_mob":{"10":0,"11":0,"11.1":0,"11.5":0,"12":0,"12.1":0,"0":0.000249628820961},"ie":{"5.5":null,"6":null,"7":0.00691,"8":0.0691,"9":0.0691,"10":0.04837,"11":3.60011},"edge":{"12":0.05528,"13":0.23494,"14":2.57743,"15":null},"bb":{"7":0.0023175,"10":null},"ie_mob":{"10":0.0351,"11":0.16575},"and_ff":{"0":0.03399},"samsung":{"0":3.74508},"and_uc":{"0":0.01854},"op_mini":{"0":0.114080371179},"and_chr":{"0":13.06963}},"total":98.7847975}