{"id":"IT","name":"Italy","month":"2017-01","access_date":"2017-02-02","data":{"chrome":{"4":null,"5":null,"6":null,"7":null,"8":null,"9":null,"10":null,"11":0.018675,"12":null,"13":null,"14":null,"15":null,"16":null,"17":null,"18":null,"19":null,"20":null,"21":0.01245,"22":0.043575,"23":null,"24":null,"25":0.06225,"26":0.0249,"27":0.006225,"28":null,"29":0.01245,"30":0.006225,"31":0.018675,"32":0.280125,"33":0.01245,"34":0.0747,"35":0.255225,"36":1.226325,"37":0.018675,"38":0.06225,"39":0.043575,"40":0.0249,"41":0.068475,"42":0.043575,"43":0.1743,"44":0.03735,"45":0.0498,"46":0.043575,"47":0.080925,"48":0.0747,"49":2.32815,"50":0.0996,"51":0.498,"52":0.130725,"53":0.23655,"54":0.65985,"55":27.888,"56":0.491775,"57":0.068475,"58":null,"59":null},"firefox":{"2":null,"3":0.006225,"3.5":null,"3.6":0.0249,"4":null,"5":null,"6":null,"7":null,"8":null,"9":null,"10":null,"11":null,"12":0.01245,"13":null,"14":null,"15":null,"16":0.0249,"17":null,"18":null,"19":null,"20":0.006225,"21":0.018675,"22":null,"23":null,"24":0.006225,"25":null,"26":0.018675,"27":null,"28":0.01245,"29":0.006225,"30":0.01245,"31":0.0249,"32":0.01245,"33":0.018675,"34":0.031125,"35":0.0249,"36":0.0249,"37":0.031125,"38":0.056025,"39":0.031125,"40":0.0249,"41":0.031125,"42":0.03735,"43":0.280125,"44":0.031125,"45":0.1992,"46":0.06225,"47":0.4731,"48":0.578925,"49":0.21165,"50":7.961775,"51":1.03335,"52":0.031125,"53":null,"54":null},"opera":{"9":null,"9.5-9.6":null,"10.0-10.1":0,"10.5":null,"10.6":null,"11":null,"11.1":null,"11.5":null,"11.6":null,"12":null,"12.1":0.031125,"15":null,"16":null,"17":null,"18":null,"19":null,"20":null,"21":null,"22":null,"23":null,"24":null,"25":null,"26":null,"27":null,"28":0.0249,"29":null,"30":null,"31":null,"32":null,"33":null,"34":null,"35":null,"36":0.03735,"37":null,"38":0.0498,"39":null,"40":null,"41":0.0498,"42":0.53535,"43":0.006225,"44":null},"safari":{"3.1":null,"3.2":null,"4":0.0249,"5":0.0747,"5.1":0.1743,"6":0.01245,"6.1":0.105825,"7":0.03735,"7.1":0.01245,"8":0.168075,"9":0.230325,"9.1":0.778125,"10":2.95065,"10.1":null,"0":null},"ios_saf":{"3.2":0,"4.0-4.1":0,"4.2-4.3":0,"5.0-5.1":0,"6.0-6.1":0.0399625280239,"7.0-7.1":0.187823881712,"8":0,"8.1-8.4":0.225788283335,"9.0-9.2":0.101904446461,"9.3":0.877177490125,"10.0-10.2":7.92556837034},"android":{"2.1":0,"2.2":0,"2.3":0,"3":0,"4":0.0358247171453,"4.1":0.115858659704,"4.2-4.3":0.352911575283,"4.4":0.799577197563,"4.4.3-4.4.4":0.447427850305,"53":null},"op_mob":{"10":0,"11":0,"11.1":0,"11.5":0,"12":0,"12.1":0,"0":0.00041211790393},"ie":{"5.5":null,"6":0.0188611295681,"7":0.0188611295681,"8":0.345787375415,"9":0.264055813953,"10":0.270342857143,"11":4.75929169435},"edge":{"12":0.11205,"13":0.329925,"14":2.37795,"15":null},"bb":{"7":0.01226875,"10":null},"ie_mob":{"10":0.206488834951,"11":0.975086165049},"and_ff":{"0":0.05285},"samsung":{"0":3.876925},"and_uc":{"0":0.381275},"op_mini":{"0":0.188337882096},"and_chr":{"0":20.85685}},"total":97.99924375}