{"id":"JE","name":"Jersey","month":"2017-01","access_date":"2017-02-02","data":{"chrome":{"4":null,"5":null,"6":null,"7":null,"8":null,"9":null,"10":null,"11":null,"12":null,"13":null,"14":0.005439,"15":null,"16":null,"17":null,"18":null,"19":null,"20":null,"21":0.005439,"22":0.05439,"23":null,"24":null,"25":null,"26":null,"27":null,"28":null,"29":null,"30":null,"31":null,"32":0.103341,"33":null,"34":null,"35":null,"36":null,"37":null,"38":0.021756,"39":0.043512,"40":null,"41":null,"42":null,"43":0.021756,"44":0.027195,"45":0.010878,"46":0.038073,"47":0.027195,"48":0.021756,"49":1.038849,"50":0.016317,"51":0.027195,"52":0.065268,"53":0.342657,"54":0.358974,"55":21.565635,"56":0.261072,"57":null,"58":null,"59":null},"firefox":{"2":null,"3":null,"3.5":null,"3.6":0.010878,"4":null,"5":null,"6":null,"7":null,"8":null,"9":null,"10":null,"11":null,"12":0.021756,"13":null,"14":null,"15":null,"16":0.016317,"17":null,"18":null,"19":0.016317,"20":null,"21":0.005439,"22":null,"23":null,"24":null,"25":null,"26":null,"27":null,"28":null,"29":null,"30":null,"31":null,"32":null,"33":0.05439,"34":null,"35":null,"36":null,"37":null,"38":null,"39":null,"40":0.005439,"41":0.010878,"42":0.005439,"43":0.010878,"44":0.081585,"45":0.021756,"46":0.021756,"47":0.103341,"48":0.125097,"49":0.076146,"50":3.965031,"51":0.484071,"52":0.032634,"53":null,"54":null},"opera":{"9":null,"9.5-9.6":null,"10.0-10.1":0,"10.5":null,"10.6":null,"11":null,"11.1":null,"11.5":null,"11.6":null,"12":null,"12.1":0.027195,"15":null,"16":null,"17":null,"18":null,"19":null,"20":null,"21":null,"22":null,"23":null,"24":null,"25":null,"26":null,"27":null,"28":null,"29":null,"30":null,"31":null,"32":null,"33":null,"34":null,"35":null,"36":0.021756,"37":null,"38":null,"39":null,"40":null,"41":0.027195,"42":0.174048,"43":null,"44":null},"safari":{"3.1":null,"3.2":null,"4":0.010878,"5":0.010878,"5.1":0.233877,"6":0.010878,"6.1":0.212121,"7":0.027195,"7.1":0.010878,"8":0.266511,"9":0.310023,"9.1":1.653456,"10":5.254074,"10.1":null,"0":null},"ios_saf":{"3.2":0,"4.0-4.1":0,"4.2-4.3":0,"5.0-5.1":0,"6.0-6.1":0.123522416996,"7.0-7.1":0.58055535988,"8":0,"8.1-8.4":0.697901656026,"9.0-9.2":0.314982163339,"9.3":2.71131705306,"10.0-10.2":24.4975833507},"android":{"2.1":0,"2.2":0,"2.3":0,"3":0,"4":0.00970155265448,"4.1":0.0313752341166,"4.2-4.3":0.0955706144473,"4.4":0.216530398607,"4.4.3-4.4.4":0.121166200174,"53":null},"op_mob":{"10":0,"11":0,"11.1":0,"11.5":0,"12":0,"12.1":0,"0":0.000288796943231},"ie":{"5.5":null,"6":null,"7":null,"8":0.157731,"9":0.261072,"10":0.592851,"11":11.329437},"edge":{"12":0.103341,"13":0.342657,"14":3.225327,"15":null},"bb":{"7":0.059293,"10":null},"ie_mob":{"10":0.101227631068,"11":0.478019368932},"and_ff":{"0":0.072976},"samsung":{"0":3.863167},"and_uc":{"0":0.191562},"op_mini":{"0":0.131980203057},"and_chr":{"0":10.875374}},"total":98.563318}