{"id":"JM","name":"Jamaica","month":"2017-01","access_date":"2017-02-02","data":{"chrome":{"4":null,"5":null,"6":null,"7":null,"8":null,"9":null,"10":0.011424,"11":0.017136,"12":0.011424,"13":null,"14":null,"15":null,"16":0.011424,"17":null,"18":0.017136,"19":null,"20":0.005712,"21":0.011424,"22":0.062832,"23":null,"24":0.005712,"25":null,"26":0.017136,"27":null,"28":0.02856,"29":0.005712,"30":0.005712,"31":0.034272,"32":0.097104,"33":0.017136,"34":0.017136,"35":0.011424,"36":0.559776,"37":0.02856,"38":0.017136,"39":0.045696,"40":0.011424,"41":0.022848,"42":0.017136,"43":0.125664,"44":0.039984,"45":0.108528,"46":0.039984,"47":0.05712,"48":0.045696,"49":1.39944,"50":0.108528,"51":0.502656,"52":0.297024,"53":0.851088,"54":0.48552,"55":33.409488,"56":0.594048,"57":0.319872,"58":0.005712,"59":null},"firefox":{"2":null,"3":null,"3.5":0.011424,"3.6":0.005712,"4":0.011424,"5":0.011424,"6":0.011424,"7":null,"8":null,"9":null,"10":null,"11":null,"12":null,"13":null,"14":null,"15":null,"16":null,"17":null,"18":null,"19":null,"20":null,"21":null,"22":0.011424,"23":null,"24":null,"25":null,"26":null,"27":null,"28":0.005712,"29":0.005712,"30":null,"31":0.005712,"32":null,"33":0.005712,"34":0.005712,"35":null,"36":null,"37":0.017136,"38":0.034272,"39":0.017136,"40":0.011424,"41":0.017136,"42":0.045696,"43":0.068544,"44":0.034272,"45":0.051408,"46":0.02856,"47":0.205632,"48":0.234192,"49":0.091392,"50":3.672816,"51":0.65688,"52":0.051408,"53":null,"54":null},"opera":{"9":null,"9.5-9.6":null,"10.0-10.1":0,"10.5":null,"10.6":null,"11":null,"11.1":null,"11.5":null,"11.6":null,"12":null,"12.1":0.045696,"15":null,"16":null,"17":null,"18":null,"19":null,"20":null,"21":null,"22":null,"23":null,"24":null,"25":null,"26":null,"27":0.005712,"28":0.005712,"29":0.039984,"30":null,"31":null,"32":null,"33":0.034272,"34":null,"35":null,"36":0.011424,"37":0.051408,"38":0.039984,"39":null,"40":0.011424,"41":0.017136,"42":0.451248,"43":null,"44":null},"safari":{"3.1":null,"3.2":null,"4":0.005712,"5":0.017136,"5.1":0.068544,"6":0.02856,"6.1":0.022848,"7":0.005712,"7.1":0.011424,"8":0.079968,"9":0.091392,"9.1":0.405552,"10":1.393728,"10.1":null,"0":null},"ios_saf":{"3.2":0,"4.0-4.1":0,"4.2-4.3":0,"5.0-5.1":0,"6.0-6.1":0.0290712330522,"7.0-7.1":0.136634795345,"8":0,"8.1-8.4":0.164252466745,"9.0-9.2":0.0741316442831,"9.3":0.638113565496,"10.0-10.2":5.76555229508},"android":{"2.1":0,"2.2":0,"2.3":0,"3":0,"4":0.0972372937337,"4.1":0.314469545692,"4.2-4.3":0.957890787206,"4.4":2.17025364099,"4.4.3-4.4.4":1.21443173238,"53":null},"op_mob":{"10":0,"11":0,"11.1":0,"11.5":0,"12":0,"12.1":0,"0":0.00317312882096},"ie":{"5.5":null,"6":0.00576030443975,"7":0.0172809133192,"8":0.178569437632,"9":0.184329742072,"10":0.201610655391,"11":2.13131264271},"edge":{"12":0.177072,"13":0.439824,"14":2.244816,"15":null},"bb":{"7":0.09324225,"10":null},"ie_mob":{"10":0.0689249708738,"11":0.325479029126},"and_ff":{"0":0.017148},"samsung":{"0":2.868003},"and_uc":{"0":1.723374},"op_mini":{"0":1.45011987118},"and_chr":{"0":26.670489}},"total":98.0177839456}