{"id":"JO","name":"Jordan","month":"2017-01","access_date":"2017-02-02","data":{"chrome":{"4":null,"5":null,"6":null,"7":0.008412,"8":0.008412,"9":null,"10":0.004206,"11":0.029442,"12":0.012618,"13":0.008412,"14":0.008412,"15":0.008412,"16":null,"17":0.012618,"18":0.025236,"19":0.088326,"20":0.004206,"21":0.008412,"22":0.02103,"23":0.02103,"24":0.151416,"25":0.016824,"26":0.016824,"27":0.016824,"28":0.025236,"29":0.02103,"30":0.096738,"31":0.046266,"32":0.054678,"33":0.071502,"34":0.012618,"35":0.155622,"36":0.134592,"37":0.012618,"38":0.037854,"39":0.025236,"40":0.046266,"41":0.025236,"42":0.016824,"43":0.235536,"44":0.037854,"45":0.037854,"46":0.029442,"47":0.08412,"48":0.075708,"49":1.438452,"50":0.08412,"51":0.290214,"52":0.176652,"53":0.445836,"54":0.35751,"55":24.428448,"56":0.458454,"57":0.067296,"58":null,"59":null},"firefox":{"2":0.046266,"3":0.008412,"3.5":null,"3.6":0.012618,"4":0.008412,"5":null,"6":null,"7":null,"8":null,"9":null,"10":0.012618,"11":null,"12":0.008412,"13":0.004206,"14":null,"15":0.08412,"16":0.008412,"17":null,"18":0.054678,"19":null,"20":null,"21":0.075708,"22":null,"23":0.079914,"24":0.004206,"25":0.109356,"26":0.004206,"27":0.004206,"28":0.004206,"29":0.008412,"30":0.008412,"31":0.008412,"32":0.004206,"33":0.012618,"34":0.012618,"35":0.02103,"36":0.008412,"37":0.012618,"38":0.025236,"39":0.008412,"40":0.012618,"41":0.02103,"42":0.008412,"43":0.079914,"44":0.04206,"45":0.046266,"46":0.037854,"47":0.185064,"48":0.155622,"49":0.096738,"50":2.599308,"51":0.374334,"52":0.02103,"53":null,"54":null},"opera":{"9":null,"9.5-9.6":null,"10.0-10.1":0.046266,"10.5":null,"10.6":null,"11":null,"11.1":null,"11.5":null,"11.6":null,"12":null,"12.1":0.008412,"15":null,"16":null,"17":null,"18":null,"19":null,"20":null,"21":null,"22":null,"23":null,"24":null,"25":null,"26":null,"27":null,"28":null,"29":0.004206,"30":null,"31":null,"32":null,"33":null,"34":null,"35":null,"36":0.016824,"37":null,"38":0.037854,"39":null,"40":0.004206,"41":0.008412,"42":0.412188,"43":0.004206,"44":null},"safari":{"3.1":null,"3.2":null,"4":0.008412,"5":0.06309,"5.1":0.033648,"6":0.012618,"6.1":0.012618,"7":0.025236,"7.1":null,"8":0.054678,"9":0.071502,"9.1":0.256566,"10":0.656136,"10.1":null,"0":null},"ios_saf":{"3.2":0,"4.0-4.1":0,"4.2-4.3":0,"5.0-5.1":0,"6.0-6.1":0.0261524842532,"7.0-7.1":0.12291667599,"8":0,"8.1-8.4":0.147761536031,"9.0-9.2":0.0666888348457,"9.3":0.574047029358,"10.0-10.2":5.18669143952},"android":{"2.1":0,"2.2":0,"2.3":0,"3":0,"4":0.108903499565,"4.1":0.352198551784,"4.2-4.3":1.0728153255,"4.4":2.43063342646,"4.4.3-4.4.4":1.36013519669,"53":null},"op_mob":{"10":0,"11":0,"11.1":0,"11.5":0,"12":0,"12.1":0,"0":0.00282109606987},"ie":{"5.5":null,"6":0.0214077844311,"7":0.0214077844311,"8":0.757835568862,"9":0.625107305389,"10":0.398184790419,"11":2.46617676647},"edge":{"12":0.075708,"13":0.134592,"14":0.668754,"15":null},"bb":{"7":0.008691,"10":null},"ie_mob":{"10":0.117455067961,"11":0.554648932039},"and_ff":{"0":0.023176},"samsung":{"0":5.35945},"and_uc":{"0":1.297856},"op_mini":{"0":1.28924090393},"and_chr":{"0":37.780098}},"total":98.630109}