{"id":"JP","name":"Japan","month":"2017-01","access_date":"2017-02-02","data":{"chrome":{"4":null,"5":null,"6":null,"7":null,"8":null,"9":null,"10":null,"11":0.013408,"12":null,"13":null,"14":null,"15":null,"16":null,"17":0.020112,"18":null,"19":null,"20":null,"21":0.013408,"22":0.013408,"23":null,"24":null,"25":null,"26":null,"27":0.006704,"28":null,"29":0.020112,"30":null,"31":0.013408,"32":0.013408,"33":0.013408,"34":0.013408,"35":0.013408,"36":0.093856,"37":0.006704,"38":0.013408,"39":0.040224,"40":0.013408,"41":0.040224,"42":0.046928,"43":0.107264,"44":0.020112,"45":0.181008,"46":0.026816,"47":0.060336,"48":0.127376,"49":1.74304,"50":0.1676,"51":0.663696,"52":0.174304,"53":0.207824,"54":0.388832,"55":21.399168,"56":0.355312,"57":0.073744,"58":null,"59":null},"firefox":{"2":null,"3":0.020112,"3.5":null,"3.6":0.026816,"4":null,"5":null,"6":null,"7":null,"8":null,"9":null,"10":0.013408,"11":null,"12":0.013408,"13":null,"14":null,"15":null,"16":0.026816,"17":null,"18":null,"19":0.013408,"20":null,"21":0.006704,"22":null,"23":0.006704,"24":0.006704,"25":null,"26":null,"27":null,"28":0.013408,"29":0.006704,"30":null,"31":0.006704,"32":null,"33":0.013408,"34":0.020112,"35":0.046928,"36":0.03352,"37":0.026816,"38":0.06704,"39":0.020112,"40":0.020112,"41":0.026816,"42":0.026816,"43":0.13408,"44":0.020112,"45":0.187712,"46":0.073744,"47":0.375424,"48":0.663696,"49":0.147488,"50":8.453744,"51":1.03912,"52":0.026816,"53":null,"54":null},"opera":{"9":null,"9.5-9.6":null,"10.0-10.1":0,"10.5":null,"10.6":null,"11":null,"11.1":null,"11.5":null,"11.6":0.013408,"12":0.006704,"12.1":0.20112,"15":null,"16":null,"17":null,"18":null,"19":null,"20":null,"21":null,"22":null,"23":null,"24":null,"25":null,"26":null,"27":null,"28":0.006704,"29":null,"30":null,"31":null,"32":null,"33":null,"34":null,"35":null,"36":0.026816,"37":0.013408,"38":0.107264,"39":null,"40":null,"41":null,"42":0.308384,"43":0.006704,"44":null},"safari":{"3.1":null,"3.2":null,"4":0.06704,"5":0.113968,"5.1":0.315088,"6":0.073744,"6.1":0.221232,"7":0.093856,"7.1":0.026816,"8":0.221232,"9":0.1676,"9.1":0.931856,"10":2.192208,"10.1":null,"0":null},"ios_saf":{"3.2":0,"4.0-4.1":0,"4.2-4.3":0,"5.0-5.1":0,"6.0-6.1":0.0961881669691,"7.0-7.1":0.452084384755,"8":0,"8.1-8.4":0.543463143376,"9.0-9.2":0.245279825771,"9.3":2.11133026497,"10.0-10.2":19.0765182142},"android":{"2.1":0,"2.2":0,"2.3":0,"3":0,"4":0.0274365465622,"4.1":0.0887309590949,"4.2-4.3":0.270279171453,"4.4":0.612360369017,"4.4.3-4.4.4":0.342664953873,"53":null},"op_mob":{"10":0,"11":0,"11.1":0,"11.5":0,"12":0,"12.1":0,"0":0.000223091703057},"ie":{"5.5":null,"6":0.0615774814815,"7":0.0615774814815,"8":0.752613662551,"9":0.670510353909,"10":0.437884312757,"11":14.6417567078},"edge":{"12":0.03352,"13":0.294976,"14":3.15088,"15":null},"bb":{"7":0.003296,"10":null},"ie_mob":{"10":0.00288,"11":0.0136},"and_ff":{"0":0.03296},"samsung":{"0":0.754784},"and_uc":{"0":0.207648},"op_mini":{"0":0.101952908297},"and_chr":{"0":9.490832}},"total":97.384848}