{"id":"KE","name":"Kenya","month":"2017-01","access_date":"2017-02-02","data":{"chrome":{"4":null,"5":null,"6":null,"7":null,"8":null,"9":null,"10":null,"11":0.02967,"12":null,"13":null,"14":null,"15":null,"16":null,"17":null,"18":null,"19":null,"20":null,"21":null,"22":0.00258,"23":null,"24":null,"25":0.00516,"26":0.00129,"27":0.00387,"28":0.00258,"29":0.00387,"30":null,"31":0.01548,"32":0.02322,"33":0.01419,"34":0.00387,"35":0.01032,"36":0.06192,"37":null,"38":0.00774,"39":0.00387,"40":0.00387,"41":0.00387,"42":0.00387,"43":0.04257,"44":0.00645,"45":0.00903,"46":0.00387,"47":0.00774,"48":0.00774,"49":0.23478,"50":0.01935,"51":0.04644,"52":0.03483,"53":0.10578,"54":0.08643,"55":4.8246,"56":0.08901,"57":0.02322,"58":null,"59":null},"firefox":{"2":null,"3":0.00645,"3.5":null,"3.6":0.00516,"4":0.00258,"5":0.00129,"6":0.00129,"7":0.00129,"8":0.00129,"9":0.00129,"10":0.00258,"11":0.00516,"12":0.00903,"13":0.00387,"14":0.00645,"15":0.00516,"16":0.00387,"17":0.00387,"18":0.00387,"19":0.00387,"20":0.01032,"21":0.00516,"22":0.00258,"23":0.00387,"24":0.00516,"25":0.00387,"26":0.00258,"27":0.00387,"28":0.00387,"29":0.00903,"30":0.01677,"31":0.01032,"32":0.00903,"33":0.01677,"34":0.0129,"35":0.0129,"36":0.01161,"37":0.01419,"38":0.02322,"39":0.01806,"40":0.01677,"41":0.02193,"42":0.01677,"43":0.09933,"44":0.15093,"45":0.06579,"46":0.04257,"47":0.19866,"48":0.11223,"49":0.15738,"50":2.74125,"51":0.59856,"52":0.0516,"53":0.00258,"54":null},"opera":{"9":null,"9.5-9.6":null,"10.0-10.1":0,"10.5":null,"10.6":null,"11":null,"11.1":null,"11.5":null,"11.6":null,"12":null,"12.1":0.00774,"15":null,"16":null,"17":null,"18":null,"19":0.00258,"20":null,"21":0.00387,"22":null,"23":null,"24":null,"25":null,"26":0.00129,"27":null,"28":0.00387,"29":0.00516,"30":0.00516,"31":null,"32":0.00516,"33":0.01935,"34":0.00903,"35":0.01419,"36":0.01032,"37":0.13803,"38":0.01032,"39":0.00129,"40":0.00387,"41":0.02193,"42":0.24897,"43":0.00258,"44":null},"safari":{"3.1":null,"3.2":null,"4":0.00129,"5":0.00129,"5.1":0.00387,"6":null,"6.1":0.00258,"7":null,"7.1":0.00516,"8":0.01677,"9":0.01419,"9.1":0.03741,"10":0.16383,"10.1":null,"0":null},"ios_saf":{"3.2":0,"4.0-4.1":0,"4.2-4.3":0,"5.0-5.1":0,"6.0-6.1":0.00275238603608,"7.0-7.1":0.0129362143696,"8":0,"8.1-8.4":0.0155509811039,"9.0-9.2":0.00701858439201,"9.3":0.060414873492,"10.0-10.2":0.545866960606},"android":{"2.1":0,"2.2":0,"2.3":0,"3":0,"4":0.0792731288077,"4.1":0.256372671889,"4.2-4.3":0.780924651871,"4.4":1.76930876849,"4.4.3-4.4.4":0.990070778938,"53":null},"op_mob":{"10":0,"11":0,"11.1":0,"11.5":0,"12":0,"12.1":0,"0":0.13956919214},"ie":{"5.5":null,"6":null,"7":null,"8":0.0446970229008,"9":0.0144608015267,"10":0.0197192748092,"11":0.265552900763},"edge":{"12":0.02967,"13":0.03741,"14":0.12771,"15":null},"bb":{"7":0.04355,"10":null},"ie_mob":{"10":0.246586019417,"11":1.16443398058},"and_ff":{"0":0.05226},"samsung":{"0":1.26295},"and_uc":{"0":4.16338},"op_mini":{"0":63.7831208079},"and_chr":{"0":11.95855}},"total":98.91909}