{"id":"KH","name":"Cambodia","month":"2017-01","access_date":"2017-02-02","data":{"chrome":{"4":null,"5":null,"6":null,"7":null,"8":null,"9":null,"10":0.004551,"11":0.040959,"12":null,"13":null,"14":null,"15":0.004551,"16":null,"17":0.004551,"18":null,"19":null,"20":0.009102,"21":null,"22":0.009102,"23":0.022755,"24":null,"25":0.013653,"26":0.009102,"27":0.018204,"28":0.009102,"29":0.068265,"30":0.018204,"31":0.027306,"32":0.118326,"33":0.095571,"34":0.022755,"35":0.009102,"36":0.059163,"37":0.013653,"38":0.031857,"39":0.013653,"40":0.050061,"41":0.031857,"42":0.027306,"43":1.019424,"44":0.040959,"45":0.095571,"46":0.040959,"47":0.127428,"48":0.09102,"49":0.614385,"50":0.172938,"51":1.988787,"52":1.27428,"53":1.447218,"54":0.314019,"55":18.395142,"56":0.582528,"57":0.368631,"58":0.004551,"59":null},"firefox":{"2":null,"3":0.022755,"3.5":null,"3.6":0.022755,"4":null,"5":null,"6":null,"7":null,"8":null,"9":null,"10":0.004551,"11":0.009102,"12":0.027306,"13":0.004551,"14":0.009102,"15":0.009102,"16":0.013653,"17":0.009102,"18":0.009102,"19":0.009102,"20":null,"21":0.013653,"22":0.009102,"23":0.009102,"24":0.004551,"25":0.018204,"26":0.009102,"27":0.013653,"28":0.004551,"29":0.054612,"30":0.040959,"31":0.09102,"32":0.018204,"33":0.131979,"34":0.04551,"35":0.054612,"36":0.050061,"37":0.063714,"38":0.118326,"39":0.081918,"40":0.086469,"41":0.095571,"42":0.086469,"43":0.359529,"44":0.259407,"45":0.168387,"46":0.141081,"47":1.074036,"48":0.600732,"49":0.300366,"50":5.010651,"51":1.110444,"52":0.095571,"53":null,"54":null},"opera":{"9":null,"9.5-9.6":null,"10.0-10.1":0,"10.5":null,"10.6":null,"11":null,"11.1":null,"11.5":null,"11.6":null,"12":null,"12.1":0.013653,"15":null,"16":null,"17":null,"18":null,"19":null,"20":null,"21":null,"22":null,"23":null,"24":null,"25":null,"26":null,"27":null,"28":null,"29":null,"30":null,"31":null,"32":null,"33":null,"34":0.009102,"35":null,"36":0.009102,"37":0.013653,"38":0.159285,"39":0.086469,"40":0.027306,"41":0.004551,"42":0.550671,"43":null,"44":null},"safari":{"3.1":null,"3.2":null,"4":0.031857,"5":null,"5.1":0.009102,"6":0.009102,"6.1":null,"7":0.040959,"7.1":null,"8":0.095571,"9":0.100122,"9.1":0.286713,"10":0.823731,"10.1":null,"0":null},"ios_saf":{"3.2":0,"4.0-4.1":0,"4.2-4.3":0,"5.0-5.1":0,"6.0-6.1":0.0928492281413,"7.0-7.1":0.436391372264,"8":0,"8.1-8.4":0.524598138999,"9.0-9.2":0.23676553176,"9.3":2.0380405577,"10.0-10.2":18.4143231711},"android":{"2.1":0,"2.2":0,"2.3":0,"3":0,"4":0.121899592689,"4.1":0.394228469974,"4.2-4.3":1.20084066841,"4.4":2.72069516449,"4.4.3-4.4.4":1.52244810444,"53":null},"op_mob":{"10":0,"11":0,"11.1":0,"11.5":0,"12":0,"12.1":0,"0":0.00375888209607},"ie":{"5.5":null,"6":0.0163962124711,"7":0.0327924249423,"8":0.781552794457,"9":0.213150762125,"10":0.251408591224,"11":1.04935759815},"edge":{"12":0.081918,"13":0.150183,"14":0.432345,"15":null},"bb":{"7":0.002724,"10":null},"ie_mob":{"10":0.0599808932039,"11":0.283243106796},"and_ff":{"0":0.049032},"samsung":{"0":3.51396},"and_uc":{"0":0.659208},"op_mini":{"0":1.7178091179},"and_chr":{"0":20.811216}},"total":97.7663453834}