{"id":"KI","name":"Kiribati","month":"2017-01","access_date":"2017-02-02","data":{"chrome":{"4":null,"5":null,"6":null,"7":null,"8":null,"9":null,"10":null,"11":null,"12":null,"13":0.0144,"14":null,"15":null,"16":null,"17":null,"18":null,"19":0.0144,"20":0.0432,"21":null,"22":0.0288,"23":null,"24":null,"25":0.0144,"26":0.0072,"27":null,"28":null,"29":0.0072,"30":0.0072,"31":0.1404,"32":null,"33":null,"34":null,"35":null,"36":null,"37":null,"38":null,"39":null,"40":0.0576,"41":0.0216,"42":null,"43":0.0432,"44":0.0072,"45":0.0288,"46":0.1116,"47":0.0072,"48":null,"49":0.0288,"50":null,"51":0.162,"52":0.1044,"53":0.2736,"54":0.7704,"55":9.9828,"56":0.1116,"57":0.0756,"58":null,"59":null},"firefox":{"2":null,"3":null,"3.5":null,"3.6":0.0828,"4":0.252,"5":null,"6":0.0144,"7":null,"8":null,"9":null,"10":null,"11":null,"12":null,"13":null,"14":null,"15":null,"16":0.0144,"17":0.0216,"18":null,"19":0.0756,"20":null,"21":null,"22":0.0756,"23":null,"24":0.0072,"25":0.0432,"26":null,"27":null,"28":null,"29":0.0576,"30":null,"31":0.0072,"32":0.3096,"33":0.0684,"34":null,"35":0.0288,"36":0.0288,"37":0.0216,"38":1.5696,"39":null,"40":0.3492,"41":null,"42":null,"43":0.3348,"44":0.2448,"45":null,"46":0.0288,"47":0.8136,"48":0.1908,"49":0.7776,"50":8.4708,"51":2.0592,"52":0.0288,"53":null,"54":null},"opera":{"9":null,"9.5-9.6":null,"10.0-10.1":0.0072,"10.5":null,"10.6":null,"11":null,"11.1":null,"11.5":null,"11.6":null,"12":null,"12.1":0.0288,"15":null,"16":null,"17":null,"18":null,"19":null,"20":null,"21":null,"22":null,"23":null,"24":null,"25":null,"26":null,"27":null,"28":null,"29":null,"30":null,"31":null,"32":null,"33":null,"34":0.0144,"35":0.0288,"36":null,"37":null,"38":null,"39":0.0072,"40":null,"41":null,"42":1.8,"43":null,"44":null},"safari":{"3.1":null,"3.2":null,"4":0,"5":null,"5.1":null,"6":null,"6.1":null,"7":0.0216,"7.1":null,"8":null,"9":0.0072,"9.1":0.0288,"10":0.2304,"10.1":null,"0":null},"ios_saf":{"3.2":0,"4.0-4.1":0,"4.2-4.3":0,"5.0-5.1":0,"6.0-6.1":0.00978413579588,"7.0-7.1":0.0459854382406,"8":0,"8.1-8.4":0.0552803672467,"9.0-9.2":0.0249495462795,"9.3":0.21476178072,"10.0-10.2":1.94043873172},"android":{"2.1":0,"2.2":0,"2.3":0,"3":0,"4":0.147389382071,"4.1":0.476663533507,"4.2-4.3":1.45194221062,"4.4":3.28960557006,"4.4.3-4.4.4":1.84079930374,"53":null},"op_mob":{"10":0,"11":0,"11.1":0,"11.5":0,"12":0,"12.1":0,"0":0.00335371179039},"ie":{"5.5":null,"6":null,"7":null,"8":0.33732361809,"9":0.11244120603,"10":0.304679396985,"11":2.13275577889},"edge":{"12":1.1016,"13":0.2232,"14":0.1476,"15":null},"bb":{"7":0.0016,"10":null},"ie_mob":{"10":0.540209708738,"11":2.55099029126},"and_ff":{"0":0.0064},"samsung":{"0":2.5088},"and_uc":{"0":2.656},"op_mini":{"0":1.53264628821},"and_chr":{"0":45.8028}},"total":99.6748}