{"id":"KN","name":"Saint Kitts and Nevis","month":"2017-01","access_date":"2017-02-02","data":{"chrome":{"4":null,"5":null,"6":null,"7":null,"8":null,"9":null,"10":null,"11":0.024784,"12":null,"13":null,"14":null,"15":null,"16":null,"17":null,"18":null,"19":null,"20":null,"21":null,"22":0.037176,"23":0.018588,"24":null,"25":null,"26":null,"27":null,"28":null,"29":null,"30":null,"31":null,"32":0.204468,"33":null,"34":0.297408,"35":null,"36":0.018588,"37":null,"38":0.012392,"39":0.018588,"40":0.012392,"41":0.006196,"42":0.006196,"43":0.055764,"44":null,"45":0.018588,"46":0.03098,"47":0.006196,"48":null,"49":1.127672,"50":0.043372,"51":0.161096,"52":0.068156,"53":0.210664,"54":0.80548,"55":33.123816,"56":0.638188,"57":0.105332,"58":null,"59":null},"firefox":{"2":null,"3":null,"3.5":null,"3.6":null,"4":null,"5":0.006196,"6":null,"7":null,"8":null,"9":null,"10":0.074352,"11":null,"12":null,"13":null,"14":null,"15":null,"16":null,"17":0.006196,"18":null,"19":null,"20":null,"21":null,"22":0.006196,"23":null,"24":0.043372,"25":null,"26":null,"27":null,"28":null,"29":0.086744,"30":null,"31":0.1549,"32":null,"33":0.012392,"34":null,"35":null,"36":null,"37":0.006196,"38":0.037176,"39":0.043372,"40":null,"41":0.012392,"42":0.1549,"43":0.018588,"44":null,"45":2.38546,"46":0.006196,"47":0.117724,"48":0.346976,"49":0.148704,"50":3.723796,"51":0.365564,"52":null,"53":null,"54":null},"opera":{"9":null,"9.5-9.6":null,"10.0-10.1":0,"10.5":null,"10.6":null,"11":null,"11.1":null,"11.5":null,"11.6":null,"12":null,"12.1":0.049568,"15":null,"16":null,"17":null,"18":null,"19":null,"20":null,"21":0.006196,"22":null,"23":null,"24":null,"25":null,"26":null,"27":null,"28":null,"29":null,"30":null,"31":null,"32":null,"33":null,"34":null,"35":null,"36":null,"37":0.018588,"38":0.012392,"39":null,"40":null,"41":0.012392,"42":0.520464,"43":null,"44":null},"safari":{"3.1":null,"3.2":null,"4":0.012392,"5":null,"5.1":0.06196,"6":null,"6.1":0.018588,"7":0.018588,"7.1":null,"8":0.272624,"9":0.136312,"9.1":0.501876,"10":3.742384,"10.1":null,"0":null},"ios_saf":{"3.2":0,"4.0-4.1":0,"4.2-4.3":0,"5.0-5.1":0,"6.0-6.1":0.0432909576172,"7.0-7.1":0.203467500801,"8":0,"8.1-8.4":0.244593910537,"9.0-9.2":0.110391941924,"9.3":0.950236519697,"10.0-10.2":8.58567916942},"android":{"2.1":0,"2.2":0,"2.3":0,"3":0,"4":0.0380449660574,"4.1":0.123039039164,"4.2-4.3":0.374783389034,"4.4":0.849131263708,"4.4.3-4.4.4":0.475157342037,"53":null},"op_mob":{"10":0,"11":0,"11.1":0,"11.5":0,"12":0,"12.1":0,"0":0.000622925764192},"ie":{"5.5":null,"6":0.018588,"7":null,"8":0.105332,"9":0.049568,"10":0.353172,"11":3.333448},"edge":{"12":0.142508,"13":0.576228,"14":4.46112,"15":null},"bb":{"7":0.02853,"10":null},"ie_mob":{"10":0.0545116893204,"11":0.25741631068},"and_ff":{"0":0.034236},"samsung":{"0":4.4697},"and_uc":{"0":0.300516},"op_mini":{"0":0.284677074236},"and_chr":{"0":22.110632}},"total":98.772418}