{"id":"KP","name":"North Korea","month":"2017-01","access_date":"2017-02-02","data":{"chrome":{"4":null,"5":null,"6":null,"7":null,"8":null,"9":null,"10":null,"11":0.226975,"12":null,"13":null,"14":null,"15":null,"16":null,"17":null,"18":null,"19":null,"20":null,"21":null,"22":4.031076,"23":0.036316,"24":null,"25":null,"26":null,"27":0.036316,"28":2.760016,"29":0.036316,"30":null,"31":0.072632,"32":null,"33":0.036316,"34":null,"35":null,"36":null,"37":null,"38":null,"39":null,"40":6.26451,"41":null,"42":null,"43":0.744478,"44":1.861195,"45":0.780794,"46":0.036316,"47":1.189349,"48":0.744478,"49":7.462938,"50":0.145264,"51":3.913049,"52":2.614752,"53":3.241203,"54":5.220425,"55":9.142553,"56":null,"57":null,"58":null,"59":null},"firefox":{"2":null,"3":null,"3.5":null,"3.6":null,"4":null,"5":null,"6":null,"7":null,"8":null,"9":null,"10":0.108948,"11":null,"12":null,"13":null,"14":null,"15":null,"16":null,"17":0.036316,"18":0.036316,"19":null,"20":null,"21":null,"22":null,"23":null,"24":2.651068,"25":null,"26":null,"27":null,"28":null,"29":null,"30":null,"31":null,"32":null,"33":0.036316,"34":null,"35":null,"36":null,"37":null,"38":1.116717,"39":0.226975,"40":null,"41":null,"42":null,"43":1.416324,"44":null,"45":0.226975,"46":0.526582,"47":0.226975,"48":0.108948,"49":1.942906,"50":13.654816,"51":0.444871,"52":null,"53":null,"54":null},"opera":{"9":null,"9.5-9.6":null,"10.0-10.1":0,"10.5":null,"10.6":null,"11":null,"11.1":null,"11.5":null,"11.6":null,"12":null,"12.1":null,"15":null,"16":null,"17":null,"18":null,"19":null,"20":null,"21":null,"22":null,"23":null,"24":null,"25":null,"26":null,"27":null,"28":null,"29":null,"30":null,"31":null,"32":null,"33":null,"34":null,"35":null,"36":0.671846,"37":null,"38":null,"39":null,"40":null,"41":0.599214,"42":5.147793,"43":null,"44":null},"safari":{"3.1":null,"3.2":null,"4":0.036316,"5":null,"5.1":0.108948,"6":null,"6.1":null,"7":0.108948,"7.1":null,"8":null,"9":0.036316,"9.1":null,"10":2.160802,"10.1":null,"0":null},"ios_saf":{"3.2":0,"4.0-4.1":0,"4.2-4.3":0,"5.0-5.1":0,"6.0-6.1":0.0174537247785,"7.0-7.1":0.0820325064588,"8":0,"8.1-8.4":0.0986135449984,"9.0-9.2":0.0445069981851,"9.3":0.383109258888,"10.0-10.2":3.46150996669},"android":{"2.1":0,"2.2":0,"2.3":0,"3":0,"4":0.0136149469104,"4.1":0.0440313176675,"4.2-4.3":0.134121711053,"4.4":0.30387402785,"4.4.3-4.4.4":0.170041996519,"53":null},"op_mob":{"10":0,"11":0,"11.1":0,"11.5":0,"12":0,"12.1":0,"0":0},"ie":{"5.5":null,"6":0.0382354503171,"7":null,"8":0.353677915433,"9":0.315442465116,"10":1.30000531078,"11":2.51398085835},"edge":{"12":null,"13":1.080401,"14":0.299607,"15":null},"bb":{"7":0.047483,"10":null},"ie_mob":{"10":0.0083785631068,"11":0.0395654368932},"and_ff":{"0":null},"samsung":{"0":1.045548},"and_uc":{"0":null},"op_mini":{"0":0},"and_chr":{"0":3.184588}},"total":97.208326}