{"id":"KR","name":"South Korea","month":"2017-01","access_date":"2017-02-02","data":{"chrome":{"4":null,"5":null,"6":null,"7":null,"8":null,"9":null,"10":null,"11":0.011648,"12":null,"13":null,"14":null,"15":null,"16":null,"17":null,"18":0.017472,"19":null,"20":null,"21":null,"22":0.017472,"23":null,"24":null,"25":null,"26":0.005824,"27":0.064064,"28":0.011648,"29":0.023296,"30":0.005824,"31":0.955136,"32":0.011648,"33":0.005824,"34":0.017472,"35":0.011648,"36":0.017472,"37":0.005824,"38":0.040768,"39":0.011648,"40":null,"41":0.046592,"42":0.1456,"43":0.08736,"44":0.034944,"45":0.05824,"46":0.023296,"47":0.023296,"48":0.081536,"49":1.188096,"50":0.075712,"51":0.198016,"52":0.1456,"53":0.139776,"54":0.384384,"55":26.435136,"56":0.384384,"57":0.052416,"58":0.011648,"59":null},"firefox":{"2":null,"3":0.005824,"3.5":null,"3.6":0.017472,"4":null,"5":null,"6":null,"7":null,"8":null,"9":null,"10":null,"11":null,"12":null,"13":null,"14":null,"15":null,"16":null,"17":null,"18":null,"19":null,"20":null,"21":0.023296,"22":null,"23":null,"24":null,"25":null,"26":null,"27":null,"28":0.005824,"29":null,"30":null,"31":0.005824,"32":null,"33":null,"34":null,"35":null,"36":null,"37":0.023296,"38":0.005824,"39":null,"40":null,"41":null,"42":null,"43":0.017472,"44":0.011648,"45":0.02912,"46":0.017472,"47":0.05824,"48":0.151424,"49":0.017472,"50":0.937664,"51":0.11648,"52":0.005824,"53":null,"54":null},"opera":{"9":null,"9.5-9.6":null,"10.0-10.1":0,"10.5":null,"10.6":null,"11":null,"11.1":null,"11.5":null,"11.6":null,"12":0.005824,"12.1":0.017472,"15":null,"16":null,"17":null,"18":null,"19":null,"20":null,"21":null,"22":null,"23":null,"24":null,"25":null,"26":null,"27":null,"28":0.034944,"29":null,"30":null,"31":null,"32":null,"33":null,"34":null,"35":null,"36":0.034944,"37":null,"38":0.02912,"39":null,"40":null,"41":null,"42":0.355264,"43":null,"44":null},"safari":{"3.1":null,"3.2":null,"4":0.005824,"5":0.011648,"5.1":0.040768,"6":0.017472,"6.1":0.02912,"7":0.02912,"7.1":0.005824,"8":0.110656,"9":0.081536,"9.1":0.297024,"10":0.891072,"10.1":null,"0":null},"ios_saf":{"3.2":0,"4.0-4.1":0,"4.2-4.3":0,"5.0-5.1":0,"6.0-6.1":0.0296845307996,"7.0-7.1":0.139517294758,"8":0,"8.1-8.4":0.167717599018,"9.0-9.2":0.075695553539,"9.3":0.651575451052,"10.0-10.2":5.88718457083},"android":{"2.1":0,"2.2":0,"2.3":0,"3":0,"4":0.0342411771105,"4.1":0.110737423847,"4.2-4.3":0.337312021323,"4.4":0.76423393168,"4.4.3-4.4.4":0.42765044604,"53":null},"op_mob":{"10":0,"11":0,"11.1":0,"11.5":0,"12":0,"12.1":0,"0":0.000218777292576},"ie":{"5.5":null,"6":0.0409458708551,"7":0.0409458708551,"8":0.877411518325,"9":0.976851490401,"10":1.44480430017,"11":16.7293129494},"edge":{"12":0.02912,"13":0.128128,"14":1.292928,"15":null},"bb":{"7":0.00521875,"10":null},"ie_mob":{"10":0.00291844660194,"11":0.0137815533981},"and_ff":{"0":0.012525},"samsung":{"0":11.18065},"and_uc":{"0":0.19205},"op_mini":{"0":0.0999812227074},"and_chr":{"0":22.531962}},"total":98.42383175}