{"id":"KY","name":"Cayman Islands","month":"2017-01","access_date":"2017-02-02","data":{"chrome":{"4":null,"5":null,"6":null,"7":null,"8":null,"9":null,"10":null,"11":0.011314,"12":null,"13":null,"14":null,"15":0.005657,"16":0.005657,"17":null,"18":null,"19":null,"20":null,"21":null,"22":0.028285,"23":null,"24":null,"25":null,"26":0.016971,"27":0.022628,"28":0.005657,"29":null,"30":null,"31":null,"32":0.005657,"33":null,"34":0.033942,"35":null,"36":1.046545,"37":0.050913,"38":0.022628,"39":0.011314,"40":null,"41":0.050913,"42":0.011314,"43":0.033942,"44":0.022628,"45":0.045256,"46":0.028285,"47":0.096169,"48":0.011314,"49":1.352023,"50":0.022628,"51":0.050913,"52":0.164053,"53":0.248908,"54":0.599642,"55":27.238455,"56":0.311135,"57":0.028285,"58":null,"59":null},"firefox":{"2":0.016971,"3":0.028285,"3.5":0.079198,"3.6":0.203652,"4":null,"5":null,"6":null,"7":null,"8":0.067884,"9":0.011314,"10":null,"11":null,"12":null,"13":null,"14":null,"15":null,"16":null,"17":null,"18":null,"19":0.005657,"20":null,"21":0.005657,"22":0.011314,"23":0.084855,"24":0.016971,"25":null,"26":0.028285,"27":0.379019,"28":null,"29":0.050913,"30":null,"31":0.011314,"32":0.016971,"33":0.016971,"34":0.124454,"35":0.022628,"36":0.028285,"37":null,"38":0.016971,"39":0.016971,"40":0.011314,"41":0.039599,"42":0.011314,"43":0.05657,"44":0.016971,"45":0.084855,"46":0.016971,"47":0.446903,"48":0.130111,"49":0.084855,"50":5.736198,"51":0.407304,"52":null,"53":null,"54":null},"opera":{"9":null,"9.5-9.6":null,"10.0-10.1":0,"10.5":null,"10.6":null,"11":null,"11.1":null,"11.5":null,"11.6":null,"12":null,"12.1":0.005657,"15":null,"16":null,"17":null,"18":null,"19":null,"20":null,"21":null,"22":null,"23":null,"24":null,"25":null,"26":null,"27":null,"28":null,"29":null,"30":null,"31":null,"32":null,"33":0.033942,"34":null,"35":null,"36":0.011314,"37":0.011314,"38":null,"39":0.005657,"40":null,"41":null,"42":0.248908,"43":null,"44":null},"safari":{"3.1":null,"3.2":null,"4":0,"5":0.005657,"5.1":0.084855,"6":null,"6.1":0.079198,"7":0.124454,"7.1":null,"8":0.231937,"9":0.22628,"9.1":1.663158,"10":3.778876,"10.1":null,"0":null},"ios_saf":{"3.2":0,"4.0-4.1":0,"4.2-4.3":0,"5.0-5.1":0,"6.0-6.1":0.0831415351767,"7.0-7.1":0.39076521533,"8":0,"8.1-8.4":0.469749673748,"9.0-9.2":0.212010914701,"9.3":1.82495669713,"10.0-10.2":16.4890449639},"android":{"2.1":0,"2.2":0,"2.3":0,"3":0,"4":0.021229294604,"4.1":0.0686564421236,"4.2-4.3":0.209131136205,"4.4":0.473819788077,"4.4.3-4.4.4":0.26514033899,"53":null},"op_mob":{"10":0,"11":0,"11.1":0,"11.5":0,"12":0,"12.1":0,"0":0.000948253275109},"ie":{"5.5":null,"6":null,"7":null,"8":0.158396,"9":0.316792,"10":0.271536,"11":5.821053},"edge":{"12":0.045256,"13":0.265879,"14":2.279771,"15":null},"bb":{"7":0.0846885,"10":null},"ie_mob":{"10":0.0417433980583,"11":0.197121601942},"and_ff":{"0":0.039087},"samsung":{"0":4.25614},"and_uc":{"0":0.568933},"op_mini":{"0":0.433351746725},"and_chr":{"0":17.43654}},"total":99.1066255}