{"id":"KZ","name":"Kazakhstan","month":"2017-01","access_date":"2017-02-02","data":{"chrome":{"4":0.074426,"5":0.040596,"6":0.027064,"7":0.027064,"8":0.03383,"9":0.047362,"10":0.054128,"11":0.108256,"12":0.108256,"13":0.054128,"14":0.074426,"15":0.128554,"16":0.128554,"17":0.155618,"18":0.182682,"19":0.108256,"20":0.128554,"21":0.182682,"22":0.182682,"23":0.155618,"24":0.13532,"25":0.115022,"26":0.142086,"27":0.13532,"28":0.094724,"29":0.027064,"30":0.03383,"31":0.081192,"32":0.040596,"33":0.060894,"34":0.06766,"35":0.087958,"36":0.121788,"37":0.047362,"38":0.115022,"39":0.148852,"40":0.196214,"41":0.162384,"42":0.148852,"43":0.331534,"44":0.047362,"45":0.128554,"46":0.03383,"47":0.060894,"48":0.142086,"49":1.630606,"50":0.121788,"51":0.568344,"52":0.216512,"53":0.290938,"54":0.622472,"55":28.72167,"56":0.399194,"57":0.162384,"58":0.006766,"59":null},"firefox":{"2":0.081192,"3":0.182682,"3.5":0.331534,"3.6":1.143454,"4":0.054128,"5":0.020298,"6":0.013532,"7":0.013532,"8":0.013532,"9":0.020298,"10":0.040596,"11":0.020298,"12":0.03383,"13":0.027064,"14":0.040596,"15":0.03383,"16":0.03383,"17":0.027064,"18":0.013532,"19":0.054128,"20":0.027064,"21":0.047362,"22":0.03383,"23":0.040596,"24":0.040596,"25":0.027064,"26":0.013532,"27":0.006766,"28":0.040596,"29":0.013532,"30":0.013532,"31":0.020298,"32":0.020298,"33":0.040596,"34":0.040596,"35":0.087958,"36":0.054128,"37":0.027064,"38":0.047362,"39":0.040596,"40":0.013532,"41":0.020298,"42":0.027064,"43":0.13532,"44":0.027064,"45":0.074426,"46":0.060894,"47":0.318002,"48":0.142086,"49":0.10149,"50":4.824158,"51":0.514216,"52":null,"53":null,"54":null},"opera":{"9":null,"9.5-9.6":null,"10.0-10.1":0.040596,"10.5":0.054128,"10.6":0.142086,"11":0.047362,"11.1":0.03383,"11.5":0.081192,"11.6":0.250342,"12":0.331534,"12.1":1.339668,"15":0.020298,"16":0.006766,"17":0.020298,"18":0.040596,"19":0.020298,"20":0.047362,"21":0.047362,"22":0.013532,"23":0.020298,"24":0.027064,"25":0.040596,"26":0.027064,"27":0.216512,"28":0.03383,"29":0.020298,"30":0.040596,"31":0.006766,"32":null,"33":0.006766,"34":0.03383,"35":0.020298,"36":0.223278,"37":0.027064,"38":0.094724,"39":0.047362,"40":0.027064,"41":0.074426,"42":3.21385,"43":0.006766,"44":0.006766},"safari":{"3.1":0.03383,"3.2":0.006766,"4":0.13532,"5":0.216512,"5.1":0.121788,"6":0.027064,"6.1":0.020298,"7":0.020298,"7.1":0.006766,"8":0.081192,"9":0.060894,"9.1":0.189448,"10":0.771324,"10.1":null,"0":null},"ios_saf":{"3.2":0,"4.0-4.1":0,"4.2-4.3":0,"5.0-5.1":0,"6.0-6.1":0.0285130351233,"7.0-7.1":0.13401126508,"8":0,"8.1-8.4":0.161098648447,"9.0-9.2":0.0727082395644,"9.3":0.625861120957,"10.0-10.2":5.65484769083},"android":{"2.1":0,"2.2":0,"2.3":0,"3":0,"4":0.0378458398607,"4.1":0.122395056571,"4.2-4.3":0.37282178416,"4.4":0.844686936466,"4.4.3-4.4.4":0.472670382942,"53":null},"op_mob":{"10":0,"11":0,"11.1":0,"11.5":0,"12":0,"12.1":0,"0":0.00185058951965},"ie":{"5.5":null,"6":0.00711386632391,"7":0.0142277326478,"8":0.590450904884,"9":0.199188257069,"10":0.348579449871,"11":1.6077337892},"edge":{"12":0.020298,"13":0.148852,"14":0.649536,"15":null},"bb":{"7":0.00566125,"10":null},"ie_mob":{"10":0.0265709708738,"11":0.125474029126},"and_ff":{"0":0.01294},"samsung":{"0":3.199415},"and_uc":{"0":1.63044},"op_mini":{"0":0.84571941048},"and_chr":{"0":17.52262}},"total":90.51877525}