{"id":"LA","name":"Lao","month":"2017-01","access_date":"2017-02-02","data":{"chrome":{"4":null,"5":null,"6":null,"7":null,"8":0.000761,"9":null,"10":0.001522,"11":0.102735,"12":0.006088,"13":0.001522,"14":null,"15":0.001522,"16":0.001522,"17":0.001522,"18":0.003044,"19":null,"20":0.010654,"21":0.003805,"22":0.001522,"23":0.002283,"24":null,"25":0.002283,"26":0.008371,"27":0.006849,"28":0.009893,"29":0.005327,"30":0.002283,"31":0.020547,"32":0.011415,"33":0.039572,"34":0.002283,"35":0.014459,"36":0.002283,"37":0.001522,"38":0.029679,"39":0.003044,"40":0.009893,"41":0.002283,"42":0.003805,"43":1.047897,"44":0.009893,"45":0.020547,"46":0.005327,"47":0.004566,"48":0.00761,"49":0.051748,"50":0.018264,"51":0.021308,"52":0.024352,"53":0.039572,"54":0.061641,"55":2.68633,"56":0.054031,"57":0.025113,"58":null,"59":null},"firefox":{"2":null,"3":null,"3.5":null,"3.6":0.001522,"4":0.001522,"5":0.000761,"6":0.002283,"7":0.001522,"8":0.000761,"9":0.002283,"10":0.002283,"11":0.001522,"12":0.003044,"13":0.003044,"14":0.002283,"15":0.001522,"16":0.000761,"17":0.001522,"18":0.001522,"19":0.000761,"20":null,"21":0.001522,"22":0.001522,"23":0.003805,"24":0.001522,"25":0.001522,"26":0.004566,"27":0.001522,"28":null,"29":0.003805,"30":0.009893,"31":0.004566,"32":0.001522,"33":0.005327,"34":0.006088,"35":0.021308,"36":0.003044,"37":0.004566,"38":0.006088,"39":0.006849,"40":0.009893,"41":0.005327,"42":0.006088,"43":0.037289,"44":0.035006,"45":0.013698,"46":0.008371,"47":0.079905,"48":0.025874,"49":0.04566,"50":0.796767,"51":0.156766,"52":0.012937,"53":null,"54":null},"opera":{"9":null,"9.5-9.6":null,"10.0-10.1":0,"10.5":null,"10.6":null,"11":null,"11.1":null,"11.5":null,"11.6":null,"12":null,"12.1":null,"15":null,"16":null,"17":null,"18":null,"19":null,"20":null,"21":0.001522,"22":0.001522,"23":null,"24":null,"25":null,"26":null,"27":null,"28":0.002283,"29":0.003805,"30":null,"31":null,"32":0.000761,"33":null,"34":null,"35":0.002283,"36":0.000761,"37":0.009893,"38":null,"39":null,"40":0.003805,"41":null,"42":0.046421,"43":null,"44":null},"safari":{"3.1":null,"3.2":null,"4":0,"5":null,"5.1":0.006849,"6":0.003805,"6.1":0.001522,"7":0.001522,"7.1":0.000761,"8":0.010654,"9":0.006088,"9.1":0.031201,"10":0.099691,"10.1":null,"0":null},"ios_saf":{"3.2":0,"4.0-4.1":0,"4.2-4.3":0,"5.0-5.1":0,"6.0-6.1":0.0729887904345,"7.0-7.1":0.343047315042,"8":0,"8.1-8.4":0.412386665955,"9.0-9.2":0.186121415608,"9.3":1.60210395004,"10.0-10.2":14.4755018629},"android":{"2.1":0,"2.2":0,"2.3":0,"3":0,"4":0.182347626197,"4.1":0.589719982594,"4.2-4.3":1.79631810487,"4.4":4.06984382724,"4.4.3-4.4.4":2.27740545909,"53":null},"op_mob":{"10":0,"11":0,"11.1":0,"11.5":0,"12":0,"12.1":0,"0":0.00240052620087},"ie":{"5.5":null,"6":null,"7":null,"8":0.0607855077605,"9":0.0346246563193,"10":0.0223136674058,"11":0.229292168514},"edge":{"12":0.014459,"13":0.015981,"14":0.079144,"15":null},"bb":{"7":0,"10":null},"ie_mob":{"10":0.179218660194,"11":0.846310339806},"and_ff":{"0":0.027717},"samsung":{"0":14.154148},"and_uc":{"0":0.849988},"op_mini":{"0":1.0970404738},"and_chr":{"0":50.032849}},"total":99.633234}