{"id":"LB","name":"Lebanon","month":"2017-01","access_date":"2017-02-02","data":{"chrome":{"4":0.00434,"5":null,"6":0.00434,"7":null,"8":0.00868,"9":null,"10":null,"11":0.0217,"12":0.00868,"13":null,"14":0.00434,"15":0.0217,"16":0.00868,"17":0.00868,"18":0.01302,"19":0.01302,"20":null,"21":0.00868,"22":0.01302,"23":0.00868,"24":null,"25":0.0217,"26":0.01302,"27":0.00868,"28":null,"29":0.02604,"30":0.00868,"31":0.05208,"32":0.09982,"33":0.03472,"34":0.01736,"35":0.06944,"36":0.4123,"37":0.00868,"38":0.03472,"39":0.02604,"40":0.05208,"41":0.0217,"42":0.01302,"43":0.14322,"44":0.03472,"45":0.01736,"46":0.03038,"47":0.03906,"48":0.06944,"49":1.05028,"50":0.0434,"51":0.16058,"52":0.1519,"53":0.25172,"54":0.48174,"55":23.63564,"56":0.38626,"57":0.1085,"58":null,"59":null},"firefox":{"2":null,"3":0.00868,"3.5":null,"3.6":0.01302,"4":null,"5":0.0217,"6":null,"7":null,"8":null,"9":null,"10":0.01736,"11":null,"12":0.0217,"13":null,"14":null,"15":0.00434,"16":0.00868,"17":null,"18":0.00434,"19":null,"20":null,"21":0.0217,"22":0.00434,"23":null,"24":0.00868,"25":null,"26":0.00434,"27":null,"28":null,"29":0.01302,"30":null,"31":0.00868,"32":null,"33":0.00434,"34":0.00434,"35":0.00868,"36":0.01302,"37":0.01302,"38":0.02604,"39":0.03038,"40":0.02604,"41":0.02604,"42":0.01736,"43":0.07378,"44":0.03906,"45":0.0434,"46":0.0434,"47":0.37758,"48":0.31682,"49":0.12152,"50":3.78448,"51":0.55552,"52":0.03038,"53":null,"54":null},"opera":{"9":null,"9.5-9.6":null,"10.0-10.1":0,"10.5":null,"10.6":null,"11":null,"11.1":null,"11.5":null,"11.6":null,"12":null,"12.1":0.00434,"15":null,"16":null,"17":null,"18":null,"19":null,"20":null,"21":null,"22":null,"23":null,"24":null,"25":null,"26":null,"27":null,"28":null,"29":null,"30":null,"31":null,"32":null,"33":null,"34":null,"35":null,"36":0.00868,"37":null,"38":0.06076,"39":0.00434,"40":0.00434,"41":null,"42":0.32116,"43":null,"44":null},"safari":{"3.1":null,"3.2":null,"4":0.00868,"5":0.0217,"5.1":0.10416,"6":0.0217,"6.1":0.06076,"7":0.05208,"7.1":0.00868,"8":0.35588,"9":0.31682,"9.1":1.14576,"10":1.54504,"10.1":null,"0":null},"ios_saf":{"3.2":0,"4.0-4.1":0,"4.2-4.3":0,"5.0-5.1":0,"6.0-6.1":0.0589505284509,"7.0-7.1":0.277067483719,"8":0,"8.1-8.4":0.333070485748,"9.0-9.2":0.15032384755,"9.3":1.2939640995,"10.0-10.2":11.691363555},"android":{"2.1":0,"2.2":0,"2.3":0,"3":0,"4":0.102796240209,"4.1":0.332447415144,"4.2-4.3":1.01265232376,"4.4":2.2943245953,"4.4.3-4.4.4":1.28385942559,"53":null},"op_mob":{"10":0,"11":0,"11.1":0,"11.5":0,"12":0,"12.1":0,"0":0.0023603930131},"ie":{"5.5":null,"6":0.00440804031355,"7":0.0220402015677,"8":0.387907547592,"9":0.370275386338,"10":0.365867346025,"11":2.78588147816},"edge":{"12":0.15624,"13":0.23002,"14":0.67704,"15":null},"bb":{"7":0.021225,"10":null},"ie_mob":{"10":0.0118695145631,"11":0.0560504854369},"and_ff":{"0":0.01698},"samsung":{"0":8.56358},"and_uc":{"0":2.55266},"op_mini":{"0":1.07869960699},"and_chr":{"0":25.43022}},"total":98.996645}