{"id":"LC","name":"Saint Lucia","month":"2017-01","access_date":"2017-02-02","data":{"chrome":{"4":null,"5":null,"6":null,"7":null,"8":null,"9":null,"10":null,"11":0.079209,"12":null,"13":null,"14":null,"15":null,"16":null,"17":null,"18":0.012186,"19":null,"20":null,"21":null,"22":0.030465,"23":null,"24":null,"25":null,"26":0.006093,"27":null,"28":null,"29":null,"30":null,"31":0.006093,"32":0.286371,"33":null,"34":0.018279,"35":0.006093,"36":0.231534,"37":0.024372,"38":0.030465,"39":0.036558,"40":0.024372,"41":0.006093,"42":0.006093,"43":0.18279,"44":0.018279,"45":0.024372,"46":0.024372,"47":0.018279,"48":0.06093,"49":0.73116,"50":0.054837,"51":0.201069,"52":0.231534,"53":0.517905,"54":0.560556,"55":35.199261,"56":0.481347,"57":0.12186,"58":0.012186,"59":null},"firefox":{"2":null,"3":null,"3.5":null,"3.6":null,"4":null,"5":null,"6":null,"7":null,"8":null,"9":null,"10":null,"11":null,"12":null,"13":null,"14":null,"15":null,"16":null,"17":null,"18":null,"19":null,"20":null,"21":null,"22":null,"23":null,"24":null,"25":null,"26":null,"27":null,"28":null,"29":null,"30":null,"31":0.018279,"32":null,"33":null,"34":null,"35":null,"36":0.036558,"37":null,"38":0.012186,"39":0.012186,"40":0.012186,"41":null,"42":0.006093,"43":0.054837,"44":0.006093,"45":0.030465,"46":0.006093,"47":0.164511,"48":0.274185,"49":0.091395,"50":3.728916,"51":0.414324,"52":0.024372,"53":null,"54":null},"opera":{"9":null,"9.5-9.6":null,"10.0-10.1":0,"10.5":null,"10.6":null,"11":null,"11.1":null,"11.5":null,"11.6":null,"12":null,"12.1":0.115767,"15":null,"16":null,"17":null,"18":null,"19":null,"20":null,"21":null,"22":null,"23":null,"24":null,"25":null,"26":null,"27":null,"28":null,"29":0.018279,"30":null,"31":null,"32":null,"33":null,"34":null,"35":null,"36":0.006093,"37":0.030465,"38":0.024372,"39":null,"40":0.012186,"41":null,"42":0.499626,"43":0.018279,"44":null},"safari":{"3.1":null,"3.2":null,"4":0,"5":0.018279,"5.1":0.024372,"6":0.006093,"6.1":0.054837,"7":null,"7.1":0.012186,"8":0.079209,"9":0.054837,"9.1":0.298557,"10":2.181294,"10.1":null,"0":null},"ios_saf":{"3.2":0,"4.0-4.1":0,"4.2-4.3":0,"5.0-5.1":0,"6.0-6.1":0.0210666296573,"7.0-7.1":0.0990131593893,"8":0,"8.1-8.4":0.119026457564,"9.0-9.2":0.0537199056261,"9.3":0.462412520978,"10.0-10.2":4.17803932679},"android":{"2.1":0,"2.2":0,"2.3":0,"3":0,"4":0.0746151383812,"4.1":0.241308532637,"4.2-4.3":0.735038490862,"4.4":1.66534638642,"4.4.3-4.4.4":0.931895451697,"53":null},"op_mob":{"10":0,"11":0,"11.1":0,"11.5":0,"12":0,"12.1":0,"0":0.00227707860262},"ie":{"5.5":null,"6":null,"7":null,"8":0.18279,"9":0.12186,"10":0.12186,"11":3.735009},"edge":{"12":0.194976,"13":0.700695,"14":3.862962,"15":null},"bb":{"7":0.119133,"10":null},"ie_mob":{"10":0.140616,"11":0.66402},"and_ff":{"0":0.015624},"samsung":{"0":3.765384},"and_uc":{"0":1.011654},"op_mini":{"0":1.0406249214},"and_chr":{"0":26.666055}},"total":98.519445}