{"id":"LI","name":"Liechtenstein","month":"2017-01","access_date":"2017-02-02","data":{"chrome":{"4":null,"5":null,"6":null,"7":null,"8":null,"9":null,"10":null,"11":null,"12":null,"13":null,"14":null,"15":null,"16":null,"17":null,"18":null,"19":null,"20":null,"21":null,"22":0.006449,"23":1.425229,"24":null,"25":null,"26":0.012898,"27":null,"28":null,"29":0.045143,"30":null,"31":null,"32":null,"33":null,"34":null,"35":null,"36":0.219266,"37":null,"38":0.006449,"39":null,"40":null,"41":null,"42":0.012898,"43":0.025796,"44":0.012898,"45":null,"46":null,"47":0.103184,"48":0.070939,"49":0.38694,"50":0.038694,"51":0.096735,"52":0.915758,"53":0.19347,"54":0.154776,"55":13.594492,"56":0.141878,"57":0.006449,"58":null,"59":null},"firefox":{"2":null,"3":null,"3.5":null,"3.6":null,"4":null,"5":null,"6":null,"7":null,"8":null,"9":0.051592,"10":null,"11":null,"12":null,"13":null,"14":null,"15":null,"16":0.006449,"17":null,"18":null,"19":null,"20":null,"21":null,"22":null,"23":null,"24":null,"25":null,"26":0.006449,"27":null,"28":null,"29":null,"30":0.045143,"31":0.019347,"32":null,"33":0.032245,"34":0.019347,"35":0.012898,"36":0.006449,"37":0.077388,"38":0.399838,"39":0.038694,"40":null,"41":null,"42":0.090286,"43":0.019347,"44":0.006449,"45":0.090286,"46":0.019347,"47":0.335348,"48":0.412736,"49":0.212817,"50":9.409091,"51":1.644495,"52":0.038694,"53":0.012898,"54":0.025796},"opera":{"9":null,"9.5-9.6":null,"10.0-10.1":0,"10.5":null,"10.6":null,"11":null,"11.1":null,"11.5":null,"11.6":null,"12":null,"12.1":0.025796,"15":null,"16":null,"17":null,"18":null,"19":null,"20":null,"21":null,"22":null,"23":null,"24":null,"25":null,"26":null,"27":null,"28":null,"29":null,"30":null,"31":null,"32":null,"33":null,"34":null,"35":null,"36":0.090286,"37":null,"38":null,"39":0.844819,"40":null,"41":null,"42":0.109633,"43":null,"44":null},"safari":{"3.1":null,"3.2":null,"4":0,"5":0.199919,"5.1":0.303103,"6":null,"6.1":0.116082,"7":0.038694,"7.1":0.012898,"8":0.154776,"9":0.309552,"9.1":2.405477,"10":4.752913,"10.1":null,"0":null},"ios_saf":{"3.2":0,"4.0-4.1":0,"4.2-4.3":0,"5.0-5.1":0,"6.0-6.1":0.0808537717519,"7.0-7.1":0.380012727234,"8":0,"8.1-8.4":0.456823810398,"9.0-9.2":0.206177117967,"9.3":1.77474028995,"10.0-10.2":16.0353242827},"android":{"2.1":0,"2.2":0,"2.3":0,"3":0,"4":0.0143075322019,"4.1":0.0462711679721,"4.2-4.3":0.140944412968,"4.4":0.319331942124,"4.4.3-4.4.4":0.178691944735,"53":null},"op_mob":{"10":0,"11":0,"11.1":0,"11.5":0,"12":0,"12.1":0,"0":3.87663755459e-5},"ie":{"5.5":null,"6":null,"7":0.0258136322625,"8":0.0709874887218,"9":0.238776098428,"10":0.529179461381,"11":18.0179153192},"edge":{"12":0.019347,"13":0.380491,"14":3.953237,"15":null},"bb":{"7":0.003551,"10":null},"ie_mob":{"10":0.027304776699,"11":0.128939223301},"and_ff":{"0":0.056816},"samsung":{"0":6.970613},"and_uc":{"0":0.014204},"op_mini":{"0":0.0177162336245},"and_chr":{"0":7.364407}},"total":97.320534}