{"id":"LR","name":"Liberia","month":"2017-01","access_date":"2017-02-02","data":{"chrome":{"4":null,"5":null,"6":null,"7":null,"8":0.004836,"9":null,"10":null,"11":0.053196,"12":null,"13":null,"14":null,"15":null,"16":0.002418,"17":null,"18":0.004836,"19":0.004836,"20":null,"21":null,"22":0.004836,"23":0.004836,"24":0.002418,"25":null,"26":0.014508,"27":0.002418,"28":0.004836,"29":0.01209,"30":0.004836,"31":0.016926,"32":0.074958,"33":0.041106,"34":0.007254,"35":null,"36":0.009672,"37":0.004836,"38":0.014508,"39":0.004836,"40":0.007254,"41":0.002418,"42":0.089466,"43":0.116064,"44":0.02418,"45":0.079794,"46":0.019344,"47":0.014508,"48":0.026598,"49":0.37479,"50":0.062868,"51":0.239382,"52":0.232128,"53":0.55614,"54":0.222456,"55":8.707218,"56":0.195858,"57":0.029016,"58":null,"59":null},"firefox":{"2":null,"3":0.01209,"3.5":0.002418,"3.6":0.02418,"4":0.045942,"5":0.004836,"6":0.007254,"7":0.014508,"8":null,"9":null,"10":0.014508,"11":0.009672,"12":0.019344,"13":null,"14":0.007254,"15":0.019344,"16":0.021762,"17":0.026598,"18":0.029016,"19":0.009672,"20":0.016926,"21":0.038688,"22":0.016926,"23":0.002418,"24":0.08463,"25":null,"26":0.004836,"27":null,"28":0.01209,"29":0.026598,"30":0.014508,"31":0.002418,"32":0.01209,"33":0.014508,"34":0.043524,"35":0.007254,"36":0.02418,"37":0.04836,"38":0.03627,"39":0.007254,"40":0.03627,"41":0.01209,"42":0.01209,"43":0.1209,"44":0.22971,"45":0.111228,"46":0.050778,"47":0.454584,"48":0.275652,"49":0.191022,"50":3.172416,"51":0.488436,"52":0.033852,"53":null,"54":null},"opera":{"9":null,"9.5-9.6":null,"10.0-10.1":0,"10.5":null,"10.6":0.004836,"11":0.009672,"11.1":0.004836,"11.5":null,"11.6":0.007254,"12":null,"12.1":0.019344,"15":null,"16":0.002418,"17":0.004836,"18":0.002418,"19":null,"20":0.004836,"21":0.009672,"22":null,"23":null,"24":0.016926,"25":null,"26":null,"27":null,"28":0.007254,"29":0.041106,"30":null,"31":null,"32":null,"33":0.01209,"34":0.009672,"35":0.014508,"36":0.016926,"37":0.04836,"38":0.014508,"39":0.002418,"40":0.02418,"41":0.014508,"42":0.4836,"43":null,"44":null},"safari":{"3.1":0.004836,"3.2":null,"4":0,"5":0.02418,"5.1":0.01209,"6":0.03627,"6.1":0.004836,"7":0.004836,"7.1":null,"8":0.01209,"9":0.026598,"9.1":0.130572,"10":0.391716,"10.1":null,"0":null},"ios_saf":{"3.2":0,"4.0-4.1":0,"4.2-4.3":0,"5.0-5.1":0,"6.0-6.1":0.0113645009074,"7.0-7.1":0.053413154265,"8":0,"8.1-8.4":0.064209430127,"9.0-9.2":0.028979477314,"9.3":0.249450794918,"10.0-10.2":2.25386464247},"android":{"2.1":0,"2.2":0,"2.3":0,"3":0,"4":0.212602843342,"4.1":0.687566642298,"4.2-4.3":2.09436418016,"4.4":4.7451145248,"4.4.3-4.4.4":2.6552738094,"53":null},"op_mob":{"10":0,"11":0,"11.1":0,"11.5":0,"12":0,"12.1":0,"0":0.0503093842795},"ie":{"5.5":null,"6":null,"7":null,"8":0.415516846154,"9":0.0583181538462,"10":0.211403307692,"11":1.74954461538},"edge":{"12":0.268398,"13":0.2418,"14":0.442494,"15":null},"bb":{"7":0.018955,"10":null},"ie_mob":{"10":0.156351145631,"11":0.738324854369},"and_ff":{"0":0.022746},"samsung":{"0":2.153288},"and_uc":{"0":9.500246},"op_mini":{"0":22.9913886157},"and_chr":{"0":27.885794}},"total":98.5506659231}