{"id":"LS","name":"Lesotho","month":"2017-01","access_date":"2017-02-02","data":{"chrome":{"4":null,"5":null,"6":null,"7":null,"8":null,"9":null,"10":0.001403,"11":0.01403,"12":0.002806,"13":null,"14":null,"15":null,"16":0.002806,"17":null,"18":null,"19":null,"20":0.004209,"21":0.029463,"22":null,"23":null,"24":null,"25":null,"26":0.044896,"27":null,"28":0.002806,"29":null,"30":null,"31":0.023851,"32":null,"33":0.002806,"34":0.002806,"35":0.019642,"36":0.5612,"37":null,"38":0.002806,"39":0.043493,"40":0.065941,"41":0.002806,"42":0.001403,"43":0.040687,"44":0.005612,"45":0.004209,"46":0.007015,"47":0.004209,"48":0.060329,"49":0.260958,"50":0.015433,"51":0.026657,"52":0.057523,"53":0.099613,"54":0.137494,"55":4.474167,"56":0.051911,"57":0.005612,"58":null,"59":null},"firefox":{"2":null,"3":0.071553,"3.5":null,"3.6":0.011224,"4":null,"5":0.007015,"6":null,"7":null,"8":null,"9":null,"10":0.001403,"11":0.005612,"12":0.001403,"13":0.002806,"14":0.002806,"15":0.002806,"16":0.002806,"17":null,"18":null,"19":0.01403,"20":0.005612,"21":0.002806,"22":0.004209,"23":0.012627,"24":null,"25":0.002806,"26":null,"27":null,"28":0.007015,"29":0.02806,"30":0.019642,"31":null,"32":0.004209,"33":0.005612,"34":null,"35":0.021045,"36":0.005612,"37":0.01403,"38":0.007015,"39":0.089792,"40":0.015433,"41":0.016836,"42":0.012627,"43":0.036478,"44":0.019642,"45":0.022448,"46":0.036478,"47":0.206241,"48":0.036478,"49":0.102419,"50":1.074698,"51":0.251137,"52":0.009821,"53":null,"54":null},"opera":{"9":null,"9.5-9.6":null,"10.0-10.1":0,"10.5":null,"10.6":null,"11":0.002806,"11.1":null,"11.5":0.002806,"11.6":0.005612,"12":0.004209,"12.1":0.007015,"15":0.001403,"16":null,"17":null,"18":null,"19":null,"20":null,"21":null,"22":null,"23":null,"24":null,"25":null,"26":null,"27":null,"28":null,"29":null,"30":0.007015,"31":null,"32":null,"33":null,"34":0.002806,"35":0.004209,"36":0.01403,"37":0.025254,"38":null,"39":0.007015,"40":0.007015,"41":0.037881,"42":0.211853,"43":0.005612,"44":null},"safari":{"3.1":null,"3.2":null,"4":0,"5":0.005612,"5.1":0.004209,"6":0.001403,"6.1":null,"7":null,"7.1":0.016836,"8":0.005612,"9":0.053314,"9.1":0.025254,"10":0.047702,"10.1":null,"0":null},"ios_saf":{"3.2":0,"4.0-4.1":0,"4.2-4.3":0,"5.0-5.1":0,"6.0-6.1":0.00290023700224,"7.0-7.1":0.0136311139105,"8":0,"8.1-8.4":0.0163863390627,"9.0-9.2":0.00739560435572,"9.3":0.0636602021992,"10.0-10.2":0.57518950347},"android":{"2.1":0,"2.2":0,"2.3":0,"3":0,"4":0.0661123516101,"4.1":0.213810158399,"4.2-4.3":0.651276995648,"4.4":1.47557142211,"4.4.3-4.4.4":0.825701072237,"53":null},"op_mob":{"10":0,"11":0,"11.1":0,"11.5":0,"12":0,"12.1":0,"0":0.0850877751092},"ie":{"5.5":null,"6":0.001403,"7":0.004209,"8":0.192211,"9":0.166957,"10":0.290421,"11":2.198501},"edge":{"12":0.060329,"13":0.342332,"14":0.353556,"15":null},"bb":{"7":0.30304425,"10":null},"ie_mob":{"10":0.404142466019,"11":1.90845053398},"and_ff":{"0":0.008597},"samsung":{"0":2.23522},"and_uc":{"0":19.635548},"op_mini":{"0":38.8851132249},"and_chr":{"0":17.86282}},"total":97.63095425}