{"id":"LT","name":"Lithuania","month":"2017-01","access_date":"2017-02-02","data":{"chrome":{"4":null,"5":null,"6":null,"7":null,"8":null,"9":null,"10":null,"11":0.01625,"12":0.008125,"13":null,"14":null,"15":null,"16":null,"17":0.008125,"18":0.11375,"19":null,"20":null,"21":0.01625,"22":0.0325,"23":null,"24":null,"25":0.008125,"26":0.024375,"27":null,"28":0.01625,"29":0.008125,"30":null,"31":0.056875,"32":0.056875,"33":0.01625,"34":0.065,"35":0.040625,"36":0.4225,"37":0.065,"38":0.04875,"39":0.154375,"40":0.024375,"41":0.024375,"42":0.01625,"43":0.455,"44":0.04875,"45":0.024375,"46":0.024375,"47":0.065,"48":0.073125,"49":2.120625,"50":0.625625,"51":4.2575,"52":0.1625,"53":0.251875,"54":0.641875,"55":35.815,"56":0.544375,"57":0.0975,"58":null,"59":null},"firefox":{"2":null,"3":0.008125,"3.5":0.024375,"3.6":0.073125,"4":null,"5":null,"6":null,"7":null,"8":null,"9":null,"10":null,"11":0.01625,"12":null,"13":null,"14":null,"15":null,"16":null,"17":null,"18":null,"19":null,"20":null,"21":null,"22":null,"23":null,"24":null,"25":null,"26":null,"27":null,"28":null,"29":0.008125,"30":0.008125,"31":0.01625,"32":null,"33":0.008125,"34":null,"35":0.01625,"36":0.01625,"37":0.024375,"38":0.30875,"39":0.0325,"40":0.0325,"41":0.065,"42":0.0325,"43":0.455,"44":0.0325,"45":0.609375,"46":0.39,"47":1.80375,"48":0.690625,"49":0.56875,"50":11.496875,"51":1.551875,"52":0.04875,"53":null,"54":null},"opera":{"9":null,"9.5-9.6":null,"10.0-10.1":0,"10.5":null,"10.6":null,"11":null,"11.1":0.01625,"11.5":null,"11.6":0.024375,"12":0.024375,"12.1":0.154375,"15":null,"16":null,"17":null,"18":null,"19":null,"20":null,"21":null,"22":null,"23":null,"24":null,"25":null,"26":null,"27":0.01625,"28":0.008125,"29":null,"30":null,"31":null,"32":null,"33":null,"34":0.01625,"35":null,"36":0.170625,"37":0.040625,"38":0.836875,"39":0.008125,"40":0.01625,"41":0.073125,"42":2.461875,"43":0.0325,"44":null},"safari":{"3.1":null,"3.2":null,"4":0,"5":0.024375,"5.1":0.040625,"6":null,"6.1":0.024375,"7":0.01625,"7.1":null,"8":0.073125,"9":0.154375,"9.1":0.398125,"10":1.584375,"10.1":null,"0":null},"ios_saf":{"3.2":0,"4.0-4.1":0,"4.2-4.3":0,"5.0-5.1":0,"6.0-6.1":0.0138117860574,"7.0-7.1":0.0649153944699,"8":0,"8.1-8.4":0.0780365912245,"9.0-9.2":0.0352200544465,"9.3":0.303168703961,"10.0-10.2":2.73922246984},"android":{"2.1":0,"2.2":0,"2.3":0,"3":0,"4":0.0192509791123,"4.1":0.0622584856397,"4.2-4.3":0.189642624021,"4.4":0.429665469974,"4.4.3-4.4.4":0.240432441253,"53":null},"op_mob":{"10":0,"11":0,"11.1":0,"11.5":0,"12":0,"12.1":0,"0":0.000614082969432},"ie":{"5.5":null,"6":0.00815311418685,"7":null,"8":0.228287197232,"9":0.146756055363,"10":0.211980968858,"11":4.11732266436},"edge":{"12":0.073125,"13":0.43875,"14":1.828125,"15":null},"bb":{"7":0.00703125,"10":null},"ie_mob":{"10":0.0439077669903,"11":0.20734223301},"and_ff":{"0":0.024375},"samsung":{"0":3.01875},"and_uc":{"0":0.07125},"op_mini":{"0":0.280635917031},"and_chr":{"0":10.93625}},"total":96.82265625}