{"id":"LU","name":"Luxembourg","month":"2017-01","access_date":"2017-02-02","data":{"chrome":{"4":null,"5":null,"6":null,"7":null,"8":null,"9":null,"10":null,"11":0.00655,"12":null,"13":null,"14":null,"15":null,"16":null,"17":null,"18":null,"19":null,"20":null,"21":null,"22":0.0262,"23":null,"24":null,"25":null,"26":0.00655,"27":null,"28":null,"29":null,"30":0.0131,"31":0.01965,"32":0.0917,"33":null,"34":0.0131,"35":0.0786,"36":0.32095,"37":0.0131,"38":0.0262,"39":0.1179,"40":0.00655,"41":0.01965,"42":0.0131,"43":0.2096,"44":0.0524,"45":0.09825,"46":0.04585,"47":0.29475,"48":0.25545,"49":1.0087,"50":0.11135,"51":0.655,"52":0.38645,"53":0.3537,"54":0.54365,"55":21.1303,"56":0.32095,"57":0.04585,"58":null,"59":null},"firefox":{"2":null,"3":0.01965,"3.5":null,"3.6":0.0262,"4":null,"5":null,"6":null,"7":null,"8":null,"9":null,"10":null,"11":null,"12":0.01965,"13":null,"14":null,"15":null,"16":0.0262,"17":null,"18":0.0786,"19":0.00655,"20":null,"21":0.01965,"22":null,"23":null,"24":0.01965,"25":0.00655,"26":0.0131,"27":null,"28":0.00655,"29":0.0131,"30":0.03275,"31":0.0917,"32":0.0262,"33":0.03275,"34":0.01965,"35":0.01965,"36":0.0262,"37":0.03275,"38":0.4061,"39":0.0393,"40":0.04585,"41":0.11135,"42":0.0786,"43":0.11135,"44":0.0393,"45":0.7729,"46":0.09825,"47":0.4978,"48":0.51745,"49":0.3668,"50":10.1001,"51":1.32965,"52":0.01965,"53":0.0131,"54":null},"opera":{"9":null,"9.5-9.6":null,"10.0-10.1":0,"10.5":null,"10.6":0.00655,"11":null,"11.1":null,"11.5":null,"11.6":null,"12":null,"12.1":0.0524,"15":null,"16":null,"17":null,"18":null,"19":null,"20":null,"21":null,"22":null,"23":null,"24":null,"25":null,"26":null,"27":null,"28":0.0131,"29":null,"30":null,"31":0.0131,"32":0.01965,"33":null,"34":null,"35":null,"36":0.0131,"37":null,"38":0.1048,"39":0.00655,"40":0.03275,"41":0.00655,"42":0.5371,"43":null,"44":null},"safari":{"3.1":null,"3.2":null,"4":0.01965,"5":0.05895,"5.1":0.2227,"6":0.01965,"6.1":0.20305,"7":0.04585,"7.1":0.00655,"8":0.2227,"9":0.28165,"9.1":1.51305,"10":4.98455,"10.1":0.00655,"0":null},"ios_saf":{"3.2":0,"4.0-4.1":0,"4.2-4.3":0,"5.0-5.1":0,"6.0-6.1":0.0715942735134,"7.0-7.1":0.336493085513,"8":0,"8.1-8.4":0.404507645351,"9.0-9.2":0.182565397459,"9.3":1.57149430362,"10.0-10.2":14.1989342945},"android":{"2.1":0,"2.2":0,"2.3":0,"3":0,"4":0.0133322310705,"4.1":0.043117002611,"4.2-4.3":0.131336659269,"4.4":0.297564050914,"4.4.3-4.4.4":0.166511056136,"53":null},"op_mob":{"10":0,"11":0,"11.1":0,"11.5":0,"12":0,"12.1":0,"0":0.000564792576419},"ie":{"5.5":null,"6":0.745849350649,"7":0.0532749536178,"8":2.02444823748,"9":0.319649721707,"10":0.352946567718,"11":7.27203116883},"edge":{"12":0.0786,"13":0.34715,"14":2.95405,"15":null},"bb":{"7":0.01120925,"10":null},"ie_mob":{"10":0.0319451067961,"11":0.150851893204},"and_ff":{"0":0.079327},"samsung":{"0":4.387128},"and_uc":{"0":0.631167},"op_mini":{"0":0.258110207424},"and_chr":{"0":11.452675}},"total":98.32877825}