{"id":"LV","name":"Latvia","month":"2017-01","access_date":"2017-02-02","data":{"chrome":{"4":null,"5":null,"6":null,"7":null,"8":null,"9":null,"10":null,"11":0.016132,"12":null,"13":0.008066,"14":null,"15":0.008066,"16":null,"17":null,"18":0.04033,"19":0.008066,"20":0.008066,"21":0.016132,"22":0.056462,"23":0.016132,"24":null,"25":0.008066,"26":0.024198,"27":0.008066,"28":null,"29":0.024198,"30":null,"31":0.096792,"32":0.04033,"33":0.016132,"34":0.024198,"35":0.064528,"36":0.072594,"37":0.024198,"38":0.04033,"39":0.04033,"40":0.032264,"41":0.217782,"42":0.016132,"43":0.104858,"44":0.056462,"45":0.032264,"46":0.04033,"47":0.064528,"48":0.12099,"49":2.024566,"50":0.153254,"51":0.556554,"52":0.20165,"53":0.411366,"54":0.540422,"55":43.580598,"56":0.661412,"57":0.185518,"58":null,"59":null},"firefox":{"2":null,"3":0.016132,"3.5":0.024198,"3.6":0.064528,"4":null,"5":null,"6":null,"7":null,"8":null,"9":null,"10":null,"11":0.016132,"12":0.032264,"13":null,"14":null,"15":null,"16":0.016132,"17":null,"18":null,"19":null,"20":0.016132,"21":null,"22":null,"23":null,"24":0.008066,"25":null,"26":null,"27":null,"28":0.032264,"29":null,"30":null,"31":0.072594,"32":0.016132,"33":null,"34":0.008066,"35":0.024198,"36":0.008066,"37":0.032264,"38":0.096792,"39":0.04033,"40":0.04033,"41":0.056462,"42":0.088726,"43":0.088726,"44":0.08066,"45":0.379102,"46":0.096792,"47":0.379102,"48":0.28231,"49":0.217782,"50":11.81669,"51":1.524474,"52":0.016132,"53":0.008066,"54":null},"opera":{"9":null,"9.5-9.6":null,"10.0-10.1":0,"10.5":null,"10.6":0.008066,"11":null,"11.1":null,"11.5":null,"11.6":0.04033,"12":0.016132,"12.1":0.217782,"15":null,"16":null,"17":null,"18":0.008066,"19":null,"20":null,"21":null,"22":null,"23":null,"24":null,"25":null,"26":0.008066,"27":0.016132,"28":0.008066,"29":null,"30":null,"31":null,"32":null,"33":null,"34":null,"35":0.008066,"36":0.145188,"37":0.024198,"38":0.112924,"39":0.024198,"40":0.016132,"41":0.048396,"42":1.637398,"43":null,"44":null},"safari":{"3.1":null,"3.2":null,"4":0.016132,"5":0.04033,"5.1":0.072594,"6":0.008066,"6.1":0.04033,"7":0.024198,"7.1":null,"8":0.08066,"9":0.16132,"9.1":0.492026,"10":2.153622,"10.1":null,"0":null},"ios_saf":{"3.2":0,"4.0-4.1":0,"4.2-4.3":0,"5.0-5.1":0,"6.0-6.1":0.0187819152343,"7.0-7.1":0.0882750016014,"8":0,"8.1-8.4":0.106117821074,"9.0-9.2":0.0478938838475,"9.3":0.412263039394,"10.0-10.2":3.72492333885},"android":{"2.1":0,"2.2":0,"2.3":0,"3":0,"4":0.0185610117493,"4.1":0.0600271018277,"4.2-4.3":0.182845711488,"4.4":0.41426598564,"4.4.3-4.4.4":0.231815189295,"53":null},"op_mob":{"10":0,"11":0,"11.1":0,"11.5":0,"12":0,"12.1":0,"0":0.000519661572052},"ie":{"5.5":null,"6":null,"7":null,"8":0.367914737271,"9":0.150510574338,"10":0.225765861507,"11":3.36140282688},"edge":{"12":0.072594,"13":0.306508,"14":1.782586,"15":null},"bb":{"7":0.00338625,"10":null},"ie_mob":{"10":0.060867961165,"11":0.287432038835},"and_ff":{"0":0.0387},"samsung":{"0":2.65095},"and_uc":{"0":0.12384},"op_mini":{"0":0.237485338428},"and_chr":{"0":10.79751}},"total":96.46416725}