{"id":"LY","name":"Libya","month":"2017-01","access_date":"2017-02-02","data":{"chrome":{"4":0.01185,"5":0.0158,"6":0.01185,"7":0.0079,"8":0.01185,"9":0.01185,"10":0.0079,"11":0.0237,"12":0.0158,"13":0.0553,"14":0.0237,"15":0.4582,"16":0.0316,"17":0.0395,"18":0.01185,"19":0.01975,"20":0.0158,"21":null,"22":0.0158,"23":0.0237,"24":0.0158,"25":0.0237,"26":0.0474,"27":0.0316,"28":0.03555,"29":0.03555,"30":0.0237,"31":0.1027,"32":0.2054,"33":0.2212,"34":0.0158,"35":0.0237,"36":0.1501,"37":0.00395,"38":0.0711,"39":0.05135,"40":0.0316,"41":0.03555,"42":0.02765,"43":0.99935,"44":0.0316,"45":0.0237,"46":0.04345,"47":0.1422,"48":0.05135,"49":0.71495,"50":0.1027,"51":0.80975,"52":0.2765,"53":0.55695,"54":0.33575,"55":19.987,"56":0.37525,"57":0.10665,"58":null,"59":null},"firefox":{"2":0.06715,"3":0.01975,"3.5":null,"3.6":0.0316,"4":0.0079,"5":0.0079,"6":0.0079,"7":0.01185,"8":0.0079,"9":0.01975,"10":0.01975,"11":0.01185,"12":0.07505,"13":0.0158,"14":null,"15":0.0079,"16":0.01975,"17":0.01185,"18":0.01185,"19":null,"20":0.01975,"21":0.0079,"22":0.00395,"23":0.0079,"24":0.01185,"25":0.1106,"26":0.0158,"27":0.0237,"28":0.0158,"29":0.11455,"30":0.01185,"31":0.01185,"32":0.0237,"33":0.0237,"34":0.01185,"35":0.0237,"36":0.0237,"37":0.01975,"38":0.0711,"39":0.03555,"40":0.04345,"41":0.01975,"42":0.01975,"43":0.24095,"44":0.1264,"45":0.06715,"46":0.09085,"47":0.39895,"48":0.1896,"49":0.17775,"50":3.36145,"51":0.58855,"52":0.03555,"53":null,"54":null},"opera":{"9":null,"9.5-9.6":null,"10.0-10.1":0,"10.5":null,"10.6":null,"11":null,"11.1":null,"11.5":0.00395,"11.6":0.0158,"12":0.0079,"12.1":0.03555,"15":0.01185,"16":null,"17":null,"18":null,"19":null,"20":0.00395,"21":null,"22":0.00395,"23":null,"24":null,"25":null,"26":null,"27":null,"28":0.0079,"29":null,"30":null,"31":null,"32":null,"33":0.01975,"34":0.0079,"35":0.00395,"36":0.0316,"37":0.01975,"38":0.02765,"39":0.01185,"40":0.01185,"41":0.0237,"42":1.2166,"43":0.04345,"44":0.0632},"safari":{"3.1":null,"3.2":null,"4":0.0237,"5":null,"5.1":0.0079,"6":0.00395,"6.1":0.0079,"7":0.01185,"7.1":null,"8":0.01975,"9":0.05135,"9.1":0.01975,"10":0.19355,"10.1":null,"0":null},"ios_saf":{"3.2":0,"4.0-4.1":0,"4.2-4.3":0,"5.0-5.1":0,"6.0-6.1":0.0230709939148,"7.0-7.1":0.1084336714,"8":0,"8.1-8.4":0.130351115619,"9.0-9.2":0.0588310344828,"9.3":0.50640831643,"10.0-10.2":4.57555486815},"android":{"2.1":0,"2.2":0,"2.3":0,"3":0,"4":0.163334203655,"4.1":0.528229765013,"4.2-4.3":1.6090156658,"4.4":3.64548041775,"4.4.3-4.4.4":2.03993994778,"53":null},"op_mob":{"10":0,"11":0,"11.1":0,"11.5":0,"12":0,"12.1":0,"0":0.0390872270742},"ie":{"5.5":null,"6":0.027893255132,"7":0.00796950146628,"8":0.494109090909,"9":0.243069794721,"10":0.243069794721,"11":1.70148856305},"edge":{"12":0.0948,"13":0.0711,"14":0.4187,"15":null},"bb":{"7":0.003025,"10":null},"ie_mob":{"10":0.0179737864078,"11":0.0848762135922},"and_ff":{"0":0.0605},"samsung":{"0":2.9766},"and_uc":{"0":2.2627},"op_mini":{"0":17.8628627729},"and_chr":{"0":22.97635}},"total":97.715075}