{"id":"MC","name":"Monaco","month":"2017-01","access_date":"2017-02-02","data":{"chrome":{"4":null,"5":null,"6":null,"7":null,"8":null,"9":null,"10":null,"11":null,"12":null,"13":null,"14":null,"15":null,"16":null,"17":null,"18":null,"19":null,"20":null,"21":0.068355,"22":null,"23":null,"24":null,"25":null,"26":0.022785,"27":null,"28":null,"29":0.01519,"30":0.053165,"31":0.037975,"32":0.007595,"33":null,"34":null,"35":0.007595,"36":null,"37":0.03038,"38":null,"39":0.037975,"40":null,"41":null,"42":0.007595,"43":1.3671,"44":null,"45":0.01519,"46":0.10633,"47":0.448105,"48":0.083545,"49":1.541785,"50":0.01519,"51":0.06076,"52":0.736715,"53":0.21266,"54":0.41013,"55":28.853405,"56":0.554435,"57":0.068355,"58":null,"59":null},"firefox":{"2":null,"3":null,"3.5":null,"3.6":null,"4":null,"5":null,"6":null,"7":null,"8":null,"9":null,"10":null,"11":null,"12":null,"13":null,"14":null,"15":null,"16":null,"17":null,"18":null,"19":null,"20":null,"21":null,"22":null,"23":null,"24":null,"25":0.053165,"26":null,"27":null,"28":null,"29":null,"30":null,"31":null,"32":null,"33":0.037975,"34":null,"35":0.03038,"36":0.007595,"37":0.01519,"38":0.03038,"39":0.01519,"40":null,"41":0.007595,"42":0.01519,"43":0.04557,"44":0.007595,"45":0.07595,"46":null,"47":0.053165,"48":0.432915,"49":0.06076,"50":8.346905,"51":0.63798,"52":0.007595,"53":null,"54":null},"opera":{"9":null,"9.5-9.6":null,"10.0-10.1":0,"10.5":null,"10.6":null,"11":null,"11.1":null,"11.5":null,"11.6":null,"12":null,"12.1":0.04557,"15":null,"16":null,"17":null,"18":null,"19":null,"20":null,"21":null,"22":null,"23":null,"24":null,"25":null,"26":null,"27":null,"28":null,"29":null,"30":null,"31":null,"32":null,"33":null,"34":null,"35":null,"36":null,"37":null,"38":null,"39":null,"40":null,"41":0.03038,"42":0.205065,"43":null,"44":null},"safari":{"3.1":null,"3.2":null,"4":0,"5":0.03038,"5.1":0.71393,"6":0.053165,"6.1":0.417725,"7":0.022785,"7.1":0.007595,"8":0.42532,"9":0.645575,"9.1":3.577245,"10":10.51148,"10.1":0.053165,"0":null},"ios_saf":{"3.2":0,"4.0-4.1":0,"4.2-4.3":0,"5.0-5.1":0,"6.0-6.1":0.066081127362,"7.0-7.1":0.310581298601,"8":0,"8.1-8.4":0.373358369595,"9.0-9.2":0.168506874773,"9.3":1.4504807456,"10.0-10.2":13.1055395841},"android":{"2.1":0,"2.2":0,"2.3":0,"3":0,"4":0.00344175805048,"4.1":0.011130791993,"4.2-4.3":0.0339049782419,"4.4":0.0768171105309,"4.4.3-4.4.4":0.0429853611836,"53":null},"op_mob":{"10":0,"11":0,"11.1":0,"11.5":0,"12":0,"12.1":0,"0":6.29868995633e-5},"ie":{"5.5":null,"6":null,"7":null,"8":1.35191,"9":0.478485,"10":0.235445,"11":9.015265},"edge":{"12":0.07595,"13":0.18228,"14":2.529135,"15":null},"bb":{"7":0.010217,"10":null},"ie_mob":{"10":0.0126034951456,"11":0.0595165048544},"and_ff":{"0":0.062504},"samsung":{"0":2.673248},"and_uc":{"0":0.038464},"op_mini":{"0":0.0287850131004},"and_chr":{"0":5.410149}},"total":99.189638}