{"id":"MD","name":"Moldova","month":"2017-01","access_date":"2017-02-02","data":{"chrome":{"4":0.060456,"5":0.030228,"6":0.045342,"7":0.037785,"8":0.022671,"9":0.037785,"10":0.037785,"11":0.068013,"12":0.068013,"13":0.068013,"14":0.07557,"15":0.090684,"16":0.07557,"17":0.120912,"18":0.120912,"19":0.090684,"20":0.098241,"21":0.173811,"22":0.105798,"23":0.128469,"24":0.105798,"25":0.098241,"26":0.105798,"27":0.083127,"28":0.052899,"29":0.030228,"30":0.022671,"31":0.045342,"32":0.045342,"33":0.037785,"34":0.07557,"35":0.083127,"36":0.136026,"37":0.030228,"38":0.068013,"39":0.120912,"40":0.158697,"41":0.105798,"42":0.068013,"43":0.249381,"44":0.060456,"45":0.068013,"46":0.060456,"47":0.136026,"48":0.188925,"49":3.090813,"50":0.173811,"51":0.808599,"52":0.256938,"53":0.415635,"54":0.536547,"55":41.276334,"56":0.778371,"57":0.113355,"58":null,"59":null},"firefox":{"2":0.060456,"3":0.158697,"3.5":0.249381,"3.6":0.997524,"4":0.037785,"5":0.015114,"6":null,"7":0.007557,"8":0.015114,"9":0.037785,"10":0.045342,"11":0.022671,"12":0.030228,"13":0.030228,"14":0.030228,"15":0.022671,"16":0.030228,"17":0.022671,"18":0.022671,"19":0.030228,"20":0.037785,"21":0.045342,"22":0.022671,"23":0.022671,"24":0.045342,"25":0.030228,"26":null,"27":null,"28":0.015114,"29":0.015114,"30":0.015114,"31":0.060456,"32":0.022671,"33":0.022671,"34":0.037785,"35":0.052899,"36":0.060456,"37":0.037785,"38":0.07557,"39":0.015114,"40":0.022671,"41":0.015114,"42":0.045342,"43":0.173811,"44":0.022671,"45":1.073094,"46":0.113355,"47":0.355179,"48":0.166254,"49":0.113355,"50":3.990096,"51":0.589446,"52":0.015114,"53":null,"54":null},"opera":{"9":null,"9.5-9.6":0.037785,"10.0-10.1":0.045342,"10.5":0.068013,"10.6":0.120912,"11":0.030228,"11.1":0.052899,"11.5":0.068013,"11.6":0.234267,"12":0.272052,"12.1":0.846384,"15":0.015114,"16":0.022671,"17":0.015114,"18":0.022671,"19":0.007557,"20":0.037785,"21":0.022671,"22":0.007557,"23":0.015114,"24":0.037785,"25":0.022671,"26":0.030228,"27":0.219153,"28":0.022671,"29":0.022671,"30":0.007557,"31":null,"32":null,"33":0.007557,"34":0.015114,"35":0.015114,"36":0.204039,"37":0.015114,"38":0.158697,"39":0.022671,"40":0.015114,"41":0.045342,"42":1.700325,"43":0.015114,"44":null},"safari":{"3.1":0.015114,"3.2":0.007557,"4":0.128469,"5":0.181368,"5.1":0.083127,"6":0.037785,"6.1":0.022671,"7":0.015114,"7.1":null,"8":0.045342,"9":0.015114,"9.1":0.188925,"10":0.702801,"10.1":null,"0":null},"ios_saf":{"3.2":0,"4.0-4.1":0,"4.2-4.3":0,"5.0-5.1":0,"6.0-6.1":0.0134473235828,"7.0-7.1":0.0632024208391,"8":0,"8.1-8.4":0.0759773782428,"9.0-9.2":0.0342906751361,"9.3":0.295168752642,"10.0-10.2":2.66694044956},"android":{"2.1":0,"2.2":0,"2.3":0,"3":0,"4":0.0396727040905,"4.1":0.128303213229,"4.2-4.3":0.390818340296,"4.4":0.885460991297,"4.4.3-4.4.4":0.495486751088,"53":null},"op_mob":{"10":0,"11":0,"11.1":0,"11.5":0,"12":0,"12.1":0,"0":0.00150420524017},"ie":{"5.5":null,"6":0.0157226174497,"7":0.0157226174497,"8":0.503123758389,"9":0.188671409396,"10":0.353758892617,"11":1.2656707047},"edge":{"12":0.022671,"13":0.143583,"14":0.551661,"15":null},"bb":{"7":0.00549675,"10":null},"ie_mob":{"10":0.114417786408,"11":0.540306213592},"and_ff":{"0":0.019544},"samsung":{"0":1.624595},"and_uc":{"0":0.285831},"op_mini":{"0":0.68742179476},"and_chr":{"0":16.533962}},"total":94.36579175}