{"id":"MH","name":"Marshall Islands","month":"2017-01","access_date":"2017-02-02","data":{"chrome":{"4":null,"5":null,"6":null,"7":null,"8":null,"9":null,"10":null,"11":null,"12":null,"13":null,"14":null,"15":null,"16":null,"17":0.013752,"18":null,"19":null,"20":null,"21":null,"22":null,"23":null,"24":null,"25":null,"26":null,"27":null,"28":null,"29":null,"30":null,"31":0.210864,"32":null,"33":null,"34":null,"35":null,"36":null,"37":0.004584,"38":null,"39":0.073344,"40":null,"41":0.009168,"42":0.004584,"43":0.087096,"44":null,"45":0.178776,"46":0.027504,"47":0.04584,"48":0.02292,"49":0.912216,"50":0.009168,"51":0.027504,"52":0.132936,"53":1.127664,"54":0.517992,"55":28.026576,"56":0.75636,"57":0.128352,"58":null,"59":null},"firefox":{"2":null,"3":null,"3.5":null,"3.6":0.009168,"4":null,"5":null,"6":null,"7":null,"8":null,"9":null,"10":0.009168,"11":0.004584,"12":null,"13":null,"14":null,"15":0.02292,"16":null,"17":null,"18":null,"19":null,"20":null,"21":0.009168,"22":null,"23":null,"24":null,"25":0.009168,"26":null,"27":null,"28":null,"29":0.009168,"30":null,"31":null,"32":null,"33":null,"34":null,"35":null,"36":0.009168,"37":0.013752,"38":null,"39":null,"40":0.004584,"41":null,"42":null,"43":null,"44":null,"45":0.050424,"46":null,"47":0.073344,"48":0.04584,"49":0.20628,"50":2.420352,"51":0.948888,"52":0.013752,"53":null,"54":null},"opera":{"9":null,"9.5-9.6":null,"10.0-10.1":0,"10.5":null,"10.6":null,"11":null,"11.1":null,"11.5":null,"11.6":null,"12":null,"12.1":null,"15":null,"16":null,"17":null,"18":null,"19":null,"20":null,"21":null,"22":null,"23":null,"24":null,"25":null,"26":null,"27":null,"28":0.009168,"29":null,"30":null,"31":null,"32":null,"33":null,"34":null,"35":null,"36":0.009168,"37":0.004584,"38":null,"39":null,"40":null,"41":null,"42":0.105432,"43":null,"44":null},"safari":{"3.1":null,"3.2":null,"4":0,"5":0.02292,"5.1":0.09168,"6":null,"6.1":0.036672,"7":null,"7.1":null,"8":0.027504,"9":0.032088,"9.1":0.531744,"10":2.736648,"10.1":null,"0":null},"ios_saf":{"3.2":0,"4.0-4.1":0,"4.2-4.3":0,"5.0-5.1":0,"6.0-6.1":0.0696152877122,"7.0-7.1":0.327191852247,"8":0,"8.1-8.4":0.393326375574,"9.0-9.2":0.177518983666,"9.3":1.52805556528,"10.0-10.2":13.8064519355},"android":{"2.1":0,"2.2":0,"2.3":0,"3":0,"4":0.0856260644038,"4.1":0.276918335944,"4.2-4.3":0.843507825936,"4.4":1.91110088425,"4.4.3-4.4.4":1.06941488947,"53":null},"op_mob":{"10":0,"11":0,"11.1":0,"11.5":0,"12":0,"12.1":0,"0":0.00309823580786},"ie":{"5.5":null,"6":null,"7":null,"8":0.0505345789474,"9":0.0413464736842,"10":0.0780988947368,"11":1.92490805263},"edge":{"12":0.119184,"13":0.815952,"14":1.829016,"15":null},"bb":{"7":0.036558,"10":null},"ie_mob":{"10":0.375754718447,"11":1.77439728155},"and_ff":{"0":0.086656},"samsung":{"0":0.790736},"and_uc":{"0":1.05612},"op_mini":{"0":1.41589376419},"and_chr":{"0":28.560048}},"total":99.231566}