{"id":"MK","name":"Macedonia","month":"2017-01","access_date":"2017-02-02","data":{"chrome":{"4":null,"5":null,"6":null,"7":null,"8":null,"9":null,"10":null,"11":0.020337,"12":null,"13":null,"14":null,"15":null,"16":null,"17":null,"18":0.020337,"19":null,"20":null,"21":null,"22":0.061011,"23":null,"24":null,"25":0.006779,"26":0.033895,"27":null,"28":0.006779,"29":0.013558,"30":0.013558,"31":0.027116,"32":0.06779,"33":0.033895,"34":0.054232,"35":0.033895,"36":0.616889,"37":0.047453,"38":0.074569,"39":0.06779,"40":0.047453,"41":0.013558,"42":0.033895,"43":0.196591,"44":0.061011,"45":0.047453,"46":0.033895,"47":0.122022,"48":0.06779,"49":4.047063,"50":0.13558,"51":1.138872,"52":0.671121,"53":0.684679,"54":0.237265,"55":40.714674,"56":0.698237,"57":0.13558,"58":null,"59":null},"firefox":{"2":0.013558,"3":0.006779,"3.5":null,"3.6":0.06779,"4":null,"5":null,"6":null,"7":null,"8":null,"9":null,"10":null,"11":null,"12":0.006779,"13":0.027116,"14":null,"15":null,"16":0.013558,"17":0.061011,"18":0.033895,"19":null,"20":null,"21":null,"22":0.006779,"23":null,"24":0.020337,"25":null,"26":0.006779,"27":null,"28":null,"29":0.013558,"30":0.013558,"31":0.013558,"32":0.006779,"33":0.006779,"34":0.006779,"35":0.013558,"36":0.006779,"37":0.061011,"38":0.061011,"39":0.013558,"40":0.020337,"41":0.027116,"42":0.020337,"43":0.149138,"44":0.040674,"45":0.088127,"46":0.074569,"47":0.427077,"48":0.284718,"49":0.183033,"50":7.32132,"51":0.989734,"52":0.020337,"53":0.013558,"54":0.006779},"opera":{"9":null,"9.5-9.6":null,"10.0-10.1":0,"10.5":null,"10.6":null,"11":null,"11.1":null,"11.5":null,"11.6":0.006779,"12":null,"12.1":0.047453,"15":null,"16":null,"17":null,"18":null,"19":0.006779,"20":null,"21":null,"22":null,"23":null,"24":null,"25":null,"26":null,"27":null,"28":0.006779,"29":null,"30":0.020337,"31":null,"32":null,"33":null,"34":null,"35":null,"36":0.27116,"37":null,"38":0.108464,"39":0.027116,"40":0.013558,"41":0.013558,"42":1.071082,"43":0.006779,"44":0.006779},"safari":{"3.1":null,"3.2":null,"4":0,"5":null,"5.1":0.013558,"6":null,"6.1":0.020337,"7":null,"7.1":null,"8":0.033895,"9":0.020337,"9.1":0.088127,"10":0.277939,"10.1":null,"0":null},"ios_saf":{"3.2":0,"4.0-4.1":0,"4.2-4.3":0,"5.0-5.1":0,"6.0-6.1":0.0225989238817,"7.0-7.1":0.106214942244,"8":0,"8.1-8.4":0.127683919932,"9.0-9.2":0.0576272558984,"9.3":0.496046379204,"10.0-10.2":4.48193157884},"android":{"2.1":0,"2.2":0,"2.3":0,"3":0,"4":0.0486177571802,"4.1":0.157231895561,"4.2-4.3":0.478936629243,"4.4":1.08510696345,"4.4.3-4.4.4":0.607204754569,"53":null},"op_mob":{"10":0,"11":0,"11.1":0,"11.5":0,"12":0,"12.1":0,"0":0.000625914847162},"ie":{"5.5":null,"6":0.0140133059701,"7":0.0210199589552,"8":0.413392526119,"9":0.112106447761,"10":0.133126406716,"11":1.18412435448},"edge":{"12":0.013558,"13":0.13558,"14":0.569436,"15":null},"bb":{"7":0.00885775,"10":null},"ie_mob":{"10":0.0714874368932,"11":0.337579563107},"and_ff":{"0":0.012884},"samsung":{"0":1.768329},"and_uc":{"0":0.077304},"op_mini":{"0":0.286043085153},"and_chr":{"0":22.940285}},"total":98.26455475}