{"id":"ML","name":"Mali","month":"2017-01","access_date":"2017-02-02","data":{"chrome":{"4":null,"5":0.00106,"6":null,"7":null,"8":0.00212,"9":0.00159,"10":null,"11":0.0424,"12":null,"13":0.00106,"14":null,"15":null,"16":0.00212,"17":0.00106,"18":0.00371,"19":0.02703,"20":null,"21":null,"22":0.00371,"23":null,"24":null,"25":0.00424,"26":0.00742,"27":0.00212,"28":0.00318,"29":0.00371,"30":0.00159,"31":0.0053,"32":0.01007,"33":0.00212,"34":0.00106,"35":null,"36":0.01113,"37":null,"38":0.00477,"39":0.01219,"40":0.00318,"41":0.00159,"42":0.00106,"43":0.01219,"44":0.00371,"45":0.0424,"46":0.00106,"47":0.00212,"48":0.00212,"49":0.10865,"50":0.00583,"51":0.01166,"52":0.00636,"53":0.0265,"54":0.02703,"55":1.36528,"56":0.01749,"57":0.00265,"58":null,"59":null},"firefox":{"2":0.00159,"3":0.52788,"3.5":0.00212,"3.6":0.00265,"4":0.00424,"5":0.00106,"6":null,"7":0.00424,"8":0.0053,"9":null,"10":0.00265,"11":0.00477,"12":0.00795,"13":0.00371,"14":0.0053,"15":0.00371,"16":0.00265,"17":0.00636,"18":0.00159,"19":0.00053,"20":0.01007,"21":0.00265,"22":0.00371,"23":0.00159,"24":0.00689,"25":0.00318,"26":0.00159,"27":0.00106,"28":0.0053,"29":0.00424,"30":0.01325,"31":0.02385,"32":0.00265,"33":0.00424,"34":0.00371,"35":0.00318,"36":0.00477,"37":0.0053,"38":0.01855,"39":0.01378,"40":0.00742,"41":0.0106,"42":0.00954,"43":0.06254,"44":0.01537,"45":0.01961,"46":0.00742,"47":0.08851,"48":0.05194,"49":0.04452,"50":0.98209,"51":0.12084,"52":0.02014,"53":null,"54":null},"opera":{"9":null,"9.5-9.6":null,"10.0-10.1":0,"10.5":null,"10.6":null,"11":null,"11.1":null,"11.5":null,"11.6":0.00053,"12":null,"12.1":0.00106,"15":null,"16":null,"17":null,"18":null,"19":null,"20":null,"21":null,"22":null,"23":null,"24":null,"25":null,"26":null,"27":null,"28":null,"29":0.00106,"30":0.00053,"31":null,"32":0.00212,"33":null,"34":0.00106,"35":0.0424,"36":0.00477,"37":0.00106,"38":0.00159,"39":null,"40":0.00212,"41":0.00795,"42":0.08003,"43":null,"44":null},"safari":{"3.1":null,"3.2":null,"4":0.00106,"5":0.00318,"5.1":0.01007,"6":0.0053,"6.1":null,"7":0.00689,"7.1":0.00106,"8":0.05141,"9":0.00583,"9.1":0.03074,"10":0.06466,"10.1":null,"0":null},"ios_saf":{"3.2":0,"4.0-4.1":0,"4.2-4.3":0,"5.0-5.1":0,"6.0-6.1":0.00234551083591,"7.0-7.1":0.0110239009288,"8":0,"8.1-8.4":0.0132521362229,"9.0-9.2":0.00598105263158,"9.3":0.0514839628483,"10.0-10.2":0.465173436533},"android":{"2.1":0,"2.2":0,"2.3":0,"3":0,"4":0.0741816666667,"4.1":0.239906666667,"4.2-4.3":0.730768333333,"4.4":1.65567166667,"4.4.3-4.4.4":0.926481666667,"53":null},"op_mob":{"10":0,"11":0,"11.1":0,"11.5":0,"12":0,"12.1":0,"0":0.00856021834061},"ie":{"5.5":null,"6":0.00106132004981,"7":null,"8":0.068455143213,"9":0.0116745205479,"10":0.039799501868,"11":0.305129514321},"edge":{"12":0.03763,"13":0.0318,"14":0.04823,"15":null},"bb":{"7":0.0071025,"10":null},"ie_mob":{"10":0.0496485436893,"11":0.234451456311},"and_ff":{"0":0.25569},"samsung":{"0":1.39209},"and_uc":{"0":71.92465},"op_mini":{"0":3.91201978166},"and_chr":{"0":11.81454}},"total":98.6033225}