{"id":"MM","name":"Myanmar","month":"2017-01","access_date":"2017-02-02","data":{"chrome":{"4":null,"5":null,"6":null,"7":null,"8":null,"9":null,"10":null,"11":0.0436,"12":0.00545,"13":null,"14":null,"15":null,"16":null,"17":0.002725,"18":0.002725,"19":null,"20":null,"21":0.002725,"22":0.002725,"23":null,"24":0.01635,"25":0.024525,"26":0.002725,"27":null,"28":0.008175,"29":0.024525,"30":0.013625,"31":0.0981,"32":0.089925,"33":0.040875,"34":0.008175,"35":0.106275,"36":0.002725,"37":null,"38":0.029975,"39":0.024525,"40":0.00545,"41":0.00545,"42":0.00545,"43":0.046325,"44":0.024525,"45":0.035425,"46":0.0109,"47":0.01635,"48":0.01635,"49":0.079025,"50":0.03815,"51":0.0545,"52":0.062675,"53":0.182575,"54":0.1308,"55":7.8807,"56":0.144425,"57":0.057225,"58":null,"59":null},"firefox":{"2":0.02725,"3":0.008175,"3.5":0.00545,"3.6":0.040875,"4":0.029975,"5":0.0109,"6":0.00545,"7":null,"8":0.00545,"9":0.013625,"10":0.008175,"11":0.029975,"12":0.0654,"13":0.024525,"14":0.019075,"15":0.013625,"16":0.019075,"17":0.013625,"18":0.013625,"19":0.03815,"20":0.02725,"21":0.035425,"22":0.024525,"23":0.04905,"24":0.035425,"25":0.029975,"26":0.0872,"27":0.051775,"28":0.0109,"29":0.13625,"30":0.13625,"31":0.05995,"32":0.03815,"33":0.0872,"34":0.0545,"35":0.100825,"36":0.155325,"37":0.122625,"38":0.122625,"39":0.209825,"40":0.117175,"41":0.166225,"42":0.109,"43":0.53955,"44":0.8829,"45":0.171675,"46":0.19075,"47":0.8066,"48":0.395125,"49":0.422375,"50":6.74165,"51":1.86935,"52":0.17985,"53":0.0109,"54":null},"opera":{"9":null,"9.5-9.6":null,"10.0-10.1":0,"10.5":null,"10.6":null,"11":null,"11.1":null,"11.5":null,"11.6":null,"12":null,"12.1":0.00545,"15":null,"16":null,"17":null,"18":null,"19":null,"20":null,"21":null,"22":null,"23":null,"24":null,"25":null,"26":null,"27":null,"28":0.00545,"29":null,"30":null,"31":null,"32":null,"33":null,"34":0.00545,"35":null,"36":null,"37":0.008175,"38":null,"39":null,"40":null,"41":0.0109,"42":0.177125,"43":null,"44":null},"safari":{"3.1":null,"3.2":null,"4":0,"5":0.019075,"5.1":0.00545,"6":null,"6.1":0.002725,"7":0.008175,"7.1":null,"8":0.062675,"9":0.166225,"9.1":0.171675,"10":0.569525,"10.1":null,"0":null},"ios_saf":{"3.2":0,"4.0-4.1":0,"4.2-4.3":0,"5.0-5.1":0,"6.0-6.1":0.0199446994769,"7.0-7.1":0.0937400875414,"8":0,"8.1-8.4":0.112687552044,"9.0-9.2":0.0508589836661,"9.3":0.437786153518,"10.0-10.2":3.95553252375},"android":{"2.1":0,"2.2":0,"2.3":0,"3":0,"4":0.297882441253,"4.1":0.963364490862,"4.2-4.3":2.93445894256,"4.4":6.6484825718,"4.4.3-4.4.4":3.72036155352,"53":null},"op_mob":{"10":0,"11":0,"11.1":0,"11.5":0,"12":0,"12.1":0,"0":0.00764033842795},"ie":{"5.5":null,"6":null,"7":null,"8":0.103294183673,"9":0.0279173469388,"10":0.044667755102,"11":0.508095714286},"edge":{"12":0.0545,"13":0.035425,"14":0.193475,"15":null},"bb":{"7":0,"10":null},"ie_mob":{"10":0.0063567961165,"11":0.0300182038835},"and_ff":{"0":0.2037},"samsung":{"0":3.7248},"and_uc":{"0":5.652675},"op_mini":{"0":3.49163466157},"and_chr":{"0":40.6857}},"total":99.1404}