{"id":"MO","name":"Macao","month":"2017-01","access_date":"2017-02-02","data":{"chrome":{"4":null,"5":null,"6":null,"7":null,"8":null,"9":null,"10":null,"11":0.056463,"12":null,"13":null,"14":null,"15":null,"16":null,"17":0.010266,"18":0.010266,"19":null,"20":0.010266,"21":0.005133,"22":0.041064,"23":null,"24":null,"25":0.041064,"26":0.020532,"27":null,"28":0.010266,"29":null,"30":0.041064,"31":0.066729,"32":0.010266,"33":0.015399,"34":0.015399,"35":0.015399,"36":0.225852,"37":0.041064,"38":0.056463,"39":0.056463,"40":0.097527,"41":0.020532,"42":0.210453,"43":0.133458,"44":0.066729,"45":1.221654,"46":0.066729,"47":0.220719,"48":0.087261,"49":1.550166,"50":0.431172,"51":0.472236,"52":1.036866,"53":0.641625,"54":1.391043,"55":25.269759,"56":0.25665,"57":0.061596,"58":null,"59":null},"firefox":{"2":null,"3":null,"3.5":null,"3.6":null,"4":null,"5":null,"6":null,"7":null,"8":null,"9":null,"10":null,"11":0.005133,"12":null,"13":null,"14":null,"15":null,"16":null,"17":null,"18":null,"19":null,"20":null,"21":null,"22":0.005133,"23":0.005133,"24":null,"25":null,"26":null,"27":null,"28":null,"29":null,"30":null,"31":0.010266,"32":0.015399,"33":0.010266,"34":0.010266,"35":0.005133,"36":0.005133,"37":0.010266,"38":0.025665,"39":0.046197,"40":0.05133,"41":null,"42":0.05133,"43":0.066729,"44":0.015399,"45":0.05133,"46":0.025665,"47":0.133458,"48":0.092394,"49":0.046197,"50":3.279987,"51":0.318246,"52":null,"53":0.005133,"54":null},"opera":{"9":null,"9.5-9.6":null,"10.0-10.1":0,"10.5":null,"10.6":null,"11":null,"11.1":null,"11.5":null,"11.6":null,"12":null,"12.1":0.046197,"15":null,"16":null,"17":null,"18":null,"19":null,"20":null,"21":null,"22":null,"23":null,"24":null,"25":null,"26":null,"27":null,"28":null,"29":null,"30":null,"31":null,"32":null,"33":null,"34":null,"35":null,"36":0.025665,"37":null,"38":0.035931,"39":null,"40":null,"41":null,"42":0.169389,"43":null,"44":null},"safari":{"3.1":null,"3.2":null,"4":0,"5":0.041064,"5.1":0.066729,"6":0.005133,"6.1":0.10266,"7":0.061596,"7.1":0.005133,"8":0.30798,"9":0.159123,"9.1":0.811014,"10":1.955673,"10.1":null,"0":null},"ios_saf":{"3.2":0,"4.0-4.1":0,"4.2-4.3":0,"5.0-5.1":0,"6.0-6.1":0.108573536885,"7.0-7.1":0.510295623359,"8":0,"8.1-8.4":0.613440483399,"9.0-9.2":0.276862519056,"9.3":2.38318913462,"10.0-10.2":21.5328467027},"android":{"2.1":0,"2.2":0,"2.3":0,"3":0,"4":0.0294646231506,"4.1":0.0952898450827,"4.2-4.3":0.290257883377,"4.4":0.657625312446,"4.4.3-4.4.4":0.367994335944,"53":null},"op_mob":{"10":0,"11":0,"11.1":0,"11.5":0,"12":0,"12.1":0,"0":0.000286919213974},"ie":{"5.5":null,"6":0.0160866961471,"7":0.00536223204904,"8":0.482600884413,"9":0.61129445359,"10":0.482600884413,"11":4.52036161734},"edge":{"12":0.046197,"13":0.302847,"14":1.072797,"15":null},"bb":{"7":0.0073005,"10":null},"ie_mob":{"10":0.0119076116505,"11":0.0562303883495},"and_ff":{"0":0.073005},"samsung":{"0":3.630782},"and_uc":{"0":0.968533},"op_mini":{"0":0.131122080786},"and_chr":{"0":17.099957}},"total":98.455180268}