{"id":"MP","name":"Northern Mariana Islands","month":"2017-01","access_date":"2017-02-02","data":{"chrome":{"4":null,"5":null,"6":null,"7":null,"8":null,"9":null,"10":null,"11":0.011672,"12":null,"13":null,"14":null,"15":null,"16":null,"17":null,"18":null,"19":null,"20":0.005836,"21":null,"22":0.005836,"23":null,"24":null,"25":null,"26":0.023344,"27":null,"28":null,"29":null,"30":null,"31":0.297636,"32":null,"33":null,"34":0.005836,"35":null,"36":2.789608,"37":null,"38":0.011672,"39":null,"40":0.011672,"41":0.005836,"42":null,"43":0.011672,"44":0.05836,"45":0.134228,"46":0.017508,"47":0.035016,"48":0.005836,"49":1.756636,"50":0.105048,"51":0.075868,"52":0.099212,"53":0.84622,"54":0.391012,"55":35.68714,"56":0.303472,"57":0.1459,"58":null,"59":null},"firefox":{"2":null,"3":null,"3.5":null,"3.6":null,"4":null,"5":0.005836,"6":null,"7":null,"8":null,"9":null,"10":null,"11":null,"12":null,"13":null,"14":null,"15":null,"16":null,"17":null,"18":0.005836,"19":null,"20":null,"21":null,"22":null,"23":null,"24":null,"25":null,"26":null,"27":null,"28":null,"29":null,"30":null,"31":0.017508,"32":null,"33":null,"34":null,"35":null,"36":0.005836,"37":null,"38":0.02918,"39":0.011672,"40":0.064196,"41":null,"42":0.011672,"43":0.035016,"44":0.023344,"45":0.011672,"46":null,"47":0.08754,"48":0.344324,"49":0.05836,"50":2.696232,"51":0.210096,"52":null,"53":null,"54":null},"opera":{"9":null,"9.5-9.6":null,"10.0-10.1":0,"10.5":null,"10.6":null,"11":null,"11.1":null,"11.5":null,"11.6":null,"12":null,"12.1":0.005836,"15":null,"16":null,"17":null,"18":null,"19":null,"20":null,"21":null,"22":null,"23":null,"24":null,"25":null,"26":null,"27":0.005836,"28":null,"29":0.005836,"30":null,"31":null,"32":null,"33":null,"34":null,"35":null,"36":null,"37":0.011672,"38":null,"39":null,"40":null,"41":0.005836,"42":0.052524,"43":null,"44":null},"safari":{"3.1":null,"3.2":null,"4":0.035016,"5":null,"5.1":0.011672,"6":null,"6.1":null,"7":0.011672,"7.1":null,"8":0.20426,"9":0.08754,"9.1":0.472716,"10":0.770352,"10.1":null,"0":null},"ios_saf":{"3.2":0,"4.0-4.1":0,"4.2-4.3":0,"5.0-5.1":0,"6.0-6.1":0.0418856624319,"7.0-7.1":0.19686261343,"8":0,"8.1-8.4":0.23665399274,"9.0-9.2":0.106808439201,"9.3":0.919390290381,"10.0-10.2":8.30697400181},"android":{"2.1":0,"2.2":0,"2.3":0,"3":0,"4":0.0589479808529,"4.1":0.190640278503,"4.2-4.3":0.580700322019,"4.4":1.31566876414,"4.4.3-4.4.4":0.736222654482,"53":null},"op_mob":{"10":0,"11":0,"11.1":0,"11.5":0,"12":0,"12.1":0,"0":0.00226437772926},"ie":{"5.5":null,"6":0.0116934953959,"7":null,"8":0.80685118232,"9":0.169555683241,"10":0.122781701657,"11":5.23868593738},"edge":{"12":0.163408,"13":0.210096,"14":2.27604,"15":null},"bb":{"7":0,"10":null},"ie_mob":{"10":0.0116458252427,"11":0.0549941747573},"and_ff":{"0":0.00833},"samsung":{"0":7.1638},"and_uc":{"0":1.486905},"op_mini":{"0":1.03482062227},"and_chr":{"0":19.612812}},"total":99.206603}