{"id":"MQ","name":"Martinique","month":"2017-01","access_date":"2017-02-02","data":{"chrome":{"4":null,"5":null,"6":null,"7":null,"8":null,"9":null,"10":null,"11":0.006086,"12":0.012172,"13":null,"14":null,"15":null,"16":null,"17":null,"18":0.024344,"19":null,"20":null,"21":null,"22":0.012172,"23":null,"24":null,"25":null,"26":null,"27":null,"28":null,"29":0.006086,"30":null,"31":0.018258,"32":0.18258,"33":0.006086,"34":0.03043,"35":0.012172,"36":0.170408,"37":null,"38":0.042602,"39":0.018258,"40":0.03043,"41":0.036516,"42":0.006086,"43":0.085204,"44":0.03043,"45":0.036516,"46":0.024344,"47":0.164322,"48":0.03043,"49":1.131996,"50":0.097376,"51":0.33473,"52":0.18258,"53":0.249526,"54":0.663374,"55":29.681422,"56":0.529482,"57":0.225182,"58":null,"59":null},"firefox":{"2":null,"3":null,"3.5":null,"3.6":0.024344,"4":null,"5":null,"6":null,"7":null,"8":null,"9":null,"10":null,"11":null,"12":null,"13":null,"14":null,"15":null,"16":0.006086,"17":null,"18":null,"19":null,"20":null,"21":null,"22":0.012172,"23":null,"24":null,"25":null,"26":null,"27":0.006086,"28":null,"29":null,"30":null,"31":0.006086,"32":null,"33":0.03043,"34":0.006086,"35":null,"36":0.024344,"37":0.073032,"38":0.024344,"39":0.018258,"40":0.018258,"41":0.03043,"42":null,"43":0.103462,"44":0.024344,"45":0.206924,"46":0.06086,"47":0.24344,"48":0.45645,"49":0.066946,"50":6.834578,"51":0.900728,"52":0.146064,"53":null,"54":null},"opera":{"9":null,"9.5-9.6":null,"10.0-10.1":0,"10.5":null,"10.6":null,"11":null,"11.1":null,"11.5":null,"11.6":null,"12":null,"12.1":0.042602,"15":null,"16":null,"17":null,"18":null,"19":null,"20":null,"21":null,"22":null,"23":null,"24":null,"25":null,"26":null,"27":null,"28":null,"29":null,"30":null,"31":null,"32":null,"33":null,"34":null,"35":null,"36":null,"37":null,"38":0.06086,"39":null,"40":null,"41":null,"42":0.407762,"43":null,"44":null},"safari":{"3.1":null,"3.2":null,"4":0.012172,"5":0.018258,"5.1":0.188666,"6":0.018258,"6.1":0.103462,"7":0.042602,"7.1":0.018258,"8":0.146064,"9":0.450364,"9.1":0.937244,"10":2.823904,"10.1":null,"0":null},"ios_saf":{"3.2":0,"4.0-4.1":0,"4.2-4.3":0,"5.0-5.1":0,"6.0-6.1":0.0281463691684,"7.0-7.1":0.132287935091,"8":0,"8.1-8.4":0.159026985801,"9.0-9.2":0.0717732413793,"9.3":0.617812803245,"10.0-10.2":5.58212866531},"android":{"2.1":0,"2.2":0,"2.3":0,"3":0,"4":0.0308998207137,"4.1":0.099931335074,"4.2-4.3":0.304396106179,"4.4":0.689657700609,"4.4.3-4.4.4":0.385919037424,"53":null},"op_mob":{"10":0,"11":0,"11.1":0,"11.5":0,"12":0,"12.1":0,"0":0.000606755458515},"ie":{"5.5":null,"6":null,"7":0.00613367101828,"8":0.147208104439,"9":0.159475446475,"10":0.171742788512,"11":4.21383198956},"edge":{"12":0.24344,"13":0.48688,"14":4.266286,"15":null},"bb":{"7":0.007828,"10":null},"ie_mob":{"10":0.032832,"11":0.15504},"and_ff":{"0":0.015656},"samsung":{"0":5.334782},"and_uc":{"0":0.105678},"op_mini":{"0":0.277287244541},"and_chr":{"0":26.138476}},"total":98.540992}