{"id":"MR","name":"Mauritania","month":"2017-01","access_date":"2017-02-02","data":{"chrome":{"4":null,"5":0.03502,"6":0.010506,"7":0.045526,"8":0.01751,"9":0.080546,"10":0.007004,"11":0.066538,"12":0.094554,"13":0.010506,"14":0.01751,"15":0.010506,"16":0.028016,"17":0.073542,"18":null,"19":0.01751,"20":0.007004,"21":0.007004,"22":0.01751,"23":0.028016,"24":0.007004,"25":0.042024,"26":0.066538,"27":0.038522,"28":0.049028,"29":0.01751,"30":0.010506,"31":0.119068,"32":0.01751,"33":0.049028,"34":0.066538,"35":0.003502,"36":0.77044,"37":null,"38":0.028016,"39":0.014008,"40":0.05253,"41":0.007004,"42":0.098056,"43":0.794954,"44":0.091052,"45":0.164594,"46":0.024514,"47":0.080546,"48":0.028016,"49":1.59341,"50":0.112064,"51":0.476272,"52":0.1751,"53":0.276658,"54":0.378216,"55":15.04109,"56":0.185606,"57":0.003502,"58":null,"59":null},"firefox":{"2":null,"3":0.066538,"3.5":0.03502,"3.6":0.021012,"4":0.024514,"5":null,"6":0.007004,"7":null,"8":0.007004,"9":null,"10":0.01751,"11":0.014008,"12":0.063036,"13":0.021012,"14":0.007004,"15":null,"16":0.024514,"17":0.108562,"18":0.014008,"19":0.003502,"20":0.021012,"21":0.056032,"22":0.010506,"23":null,"24":0.01751,"25":0.007004,"26":0.056032,"27":0.007004,"28":0.003502,"29":0.038522,"30":0.021012,"31":0.007004,"32":0.063036,"33":0.03502,"34":0.021012,"35":0.01751,"36":0.010506,"37":0.045526,"38":0.066538,"39":0.126072,"40":0.056032,"41":0.080546,"42":0.07004,"43":0.399228,"44":0.08755,"45":0.1751,"46":0.073542,"47":0.535806,"48":0.10506,"49":0.220626,"50":5.081402,"51":0.497284,"52":0.007004,"53":null,"54":null},"opera":{"9":null,"9.5-9.6":null,"10.0-10.1":0,"10.5":null,"10.6":null,"11":null,"11.1":null,"11.5":null,"11.6":null,"12":0.003502,"12.1":0.003502,"15":null,"16":null,"17":null,"18":null,"19":null,"20":0.003502,"21":null,"22":null,"23":0.007004,"24":null,"25":null,"26":null,"27":null,"28":null,"29":null,"30":null,"31":null,"32":null,"33":null,"34":null,"35":null,"36":0.014008,"37":0.007004,"38":0.077044,"39":null,"40":0.007004,"41":0.014008,"42":0.40273,"43":null,"44":null},"safari":{"3.1":null,"3.2":null,"4":0.007004,"5":null,"5.1":0.007004,"6":null,"6.1":0.003502,"7":null,"7.1":null,"8":0.010506,"9":0.049028,"9.1":0.059534,"10":0.185606,"10.1":null,"0":null},"ios_saf":{"3.2":0,"4.0-4.1":0,"4.2-4.3":0,"5.0-5.1":0,"6.0-6.1":0.0158443813387,"7.0-7.1":0.0744685922921,"8":0,"8.1-8.4":0.0895207545639,"9.0-9.2":0.0404031724138,"9.3":0.347784170385,"10.0-10.2":3.14233692901},"android":{"2.1":0,"2.2":0,"2.3":0,"3":0,"4":0.261017138381,"4.1":0.844140532637,"4.2-4.3":2.57129649086,"4.4":5.82568038642,"4.4.3-4.4.4":3.2599374517,"53":null},"op_mob":{"10":0,"11":0,"11.1":0,"11.5":0,"12":0,"12.1":0,"0":0.0219910480349},"ie":{"5.5":null,"6":null,"7":0.00719972055888,"8":0.32398742515,"9":0.208791896208,"10":0.12959497006,"11":1.13395598802},"edge":{"12":0.084048,"13":0.119068,"14":0.21012,"15":null},"bb":{"7":0.0081225,"10":null},"ie_mob":{"10":0.051100776699,"11":0.241309223301},"and_ff":{"0":0.03249},"samsung":{"0":4.438134},"and_uc":{"0":2.163834},"op_mini":{"0":10.049908952},"and_chr":{"0":32.701826}},"total":99.1699865}