{"id":"MS","name":"Montserrat","month":"2017-01","access_date":"2017-02-02","data":{"chrome":{"4":null,"5":null,"6":null,"7":null,"8":null,"9":null,"10":null,"11":0.023289,"12":null,"13":null,"14":null,"15":null,"16":null,"17":null,"18":null,"19":null,"20":null,"21":null,"22":null,"23":null,"24":null,"25":null,"26":null,"27":null,"28":null,"29":0.023289,"30":null,"31":0.023289,"32":0.07763,"33":null,"34":null,"35":null,"36":null,"37":null,"38":null,"39":0.007763,"40":null,"41":0.031052,"42":null,"43":0.178549,"44":null,"45":null,"46":0.046578,"47":0.038815,"48":0.007763,"49":0.23289,"50":0.007763,"51":0.007763,"52":0.318283,"53":0.62104,"54":0.721959,"55":47.331011,"56":0.349335,"57":7.017752,"58":null,"59":null},"firefox":{"2":null,"3":null,"3.5":null,"3.6":null,"4":null,"5":null,"6":null,"7":null,"8":null,"9":null,"10":null,"11":null,"12":null,"13":null,"14":null,"15":null,"16":null,"17":null,"18":null,"19":null,"20":null,"21":null,"22":null,"23":null,"24":null,"25":null,"26":null,"27":null,"28":0.007763,"29":null,"30":null,"31":0.031052,"32":null,"33":0.031052,"34":null,"35":null,"36":0.031052,"37":null,"38":null,"39":0.023289,"40":0.007763,"41":0.062104,"42":null,"43":0.023289,"44":null,"45":null,"46":null,"47":0.900508,"48":0.170786,"49":0.372624,"50":2.980992,"51":0.062104,"52":null,"53":null,"54":null},"opera":{"9":null,"9.5-9.6":null,"10.0-10.1":0,"10.5":null,"10.6":null,"11":null,"11.1":null,"11.5":null,"11.6":null,"12":null,"12.1":0.031052,"15":null,"16":null,"17":null,"18":null,"19":null,"20":null,"21":null,"22":null,"23":null,"24":null,"25":null,"26":null,"27":null,"28":null,"29":0.038815,"30":null,"31":null,"32":null,"33":null,"34":null,"35":null,"36":null,"37":null,"38":null,"39":null,"40":null,"41":null,"42":0.178549,"43":null,"44":null},"safari":{"3.1":null,"3.2":null,"4":0,"5":0.031052,"5.1":0.031052,"6":null,"6.1":null,"7":null,"7.1":null,"8":null,"9":null,"9.1":0.442491,"10":1.350762,"10.1":null,"0":null},"ios_saf":{"3.2":0,"4.0-4.1":0,"4.2-4.3":0,"5.0-5.1":0,"6.0-6.1":0.0117402498132,"7.0-7.1":0.0551791741219,"8":0,"8.1-8.4":0.0663324114444,"9.0-9.2":0.0299376370236,"9.3":0.257698483399,"10.0-10.2":2.3283850442},"android":{"2.1":0,"2.2":0,"2.3":0,"3":0,"4":0.0328959708442,"4.1":0.106386969539,"4.2-4.3":0.324060308529,"4.4":0.734210072672,"4.4.3-4.4.4":0.410849678416,"53":null},"op_mob":{"10":0,"11":0,"11.1":0,"11.5":0,"12":0,"12.1":0,"0":0.000415163755459},"ie":{"5.5":null,"6":null,"7":0.00781062576687,"8":0.882600711656,"9":null,"10":0.0234318773006,"11":6.54530439264},"edge":{"12":0.116445,"13":1.793253,"14":2.212455,"15":null},"bb":{"7":0.055925,"10":null},"ie_mob":{"10":0.0363566796117,"11":0.171684320388},"and_ff":{"0":null},"samsung":{"0":2.022248},"and_uc":{"0":0.190145},"op_mini":{"0":0.189729836245},"and_chr":{"0":16.570609}},"total":99.0500536074}