{"id":"MT","name":"Malta","month":"2017-01","access_date":"2017-02-02","data":{"chrome":{"4":null,"5":null,"6":null,"7":null,"8":null,"9":null,"10":null,"11":0.014048,"12":null,"13":null,"14":null,"15":null,"16":null,"17":null,"18":null,"19":null,"20":null,"21":0.007024,"22":0.03512,"23":null,"24":null,"25":null,"26":0.03512,"27":null,"28":null,"29":null,"30":0.007024,"31":0.007024,"32":0.168576,"33":0.007024,"34":0.014048,"35":0.084288,"36":1.130864,"37":0.03512,"38":0.014048,"39":0.42144,"40":0.077264,"41":0.014048,"42":0.021072,"43":0.056192,"44":0.028096,"45":0.049168,"46":0.021072,"47":0.021072,"48":0.03512,"49":2.121248,"50":0.07024,"51":0.379296,"52":0.147504,"53":0.266912,"54":2.872816,"55":41.237904,"56":0.498704,"57":0.049168,"58":null,"59":null},"firefox":{"2":null,"3":null,"3.5":null,"3.6":null,"4":null,"5":null,"6":null,"7":null,"8":null,"9":null,"10":null,"11":null,"12":null,"13":null,"14":null,"15":null,"16":null,"17":null,"18":null,"19":null,"20":null,"21":null,"22":null,"23":null,"24":null,"25":null,"26":0.007024,"27":null,"28":null,"29":0.007024,"30":null,"31":null,"32":null,"33":null,"34":null,"35":0.007024,"36":0.014048,"37":0.014048,"38":0.056192,"39":0.028096,"40":0.042144,"41":0.042144,"42":0.014048,"43":0.077264,"44":0.007024,"45":0.056192,"46":0.042144,"47":0.217744,"48":0.21072,"49":0.337152,"50":5.085376,"51":0.59704,"52":0.014048,"53":null,"54":null},"opera":{"9":null,"9.5-9.6":null,"10.0-10.1":0,"10.5":null,"10.6":null,"11":null,"11.1":null,"11.5":null,"11.6":null,"12":null,"12.1":0.014048,"15":null,"16":null,"17":null,"18":null,"19":null,"20":null,"21":null,"22":null,"23":null,"24":null,"25":null,"26":null,"27":null,"28":null,"29":null,"30":null,"31":null,"32":null,"33":null,"34":null,"35":null,"36":0.028096,"37":null,"38":0.063216,"39":null,"40":0.007024,"41":null,"42":0.365248,"43":null,"44":null},"safari":{"3.1":null,"3.2":null,"4":0,"5":0.014048,"5.1":0.063216,"6":0.007024,"6.1":0.014048,"7":0.014048,"7.1":null,"8":0.1756,"9":0.147504,"9.1":0.639184,"10":2.430304,"10.1":null,"0":null},"ios_saf":{"3.2":0,"4.0-4.1":0,"4.2-4.3":0,"5.0-5.1":0,"6.0-6.1":0.032800495356,"7.0-7.1":0.154162328173,"8":0,"8.1-8.4":0.185322798762,"9.0-9.2":0.0836412631579,"9.3":0.719970873065,"10.0-10.2":6.50515824149},"android":{"2.1":0,"2.2":0,"2.3":0,"3":0,"4":0.0220946631854,"4.1":0.0714550809399,"4.2-4.3":0.217655937337,"4.4":0.493134078329,"4.4.3-4.4.4":0.275948240209,"53":null},"op_mob":{"10":0,"11":0,"11.1":0,"11.5":0,"12":0,"12.1":0,"0":0.00020143231441},"ie":{"5.5":null,"6":null,"7":null,"8":0.252864,"9":0.182624,"10":0.168576,"11":4.024752},"edge":{"12":0.077264,"13":0.681328,"14":2.655072,"15":null},"bb":{"7":0.00744,"10":null},"ie_mob":{"10":0.0691703300971,"11":0.326637669903},"and_ff":{"0":0.017856},"samsung":{"0":3.669408},"and_uc":{"0":0.083328},"op_mini":{"0":0.0920545676856},"and_chr":{"0":16.960976}},"total":98.837664}