{"id":"MU","name":"Mauritius","month":"2017-01","access_date":"2017-02-02","data":{"chrome":{"4":null,"5":null,"6":null,"7":null,"8":null,"9":null,"10":null,"11":0.016221,"12":null,"13":null,"14":null,"15":null,"16":null,"17":null,"18":0.016221,"19":null,"20":0.005407,"21":0.010814,"22":0.086512,"23":0.010814,"24":null,"25":0.010814,"26":0.05407,"27":null,"28":0.010814,"29":0.005407,"30":0.010814,"31":0.081105,"32":0.10814,"33":0.016221,"34":0.097326,"35":0.167617,"36":0.713724,"37":0.010814,"38":0.064884,"39":0.027035,"40":0.016221,"41":0.027035,"42":0.016221,"43":0.10814,"44":0.037849,"45":0.070291,"46":0.043256,"47":0.032442,"48":0.043256,"49":1.0814,"50":0.102733,"51":0.189245,"52":0.210873,"53":0.43256,"54":0.448781,"55":31.885079,"56":0.470409,"57":0.156803,"58":null,"59":null},"firefox":{"2":null,"3":0.010814,"3.5":0.005407,"3.6":0.010814,"4":null,"5":null,"6":null,"7":null,"8":null,"9":0.005407,"10":null,"11":0.005407,"12":0.010814,"13":null,"14":null,"15":0.005407,"16":0.010814,"17":null,"18":0.010814,"19":0.005407,"20":null,"21":null,"22":0.010814,"23":null,"24":0.005407,"25":null,"26":null,"27":0.010814,"28":null,"29":null,"30":0.010814,"31":0.010814,"32":null,"33":0.010814,"34":0.005407,"35":0.010814,"36":0.010814,"37":0.027035,"38":0.043256,"39":0.032442,"40":0.016221,"41":0.016221,"42":0.027035,"43":0.081105,"44":0.05407,"45":0.070291,"46":0.059477,"47":0.21628,"48":0.243315,"49":0.16221,"50":5.899037,"51":0.892155,"52":0.048663,"53":null,"54":null},"opera":{"9":null,"9.5-9.6":null,"10.0-10.1":0,"10.5":null,"10.6":null,"11":null,"11.1":null,"11.5":null,"11.6":0.005407,"12":null,"12.1":0.021628,"15":null,"16":null,"17":null,"18":null,"19":null,"20":null,"21":null,"22":null,"23":null,"24":null,"25":null,"26":null,"27":null,"28":0.016221,"29":0.005407,"30":null,"31":null,"32":null,"33":null,"34":null,"35":null,"36":0.021628,"37":0.016221,"38":0.010814,"39":0.005407,"40":0.010814,"41":0.005407,"42":0.740759,"43":0.005407,"44":null},"safari":{"3.1":null,"3.2":0.005407,"4":0,"5":0.081105,"5.1":0.048663,"6":null,"6.1":0.016221,"7":0.037849,"7.1":0.010814,"8":0.145989,"9":0.140582,"9.1":0.470409,"10":1.140877,"10.1":null,"0":null},"ios_saf":{"3.2":0,"4.0-4.1":0,"4.2-4.3":0,"5.0-5.1":0,"6.0-6.1":0.0131214561759,"7.0-7.1":0.0616708440269,"8":0,"8.1-8.4":0.074136227394,"9.0-9.2":0.0334597132486,"9.3":0.288015963062,"10.0-10.2":2.60231279609},"android":{"2.1":0,"2.2":0,"2.3":0,"3":0,"4":0.0701721657963,"4.1":0.226939770235,"4.2-4.3":0.691270484334,"4.4":1.56618301958,"4.4.3-4.4.4":0.876405560052,"53":null},"op_mob":{"10":0,"11":0,"11.1":0,"11.5":0,"12":0,"12.1":0,"0":0.0132876091703},"ie":{"5.5":null,"6":null,"7":0.0054477306968,"8":0.223356958569,"9":0.125297806026,"10":0.190670574388,"11":2.34797193032},"edge":{"12":0.16221,"13":0.313606,"14":1.200354,"15":null},"bb":{"7":0.0298545,"10":null},"ie_mob":{"10":0.14608415534,"11":0.68984184466},"and_ff":{"0":0.073488},"samsung":{"0":5.5116},"and_uc":{"0":2.356209},"op_mini":{"0":6.07243739083},"and_chr":{"0":24.929184}},"total":98.8114235}