{"id":"MV","name":"Maldives","month":"2017-01","access_date":"2017-02-02","data":{"chrome":{"4":null,"5":null,"6":null,"7":null,"8":null,"9":null,"10":null,"11":0.007212,"12":0.025242,"13":null,"14":null,"15":0.007212,"16":0.007212,"17":0.01803,"18":null,"19":0.007212,"20":0.007212,"21":null,"22":null,"23":0.021636,"24":null,"25":null,"26":0.007212,"27":0.007212,"28":0.003606,"29":0.010818,"30":0.01803,"31":0.032454,"32":0.01803,"33":0.01803,"34":0.01803,"35":0.010818,"36":0.03606,"37":null,"38":0.01803,"39":0.021636,"40":0.01803,"41":0.003606,"42":0.014424,"43":0.086544,"44":0.01803,"45":0.03606,"46":0.028848,"47":0.03606,"48":0.014424,"49":0.382236,"50":0.100968,"51":0.100968,"52":0.093756,"53":0.118998,"54":0.436326,"55":23.049552,"56":0.371418,"57":0.057696,"58":null,"59":null},"firefox":{"2":null,"3":0.007212,"3.5":null,"3.6":0.003606,"4":0.021636,"5":null,"6":0.003606,"7":null,"8":null,"9":null,"10":0.003606,"11":0.007212,"12":0.007212,"13":0.007212,"14":null,"15":0.003606,"16":0.003606,"17":0.003606,"18":0.007212,"19":null,"20":null,"21":0.007212,"22":0.003606,"23":null,"24":0.003606,"25":null,"26":null,"27":null,"28":null,"29":0.010818,"30":0.01803,"31":null,"32":0.003606,"33":0.01803,"34":0.003606,"35":null,"36":0.010818,"37":0.014424,"38":0.025242,"39":0.014424,"40":0.014424,"41":0.010818,"42":0.01803,"43":0.086544,"44":0.176694,"45":0.140634,"46":0.03606,"47":0.241602,"48":0.176694,"49":0.169482,"50":3.76827,"51":1.085406,"52":0.068514,"53":0.007212,"54":null},"opera":{"9":null,"9.5-9.6":null,"10.0-10.1":0,"10.5":null,"10.6":null,"11":null,"11.1":null,"11.5":null,"11.6":null,"12":null,"12.1":0.007212,"15":null,"16":0.007212,"17":null,"18":null,"19":null,"20":0.003606,"21":null,"22":null,"23":null,"24":null,"25":null,"26":null,"27":null,"28":null,"29":null,"30":null,"31":null,"32":null,"33":null,"34":null,"35":0.003606,"36":null,"37":0.010818,"38":null,"39":null,"40":0.028848,"41":null,"42":0.129816,"43":null,"44":null},"safari":{"3.1":null,"3.2":null,"4":0,"5":0.010818,"5.1":0.003606,"6":null,"6.1":0.007212,"7":0.007212,"7.1":0.003606,"8":0.043272,"9":0.057696,"9.1":0.194724,"10":0.82938,"10.1":0.010818,"0":null},"ios_saf":{"3.2":0,"4.0-4.1":0,"4.2-4.3":0,"5.0-5.1":0,"6.0-6.1":0.0455234973844,"7.0-7.1":0.213960437707,"8":0,"8.1-8.4":0.257207760222,"9.0-9.2":0.11608491833,"9.3":0.999240767588,"10.0-10.2":9.02844761877},"android":{"2.1":0,"2.2":0,"2.3":0,"3":0,"4":0.0701056744996,"4.1":0.226724734552,"4.2-4.3":0.690615474326,"4.4":1.56469899043,"4.4.3-4.4.4":0.875575126197,"53":null},"op_mob":{"10":0,"11":0,"11.1":0,"11.5":0,"12":0,"12.1":0,"0":0.0063810371179},"ie":{"5.5":null,"6":null,"7":0.007212,"8":0.086544,"9":0.039666,"10":0.097362,"11":0.674322},"edge":{"12":0.086544,"13":0.100968,"14":0.454356,"15":null},"bb":{"7":0.006395,"10":null},"ie_mob":{"10":0.033527184466,"11":0.158322815534},"and_ff":{"0":0.044765},"samsung":{"0":4.904965},"and_uc":{"0":6.222335},"op_mini":{"0":2.91613396288},"and_chr":{"0":36.355803}},"total":99.145265}