{"id":"MX","name":"Mexico","month":"2017-01","access_date":"2017-02-02","data":{"chrome":{"4":null,"5":null,"6":null,"7":null,"8":null,"9":null,"10":null,"11":0.01551,"12":null,"13":null,"14":null,"15":null,"16":null,"17":null,"18":0.00517,"19":null,"20":null,"21":0.01034,"22":0.0517,"23":null,"24":null,"25":null,"26":0.01551,"27":0.00517,"28":null,"29":0.00517,"30":null,"31":0.01551,"32":0.04136,"33":0.00517,"34":0.03102,"35":0.07755,"36":0.22748,"37":0.01551,"38":0.03619,"39":0.03102,"40":0.02068,"41":0.02585,"42":0.02068,"43":0.07755,"44":0.04653,"45":0.03102,"46":0.06204,"47":0.09306,"48":0.06204,"49":1.7578,"50":0.07755,"51":0.30503,"52":0.18095,"53":0.2585,"54":0.49115,"55":32.48828,"56":0.44979,"57":0.02068,"58":null,"59":null},"firefox":{"2":null,"3":null,"3.5":null,"3.6":0.01034,"4":null,"5":null,"6":null,"7":null,"8":null,"9":null,"10":null,"11":null,"12":null,"13":null,"14":null,"15":null,"16":0.00517,"17":null,"18":null,"19":null,"20":null,"21":null,"22":null,"23":null,"24":null,"25":null,"26":null,"27":null,"28":null,"29":null,"30":null,"31":0.00517,"32":null,"33":0.00517,"34":0.01551,"35":0.01034,"36":0.00517,"37":0.01034,"38":0.03619,"39":0.01551,"40":0.02068,"41":0.01551,"42":0.01551,"43":0.05687,"44":0.01551,"45":0.05687,"46":0.02585,"47":0.14476,"48":0.17578,"49":0.08789,"50":3.57764,"51":0.43428,"52":0.01034,"53":null,"54":null},"opera":{"9":null,"9.5-9.6":null,"10.0-10.1":0,"10.5":null,"10.6":null,"11":null,"11.1":null,"11.5":null,"11.6":null,"12":null,"12.1":0.01551,"15":null,"16":null,"17":null,"18":null,"19":null,"20":null,"21":null,"22":null,"23":null,"24":null,"25":null,"26":null,"27":null,"28":null,"29":null,"30":null,"31":null,"32":null,"33":null,"34":null,"35":null,"36":0.01551,"37":0.01034,"38":0.01551,"39":null,"40":null,"41":0.01034,"42":0.34122,"43":null,"44":null},"safari":{"3.1":null,"3.2":null,"4":0.00517,"5":0.03102,"5.1":0.0517,"6":0.01034,"6.1":0.04653,"7":0.03102,"7.1":0.01034,"8":0.18095,"9":0.19646,"9.1":0.61006,"10":1.74746,"10.1":null,"0":null},"ios_saf":{"3.2":0,"4.0-4.1":0,"4.2-4.3":0,"5.0-5.1":0,"6.0-6.1":0.0336746322195,"7.0-7.1":0.158270771432,"8":0,"8.1-8.4":0.19026167204,"9.0-9.2":0.0858703121597,"9.3":0.739158177218,"10.0-10.2":6.67852143493},"android":{"2.1":0,"2.2":0,"2.3":0,"3":0,"4":0.0684444556136,"4.1":0.221352281984,"4.2-4.3":0.674250701044,"4.4":1.52762199869,"4.4.3-4.4.4":0.854827562663,"53":null},"op_mob":{"10":0,"11":0,"11.1":0,"11.5":0,"12":0,"12.1":0,"0":0.00264646069869},"ie":{"5.5":null,"6":0.00521103174603,"7":0.00521103174603,"8":0.218863333333,"9":0.218863333333,"10":0.224074365079,"11":2.61072690476},"edge":{"12":0.07755,"13":0.21714,"14":1.29767,"15":null},"bb":{"7":0.019316,"10":null},"ie_mob":{"10":0.144307398058,"11":0.681451601942},"and_ff":{"0":0.028974},"samsung":{"0":1.284514},"and_uc":{"0":0.28974},"op_mini":{"0":1.2094325393},"and_chr":{"0":34.10748}},"total":99.019866}