{"id":"MY","name":"Malaysia","month":"2017-01","access_date":"2017-02-02","data":{"chrome":{"4":null,"5":null,"6":null,"7":null,"8":null,"9":null,"10":0.020585,"11":0.024702,"12":0.008234,"13":null,"14":0.004117,"15":0.004117,"16":null,"17":null,"18":0.008234,"19":0.012351,"20":0.008234,"21":0.008234,"22":0.016468,"23":0.008234,"24":0.008234,"25":0.008234,"26":0.012351,"27":0.008234,"28":0.008234,"29":0.012351,"30":0.020585,"31":0.086457,"32":0.065872,"33":0.057638,"34":0.016468,"35":0.04117,"36":0.259371,"37":0.016468,"38":0.037053,"39":0.037053,"40":0.016468,"41":0.028819,"42":0.024702,"43":0.08234,"44":0.065872,"45":0.094691,"46":0.098808,"47":0.069989,"48":0.065872,"49":1.502705,"50":0.119393,"51":0.337594,"52":0.251137,"53":0.354062,"54":0.539327,"55":25.19604,"56":0.304658,"57":0.193499,"58":null,"59":null},"firefox":{"2":null,"3":0.016468,"3.5":null,"3.6":0.012351,"4":0.004117,"5":null,"6":null,"7":null,"8":null,"9":null,"10":null,"11":0.008234,"12":0.012351,"13":0.008234,"14":null,"15":null,"16":0.012351,"17":0.004117,"18":null,"19":0.004117,"20":0.004117,"21":0.008234,"22":0.008234,"23":0.004117,"24":null,"25":0.004117,"26":null,"27":0.012351,"28":0.004117,"29":0.012351,"30":0.008234,"31":0.012351,"32":0.008234,"33":0.008234,"34":0.008234,"35":0.012351,"36":0.024702,"37":0.020585,"38":0.037053,"39":0.028819,"40":0.028819,"41":0.020585,"42":0.020585,"43":0.090574,"44":0.061755,"45":0.094691,"46":0.045287,"47":0.193499,"48":0.168797,"49":0.115276,"50":3.660013,"51":0.506391,"52":0.032936,"53":null,"54":null},"opera":{"9":null,"9.5-9.6":null,"10.0-10.1":0,"10.5":null,"10.6":null,"11":null,"11.1":null,"11.5":null,"11.6":null,"12":null,"12.1":0.008234,"15":null,"16":null,"17":null,"18":null,"19":null,"20":null,"21":null,"22":null,"23":null,"24":null,"25":null,"26":null,"27":null,"28":0.012351,"29":null,"30":null,"31":null,"32":null,"33":null,"34":null,"35":null,"36":0.008234,"37":0.020585,"38":0.012351,"39":null,"40":null,"41":0.004117,"42":0.201733,"43":null,"44":null},"safari":{"3.1":null,"3.2":null,"4":0,"5":0.012351,"5.1":0.028819,"6":0.012351,"6.1":0.024702,"7":0.024702,"7.1":0.008234,"8":0.111159,"9":0.094691,"9.1":0.296424,"10":0.778113,"10.1":null,"0":null},"ios_saf":{"3.2":0,"4.0-4.1":0,"4.2-4.3":0,"5.0-5.1":0,"6.0-6.1":0.0297497854169,"7.0-7.1":0.139823991459,"8":0,"8.1-8.4":0.168086287605,"9.0-9.2":0.0758619528131,"9.3":0.653007789901,"10.0-10.2":5.9001261928},"android":{"2.1":0,"2.2":0,"2.3":0,"3":0,"4":0.101449070496,"4.1":0.328090610966,"4.2-4.3":0.99938126893,"4.4":2.26425691384,"4.4.3-4.4.4":1.26703413577,"53":null},"op_mob":{"10":0,"11":0,"11.1":0,"11.5":0,"12":0,"12.1":0,"0":0.00777253275109},"ie":{"5.5":null,"6":0.020925952381,"7":0.0125555714286,"8":0.251111428571,"9":0.167407619048,"10":0.129740904762,"11":1.43970552381},"edge":{"12":0.020585,"13":0.08234,"14":0.419934,"15":null},"bb":{"7":0.017652,"10":null},"ie_mob":{"10":0.0267350679612,"11":0.126248932039},"and_ff":{"0":0.02942},"samsung":{"0":3.665732},"and_uc":{"0":7.978704},"op_mini":{"0":3.55204746725},"and_chr":{"0":31.765607}},"total":98.813486}