{"id":"NA","name":"Namibia","month":"2017-01","access_date":"2017-02-02","data":{"chrome":{"4":null,"5":null,"6":0.003158,"7":null,"8":null,"9":null,"10":null,"11":0.025264,"12":0.003158,"13":null,"14":null,"15":null,"16":null,"17":null,"18":0.006316,"19":null,"20":0.006316,"21":null,"22":null,"23":0.012632,"24":null,"25":null,"26":0.006316,"27":0.003158,"28":null,"29":0.003158,"30":null,"31":0.025264,"32":0.202112,"33":0.009474,"34":0.009474,"35":0.009474,"36":1.149512,"37":0.012632,"38":0.018948,"39":0.012632,"40":0.053686,"41":0.006316,"42":0.003158,"43":0.195796,"44":0.088424,"45":0.082108,"46":0.028422,"47":0.454752,"48":0.018948,"49":0.413698,"50":0.072634,"51":0.113688,"52":0.148426,"53":0.22106,"54":0.344222,"55":11.76355,"56":0.25264,"57":0.04737,"58":null,"59":null},"firefox":{"2":0.01579,"3":0.006316,"3.5":null,"3.6":0.009474,"4":0.006316,"5":null,"6":null,"7":0.006316,"8":null,"9":null,"10":null,"11":0.018948,"12":0.006316,"13":null,"14":0.006316,"15":0.009474,"16":0.003158,"17":null,"18":null,"19":null,"20":0.012632,"21":0.003158,"22":0.006316,"23":null,"24":null,"25":null,"26":null,"27":null,"28":null,"29":0.006316,"30":null,"31":0.018948,"32":0.012632,"33":0.006316,"34":0.003158,"35":0.044212,"36":0.006316,"37":0.01579,"38":0.018948,"39":0.018948,"40":0.009474,"41":0.041054,"42":0.009474,"43":0.050528,"44":0.037896,"45":0.037896,"46":0.012632,"47":0.195796,"48":0.104214,"49":0.132636,"50":3.45801,"51":0.555808,"52":0.034738,"53":0.009474,"54":null},"opera":{"9":null,"9.5-9.6":null,"10.0-10.1":0,"10.5":null,"10.6":null,"11":null,"11.1":null,"11.5":null,"11.6":0.009474,"12":null,"12.1":0.075792,"15":null,"16":null,"17":null,"18":null,"19":null,"20":null,"21":null,"22":null,"23":null,"24":null,"25":null,"26":null,"27":null,"28":null,"29":null,"30":null,"31":null,"32":null,"33":null,"34":0.006316,"35":null,"36":0.009474,"37":0.037896,"38":0.012632,"39":0.009474,"40":0.012632,"41":0.034738,"42":0.713708,"43":null,"44":null},"safari":{"3.1":null,"3.2":null,"4":0,"5":0.009474,"5.1":0.060002,"6":null,"6.1":0.006316,"7":0.009474,"7.1":0.009474,"8":0.066318,"9":0.154742,"9.1":0.233692,"10":0.609494,"10.1":null,"0":null},"ios_saf":{"3.2":0,"4.0-4.1":0,"4.2-4.3":0,"5.0-5.1":0,"6.0-6.1":0.0132920038433,"7.0-7.1":0.0624724180634,"8":0,"8.1-8.4":0.0750998217145,"9.0-9.2":0.0338946098004,"9.3":0.29175948436,"10.0-10.2":2.63613666222},"android":{"2.1":0,"2.2":0,"2.3":0,"3":0,"4":0.1054966745,"4.1":0.341180734552,"4.2-4.3":1.03925447433,"4.4":2.35459599043,"4.4.3-4.4.4":1.3175861262,"53":null},"op_mob":{"10":0,"11":0,"11.1":0,"11.5":0,"12":0,"12.1":0,"0":0.0540409126638},"ie":{"5.5":null,"6":null,"7":0.0264056676385,"8":0.580924688047,"9":0.270658093294,"10":0.336672262391,"11":3.31391128863},"edge":{"12":0.325274,"13":0.44212,"14":1.076878,"15":null},"bb":{"7":0.1812865,"10":null},"ie_mob":{"10":0.260622174757,"11":1.23071582524},"and_ff":{"0":0.020523},"samsung":{"0":7.696125},"and_uc":{"0":5.992716},"op_mini":{"0":24.6966970873},"and_chr":{"0":20.095471}},"total":97.7325725}