{"id":"NC","name":"New Caledonia","month":"2017-01","access_date":"2017-02-02","data":{"chrome":{"4":null,"5":null,"6":null,"7":null,"8":null,"9":null,"10":null,"11":null,"12":0.006497,"13":null,"14":null,"15":null,"16":null,"17":null,"18":null,"19":null,"20":0.051976,"21":null,"22":0.012994,"23":null,"24":null,"25":0.032485,"26":null,"27":null,"28":null,"29":null,"30":null,"31":0.006497,"32":0.220898,"33":null,"34":null,"35":0.051976,"36":0.84461,"37":null,"38":0.071467,"39":0.006497,"40":0.032485,"41":0.012994,"42":null,"43":0.077964,"44":0.012994,"45":0.038982,"46":0.012994,"47":0.045479,"48":0.071467,"49":1.663232,"50":0.012994,"51":0.058473,"52":0.116946,"53":0.168922,"54":0.623712,"55":29.314464,"56":0.922574,"57":0.051976,"58":null,"59":null},"firefox":{"2":null,"3":null,"3.5":null,"3.6":0.006497,"4":null,"5":null,"6":null,"7":null,"8":null,"9":null,"10":null,"11":null,"12":null,"13":null,"14":0.025988,"15":null,"16":0.006497,"17":0.032485,"18":null,"19":null,"20":0.006497,"21":null,"22":null,"23":null,"24":0.006497,"25":0.012994,"26":0.038982,"27":null,"28":null,"29":null,"30":null,"31":null,"32":null,"33":null,"34":0.019491,"35":0.012994,"36":0.025988,"37":0.045479,"38":0.051976,"39":0.045479,"40":0.006497,"41":0.240389,"42":0.038982,"43":0.12994,"44":0.071467,"45":0.877095,"46":0.019491,"47":0.168922,"48":0.545748,"49":0.149431,"50":9.933913,"51":1.208442,"52":null,"53":null,"54":null},"opera":{"9":null,"9.5-9.6":null,"10.0-10.1":0,"10.5":null,"10.6":null,"11":null,"11.1":null,"11.5":null,"11.6":null,"12":null,"12.1":0.032485,"15":null,"16":null,"17":null,"18":null,"19":null,"20":null,"21":null,"22":null,"23":null,"24":null,"25":null,"26":null,"27":null,"28":null,"29":null,"30":null,"31":null,"32":null,"33":null,"34":null,"35":null,"36":0.006497,"37":0.012994,"38":null,"39":null,"40":null,"41":null,"42":0.285868,"43":null,"44":null},"safari":{"3.1":null,"3.2":null,"4":0.006497,"5":0.077964,"5.1":0.19491,"6":0.006497,"6.1":0.181916,"7":0.019491,"7.1":0.012994,"8":0.363832,"9":0.19491,"9.1":1.007035,"10":3.345955,"10.1":null,"0":null},"ios_saf":{"3.2":0,"4.0-4.1":0,"4.2-4.3":0,"5.0-5.1":0,"6.0-6.1":0.040179600726,"7.0-7.1":0.188844123412,"8":0,"8.1-8.4":0.227014744102,"9.0-9.2":0.102457981851,"9.3":0.881942235935,"10.0-10.2":7.96861931397},"android":{"2.1":0,"2.2":0,"2.3":0,"3":0,"4":0.0510114847694,"4.1":0.164973312446,"4.2-4.3":0.502517392515,"4.4":1.13853292602,"4.4.3-4.4.4":0.637100884247,"53":null},"op_mob":{"10":0,"11":0,"11.1":0,"11.5":0,"12":0,"12.1":0,"0":0.000252399563319},"ie":{"5.5":null,"6":null,"7":0.006497,"8":0.630209,"9":0.12994,"10":0.207904,"11":5.041672},"edge":{"12":0.110449,"13":0.311856,"14":3.014608,"15":null},"bb":{"7":0.017515,"10":null},"ie_mob":{"10":0.0655026990291,"11":0.309318300971},"and_ff":{"0":0.080569},"samsung":{"0":4.511864},"and_uc":{"0":0.224192},"op_mini":{"0":0.115346600437},"and_chr":{"0":18.023502}},"total":98.726946}