{"id":"NE","name":"Niger","month":"2017-01","access_date":"2017-02-02","data":{"chrome":{"4":null,"5":0.000882,"6":null,"7":null,"8":null,"9":0.002646,"10":null,"11":0.025578,"12":0.001764,"13":null,"14":0.000882,"15":null,"16":0.012348,"17":null,"18":0.007938,"19":0.010584,"20":0.000882,"21":0.003528,"22":null,"23":null,"24":null,"25":0.000882,"26":0.00441,"27":null,"28":0.001764,"29":0.000882,"30":0.018522,"31":0.064386,"32":0.151704,"33":0.005292,"34":null,"35":null,"36":0.157878,"37":0.000882,"38":0.00441,"39":0.002646,"40":0.012348,"41":0.005292,"42":0.000882,"43":0.01764,"44":0.006174,"45":0.213444,"46":0.003528,"47":0.007056,"48":0.034398,"49":0.064386,"50":0.13671,"51":0.040572,"52":0.056448,"53":0.040572,"54":0.075852,"55":1.51704,"56":0.046746,"57":0.001764,"58":null,"59":null},"firefox":{"2":0.000882,"3":0.11907,"3.5":0.01323,"3.6":0.01323,"4":0.00441,"5":0.001764,"6":0.001764,"7":0.002646,"8":0.000882,"9":0.006174,"10":0.00441,"11":0.029988,"12":0.025578,"13":0.002646,"14":0.014112,"15":0.032634,"16":0.012348,"17":0.043218,"18":0.005292,"19":0.00441,"20":0.002646,"21":0.005292,"22":0.007938,"23":0.001764,"24":0.007056,"25":0.009702,"26":0.006174,"27":0.00882,"28":0.007056,"29":0.006174,"30":0.012348,"31":0.009702,"32":0.012348,"33":0.016758,"34":0.014994,"35":0.003528,"36":0.024696,"37":0.028224,"38":0.033516,"39":0.03087,"40":0.016758,"41":0.014994,"42":0.014112,"43":0.053802,"44":0.037044,"45":0.031752,"46":0.015876,"47":0.18963,"48":0.086436,"49":0.097902,"50":1.564668,"51":0.14553,"52":0.007938,"53":0.000882,"54":null},"opera":{"9":null,"9.5-9.6":null,"10.0-10.1":0,"10.5":null,"10.6":0.003528,"11":null,"11.1":null,"11.5":null,"11.6":0.006174,"12":0.003528,"12.1":0.001764,"15":null,"16":null,"17":0.001764,"18":null,"19":0.014994,"20":null,"21":null,"22":null,"23":null,"24":null,"25":null,"26":null,"27":null,"28":null,"29":0.003528,"30":0.000882,"31":null,"32":0.000882,"33":null,"34":0.001764,"35":0.003528,"36":0.01323,"37":0.084672,"38":0.005292,"39":0.007938,"40":0.005292,"41":0.014112,"42":0.155232,"43":0.003528,"44":null},"safari":{"3.1":null,"3.2":null,"4":0,"5":null,"5.1":0.012348,"6":null,"6.1":0.003528,"7":0.002646,"7.1":0.006174,"8":0.014112,"9":0.005292,"9.1":0.010584,"10":0.049392,"10.1":null,"0":null},"ios_saf":{"3.2":0,"4.0-4.1":0,"4.2-4.3":0,"5.0-5.1":0,"6.0-6.1":0.00432197288353,"7.0-7.1":0.0203132725526,"8":0,"8.1-8.4":0.0244191467919,"9.0-9.2":0.011021030853,"9.3":0.0948673047934,"10.0-10.2":0.857155272126},"android":{"2.1":0,"2.2":0,"2.3":0,"3":0,"4":0.153664884247,"4.1":0.496958774587,"4.2-4.3":1.51376258312,"4.4":3.42966943777,"4.4.3-4.4.4":1.91917632028,"53":null},"op_mob":{"10":0,"11":0,"11.1":0,"11.5":0,"12":0,"12.1":0,"0":0.0725259257642},"ie":{"5.5":null,"6":null,"7":0.00457258064516,"8":0.154553225806,"9":0.0411532258065,"10":0.123459677419,"11":0.668511290323},"edge":{"12":0.067914,"13":0.077616,"14":0.07056,"15":null},"bb":{"7":0.0433105,"10":null},"ie_mob":{"10":0.127474951456,"11":0.601965048544},"and_ff":{"0":0.583552},"samsung":{"0":0.966508},"and_uc":{"0":16.302984},"op_mini":{"0":33.1443480742},"and_chr":{"0":31.543616}},"total":99.1828225}