{"id":"NF","name":"Norfolk Island","month":"2017-01","access_date":"2017-02-02","data":{"chrome":{"4":null,"5":null,"6":null,"7":null,"8":null,"9":null,"10":null,"11":null,"12":null,"13":null,"14":null,"15":null,"16":null,"17":null,"18":null,"19":null,"20":null,"21":null,"22":null,"23":null,"24":null,"25":null,"26":null,"27":0.313565,"28":null,"29":null,"30":null,"31":null,"32":null,"33":0.474827,"34":null,"35":null,"36":null,"37":null,"38":null,"39":null,"40":null,"41":1.890349,"42":null,"43":0.161262,"44":null,"45":null,"46":null,"47":null,"48":1.415522,"49":null,"50":null,"51":0.313565,"52":10.410358,"53":1.738046,"54":7.731617,"55":11.673577,"56":null,"57":null,"58":null,"59":null},"firefox":{"2":null,"3":null,"3.5":null,"3.6":null,"4":null,"5":null,"6":null,"7":null,"8":null,"9":null,"10":null,"11":null,"12":null,"13":null,"14":null,"15":null,"16":null,"17":null,"18":null,"19":null,"20":null,"21":0.474827,"22":null,"23":null,"24":null,"25":null,"26":null,"27":null,"28":null,"29":null,"30":null,"31":null,"32":null,"33":null,"34":null,"35":null,"36":null,"37":0.788392,"38":null,"39":null,"40":null,"41":0.161262,"42":null,"43":null,"44":null,"45":null,"46":null,"47":1.738046,"48":1.415522,"49":5.205179,"50":23.813022,"51":null,"52":null,"53":null,"54":null},"opera":{"9":null,"9.5-9.6":null,"10.0-10.1":0,"10.5":null,"10.6":null,"11":null,"11.1":null,"11.5":null,"11.6":null,"12":null,"12.1":null,"15":null,"16":null,"17":null,"18":null,"19":null,"20":null,"21":null,"22":null,"23":null,"24":null,"25":null,"26":null,"27":null,"28":0.161262,"29":null,"30":null,"31":null,"32":null,"33":null,"34":null,"35":null,"36":null,"37":null,"38":null,"39":null,"40":null,"41":null,"42":null,"43":null,"44":null},"safari":{"3.1":null,"3.2":null,"4":0,"5":null,"5.1":null,"6":null,"6.1":null,"7":null,"7.1":null,"8":null,"9":null,"9.1":null,"10":0.161262,"10.1":null,"0":null},"ios_saf":{"3.2":0,"4.0-4.1":0,"4.2-4.3":0,"5.0-5.1":0,"6.0-6.1":0.00610352514145,"7.0-7.1":0.0286865681648,"8":0,"8.1-8.4":0.0344849170492,"9.0-9.2":0.0155639891107,"9.3":0.133972376855,"10.0-10.2":1.21048162368},"android":{"2.1":0,"2.2":0,"2.3":0,"3":0,"4":0,"4.1":0,"4.2-4.3":0,"4.4":0,"4.4.3-4.4.4":0,"53":null},"op_mob":{"10":0,"11":0,"11.1":0,"11.5":0,"12":0,"12.1":0,"0":0.000445493449782},"ie":{"5.5":null,"6":0.232291473613,"7":0.903355730717,"8":4.99426668268,"9":2.72297227402,"10":2.72297227402,"11":7.49785256495},"edge":{"12":null,"13":null,"14":null,"15":null},"bb":{"7":0,"10":null},"ie_mob":{"10":0.0713135533981,"11":0.336758446602},"and_ff":{"0":0.204036},"samsung":{"0":0.612108},"and_uc":{"0":0.204036},"op_mini":{"0":0.20359050655},"and_chr":{"0":7.348419}},"total":99.525173}