{"id":"NG","name":"Nigeria","month":"2017-01","access_date":"2017-02-02","data":{"chrome":{"4":null,"5":null,"6":null,"7":null,"8":null,"9":0.00391,"10":null,"11":0.021505,"12":null,"13":null,"14":null,"15":0.025415,"16":0.001955,"17":null,"18":null,"19":0.005865,"20":0.00391,"21":0.01564,"22":0.017595,"23":0.048875,"24":0.00391,"25":0.005865,"26":0.02346,"27":0.009775,"28":0.01564,"29":0.01564,"30":0.01173,"31":0.07038,"32":0.021505,"33":0.021505,"34":0.00391,"35":0.001955,"36":0.01564,"37":0.00391,"38":0.00782,"39":0.00782,"40":0.00782,"41":0.00391,"42":0.00782,"43":0.05474,"44":0.00782,"45":0.021505,"46":0.017595,"47":0.029325,"48":0.021505,"49":0.16031,"50":0.044965,"51":0.08993,"52":0.10948,"53":0.17595,"54":0.21505,"55":6.50233,"56":0.16813,"57":0.04301,"58":null,"59":null},"firefox":{"2":null,"3":0.037145,"3.5":0.001955,"3.6":0.021505,"4":0.017595,"5":0.001955,"6":0.001955,"7":0.025415,"8":0.00391,"9":0.00391,"10":0.01564,"11":0.01955,"12":0.01564,"13":0.037145,"14":0.005865,"15":0.06647,"16":0.01173,"17":0.005865,"18":0.009775,"19":0.02737,"20":0.00782,"21":0.009775,"22":0.009775,"23":0.00391,"24":0.00391,"25":0.005865,"26":0.005865,"27":0.00782,"28":0.005865,"29":0.029325,"30":0.02346,"31":0.013685,"32":0.01173,"33":0.013685,"34":0.021505,"35":0.029325,"36":0.021505,"37":0.02346,"38":0.04692,"39":0.029325,"40":0.04301,"41":0.052785,"42":0.044965,"43":0.23851,"44":0.279565,"45":0.1173,"46":0.10166,"47":0.4301,"48":0.23851,"49":0.44183,"50":3.27658,"51":0.772225,"52":0.08602,"53":0.001955,"54":null},"opera":{"9":null,"9.5-9.6":0.005865,"10.0-10.1":0,"10.5":null,"10.6":null,"11":null,"11.1":null,"11.5":0.005865,"11.6":0.00391,"12":0.01173,"12.1":0.021505,"15":0.001955,"16":null,"17":null,"18":0.00391,"19":0.00391,"20":0.00391,"21":null,"22":null,"23":null,"24":null,"25":null,"26":null,"27":null,"28":0.00391,"29":0.005865,"30":0.009775,"31":0.001955,"32":0.005865,"33":0.01173,"34":0.009775,"35":0.013685,"36":0.00782,"37":0.091885,"38":0.00782,"39":0.009775,"40":0.00782,"41":0.021505,"42":0.36363,"43":0.00391,"44":null},"safari":{"3.1":null,"3.2":null,"4":0.00391,"5":null,"5.1":0.00782,"6":null,"6.1":0.00391,"7":0.00391,"7.1":0.07038,"8":0.02737,"9":0.01564,"9.1":0.04692,"10":0.14858,"10.1":null,"0":null},"ios_saf":{"3.2":0,"4.0-4.1":0,"4.2-4.3":0,"5.0-5.1":0,"6.0-6.1":0.00659609266574,"7.0-7.1":0.031001635529,"8":0,"8.1-8.4":0.0372679235614,"9.0-9.2":0.0168200362976,"9.3":0.144784234013,"10.0-10.2":1.30817007793},"android":{"2.1":0,"2.2":0,"2.3":0,"3":0,"4":0.0491977306353,"4.1":0.159107554395,"4.2-4.3":0.484649984769,"4.4":1.09805147737,"4.4.3-4.4.4":0.614448252829,"53":null},"op_mob":{"10":0,"11":0,"11.1":0,"11.5":0,"12":0,"12.1":0,"0":0.101563733624},"ie":{"5.5":null,"6":0.0041252293578,"7":0.0020626146789,"8":0.162946559633,"9":0.0495027522936,"10":0.109318577982,"11":0.571344266055},"edge":{"12":0.080155,"13":0.072335,"14":0.158355,"15":null},"bb":{"7":0.75824125,"10":null},"ie_mob":{"10":0.255877864078,"11":1.20831213592},"and_ff":{"0":0.152855},"samsung":{"0":0.94931},"and_uc":{"0":9.839035},"op_mini":{"0":46.4146262664},"and_chr":{"0":15.10766}},"total":95.76171625}