{"id":"NI","name":"Nicaragua","month":"2017-01","access_date":"2017-02-02","data":{"chrome":{"4":null,"5":null,"6":null,"7":null,"8":null,"9":null,"10":null,"11":0.043227,"12":null,"13":null,"14":null,"15":null,"16":null,"17":null,"18":0.024015,"19":null,"20":null,"21":0.014409,"22":0.009606,"23":0.004803,"24":null,"25":0.004803,"26":0.04803,"27":0.004803,"28":null,"29":0.019212,"30":0.014409,"31":0.043227,"32":0.024015,"33":0.009606,"34":0.019212,"35":0.019212,"36":0.072045,"37":0.014409,"38":0.033621,"39":0.033621,"40":0.033621,"41":0.019212,"42":0.019212,"43":0.105666,"44":0.038424,"45":0.062439,"46":0.052833,"47":0.081651,"48":0.057636,"49":0.989418,"50":0.067242,"51":0.312195,"52":0.172908,"53":0.350619,"54":0.994221,"55":31.469256,"56":0.494709,"57":0.019212,"58":null,"59":null},"firefox":{"2":null,"3":0.014409,"3.5":null,"3.6":0.004803,"4":null,"5":null,"6":null,"7":null,"8":null,"9":null,"10":null,"11":null,"12":null,"13":null,"14":0.004803,"15":null,"16":null,"17":null,"18":null,"19":null,"20":null,"21":0.009606,"22":0.009606,"23":null,"24":null,"25":0.004803,"26":null,"27":null,"28":null,"29":0.009606,"30":0.009606,"31":0.009606,"32":0.014409,"33":0.019212,"34":0.004803,"35":0.014409,"36":0.014409,"37":0.019212,"38":0.043227,"39":0.043227,"40":0.028818,"41":0.028818,"42":0.038424,"43":0.120075,"44":0.019212,"45":0.057636,"46":0.052833,"47":0.235347,"48":0.19212,"49":0.148893,"50":3.904839,"51":0.552345,"52":0.019212,"53":null,"54":null},"opera":{"9":null,"9.5-9.6":null,"10.0-10.1":0,"10.5":null,"10.6":null,"11":null,"11.1":null,"11.5":null,"11.6":null,"12":null,"12.1":null,"15":null,"16":null,"17":null,"18":null,"19":null,"20":null,"21":null,"22":null,"23":null,"24":null,"25":null,"26":null,"27":0.004803,"28":0.009606,"29":0.052833,"30":null,"31":null,"32":0.009606,"33":0.038424,"34":null,"35":null,"36":0.009606,"37":0.043227,"38":0.019212,"39":null,"40":null,"41":0.014409,"42":0.365028,"43":null,"44":null},"safari":{"3.1":null,"3.2":null,"4":0.009606,"5":0.004803,"5.1":0.024015,"6":null,"6.1":0.033621,"7":null,"7.1":0.014409,"8":0.052833,"9":0.086454,"9.1":0.316998,"10":0.614784,"10.1":null,"0":null},"ios_saf":{"3.2":0,"4.0-4.1":0,"4.2-4.3":0,"5.0-5.1":0,"6.0-6.1":0.0116090701399,"7.0-7.1":0.0545626296573,"8":0,"8.1-8.4":0.0655912462902,"9.0-9.2":0.0296031288566,"9.3":0.25481908957,"10.0-10.2":2.30236883549},"android":{"2.1":0,"2.2":0,"2.3":0,"3":0,"4":0.132996869452,"4.1":0.430117535248,"4.2-4.3":1.31016065013,"4.4":2.96837693734,"4.4.3-4.4.4":1.66104600783,"53":null},"op_mob":{"10":0,"11":0,"11.1":0,"11.5":0,"12":0,"12.1":0,"0":0.010929419214},"ie":{"5.5":null,"6":null,"7":null,"8":0.274519519481,"9":0.167761928571,"10":0.13725975974,"11":0.986236792208},"edge":{"12":0.105666,"13":0.129681,"14":0.403452,"15":null},"bb":{"7":0.031188,"10":null},"ie_mob":{"10":0.18803638835,"11":0.88794961165},"and_ff":{"0":0.02599},"samsung":{"0":3.877708},"and_uc":{"0":2.032418},"op_mini":{"0":4.99474458079},"and_chr":{"0":32.341665}},"total":98.985822}