{"id":"NL","name":"Netherlands","month":"2017-01","access_date":"2017-02-02","data":{"chrome":{"4":null,"5":null,"6":null,"7":null,"8":null,"9":null,"10":null,"11":0.010254,"12":null,"13":null,"14":null,"15":null,"16":null,"17":null,"18":0.010254,"19":null,"20":null,"21":null,"22":0.010254,"23":0.005127,"24":0.010254,"25":null,"26":null,"27":null,"28":null,"29":0.005127,"30":null,"31":0.015381,"32":0.015381,"33":0.010254,"34":0.015381,"35":0.030762,"36":0.05127,"37":0.025635,"38":0.030762,"39":0.041016,"40":0.015381,"41":0.046143,"42":0.035889,"43":0.066651,"44":0.035889,"45":0.035889,"46":0.035889,"47":0.041016,"48":0.174318,"49":0.810066,"50":0.10254,"51":0.425541,"52":0.112794,"53":0.15381,"54":0.446049,"55":23.322723,"56":0.343509,"57":0.030762,"58":null,"59":null},"firefox":{"2":null,"3":null,"3.5":null,"3.6":0.005127,"4":null,"5":null,"6":null,"7":null,"8":null,"9":null,"10":null,"11":null,"12":null,"13":null,"14":null,"15":null,"16":0.005127,"17":null,"18":null,"19":null,"20":0.005127,"21":null,"22":null,"23":null,"24":0.005127,"25":null,"26":null,"27":null,"28":null,"29":0.005127,"30":0.010254,"31":0.020508,"32":0.010254,"33":0.005127,"34":0.005127,"35":0.015381,"36":0.015381,"37":0.010254,"38":0.056397,"39":0.020508,"40":0.015381,"41":0.020508,"42":0.030762,"43":0.061524,"44":0.041016,"45":0.333255,"46":0.056397,"47":0.235842,"48":0.240969,"49":0.107667,"50":5.009079,"51":0.620367,"52":0.010254,"53":null,"54":null},"opera":{"9":null,"9.5-9.6":null,"10.0-10.1":0,"10.5":null,"10.6":null,"11":null,"11.1":null,"11.5":null,"11.6":null,"12":null,"12.1":0.020508,"15":null,"16":null,"17":null,"18":null,"19":null,"20":null,"21":null,"22":null,"23":null,"24":null,"25":null,"26":null,"27":null,"28":0.005127,"29":null,"30":null,"31":null,"32":null,"33":null,"34":null,"35":null,"36":0.015381,"37":null,"38":0.046143,"39":null,"40":null,"41":0.025635,"42":0.856209,"43":0.041016,"44":0.035889},"safari":{"3.1":null,"3.2":null,"4":0.005127,"5":0.030762,"5.1":0.082032,"6":0.005127,"6.1":0.056397,"7":0.025635,"7.1":0.010254,"8":0.143556,"9":0.174318,"9.1":0.753669,"10":3.055692,"10.1":null,"0":null},"ios_saf":{"3.2":0,"4.0-4.1":0,"4.2-4.3":0,"5.0-5.1":0,"6.0-6.1":0.087294694139,"7.0-7.1":0.410285062453,"8":0,"8.1-8.4":0.493215021885,"9.0-9.2":0.222601470054,"9.3":1.91611853635,"10.0-10.2":17.3127202151},"android":{"2.1":0,"2.2":0,"2.3":0,"3":0,"4":0.0234213598782,"4.1":0.0757456744996,"4.2-4.3":0.23072531114,"4.4":0.522744819408,"4.4.3-4.4.4":0.292517835074,"53":null},"op_mob":{"10":0,"11":0,"11.1":0,"11.5":0,"12":0,"12.1":0,"0":0.000542626637555},"ie":{"5.5":null,"6":0.0103021408451,"7":0.0103021408451,"8":0.123625690141,"9":0.231798169014,"10":0.164834253521,"11":7.13938360563},"edge":{"12":0.066651,"13":0.292239,"14":3.460725,"15":null},"bb":{"7":0.00609125,"10":null},"ie_mob":{"10":0.0451343883495,"11":0.21313461165},"and_ff":{"0":0.04873},"samsung":{"0":5.696537},"and_uc":{"0":0.833283},"op_mini":{"0":0.247980373362},"and_chr":{"0":19.91692}},"total":98.98389925}