{"id":"NO","name":"Norway","month":"2017-01","access_date":"2017-02-02","data":{"chrome":{"4":null,"5":null,"6":null,"7":null,"8":0.013224,"9":null,"10":null,"11":null,"12":null,"13":null,"14":null,"15":null,"16":null,"17":null,"18":null,"19":null,"20":null,"21":null,"22":0.006612,"23":null,"24":null,"25":null,"26":null,"27":0.006612,"28":null,"29":0.013224,"30":null,"31":0.019836,"32":0.013224,"33":null,"34":0.026448,"35":0.03306,"36":0.06612,"37":0.019836,"38":0.03306,"39":0.03306,"40":0.019836,"41":0.06612,"42":0.006612,"43":0.039672,"44":0.046284,"45":0.046284,"46":0.059508,"47":0.079344,"48":0.052896,"49":0.753768,"50":0.059508,"51":0.26448,"52":0.13224,"53":0.357048,"54":1.005024,"55":30.223452,"56":0.416556,"57":0.046284,"58":null,"59":null},"firefox":{"2":null,"3":null,"3.5":null,"3.6":0.03306,"4":null,"5":null,"6":null,"7":null,"8":null,"9":null,"10":null,"11":null,"12":null,"13":null,"14":null,"15":null,"16":null,"17":null,"18":null,"19":null,"20":null,"21":0.03306,"22":null,"23":null,"24":null,"25":null,"26":null,"27":null,"28":null,"29":0.006612,"30":0.006612,"31":0.013224,"32":null,"33":null,"34":null,"35":0.006612,"36":null,"37":0.079344,"38":0.039672,"39":0.013224,"40":0.013224,"41":0.013224,"42":0.013224,"43":0.026448,"44":0.019836,"45":0.178524,"46":0.03306,"47":0.09918,"48":0.185136,"49":0.125628,"50":5.1243,"51":0.555408,"52":0.006612,"53":null,"54":null},"opera":{"9":null,"9.5-9.6":null,"10.0-10.1":0,"10.5":0.013224,"10.6":null,"11":null,"11.1":null,"11.5":null,"11.6":null,"12":null,"12.1":0.568632,"15":null,"16":null,"17":null,"18":null,"19":null,"20":null,"21":null,"22":null,"23":null,"24":null,"25":null,"26":null,"27":null,"28":0.039672,"29":null,"30":null,"31":null,"32":null,"33":null,"34":null,"35":null,"36":0.026448,"37":0.006612,"38":0.019836,"39":null,"40":null,"41":0.013224,"42":1.12404,"43":null,"44":null},"safari":{"3.1":null,"3.2":null,"4":0,"5":0.019836,"5.1":0.072732,"6":null,"6.1":0.06612,"7":0.039672,"7.1":0.013224,"8":0.304152,"9":0.284316,"9.1":1.533984,"10":4.225068,"10.1":null,"0":null},"ios_saf":{"3.2":0,"4.0-4.1":0,"4.2-4.3":0,"5.0-5.1":0,"6.0-6.1":0.0716012042276,"7.0-7.1":0.33652565987,"8":0,"8.1-8.4":0.404546803886,"9.0-9.2":0.18258307078,"9.3":1.5716464328,"10.0-10.2":14.2003088284},"android":{"2.1":0,"2.2":0,"2.3":0,"3":0,"4":0.0111562210618,"4.1":0.0360796936466,"4.2-4.3":0.109900645779,"4.4":0.248997359443,"4.4.3-4.4.4":0.13933408007,"53":null},"op_mob":{"10":0,"11":0,"11.1":0,"11.5":0,"12":0,"12.1":0,"0":0.00252250655022},"ie":{"5.5":null,"6":0.0132379788584,"7":null,"8":0.105903830867,"9":0.165474735729,"10":0.172093725159,"11":12.0664177294},"edge":{"12":0.059508,"13":0.383496,"14":3.378732,"15":null},"bb":{"7":0.00847,"10":null},"ie_mob":{"10":0.0408533592233,"11":0.192918640777},"and_ff":{"0":0.040656},"samsung":{"0":3.953796},"and_uc":{"0":0.047432},"op_mini":{"0":1.15278549345},"and_chr":{"0":10.948704}},"total":99.00093}