{"id":"NP","name":"Nepal","month":"2017-01","access_date":"2017-02-02","data":{"chrome":{"4":0.003885,"5":0.00777,"6":0.011655,"7":0.003885,"8":0.00777,"9":0.011655,"10":0.00777,"11":0.027195,"12":0.050505,"13":0.003885,"14":0.00777,"15":0.00777,"16":0.00777,"17":0.050505,"18":0.00777,"19":0.05439,"20":0.03108,"21":0.011655,"22":0.027195,"23":0.01554,"24":0.042735,"25":0.03108,"26":0.02331,"27":0.03108,"28":0.04662,"29":0.042735,"30":0.104895,"31":0.205905,"32":0.493395,"33":0.151515,"34":0.01554,"35":0.003885,"36":0.18648,"37":0.003885,"38":0.011655,"39":0.011655,"40":0.01554,"41":0.011655,"42":0.011655,"43":0.19425,"44":0.03108,"45":0.02331,"46":0.02331,"47":0.042735,"48":0.03108,"49":0.96348,"50":0.058275,"51":0.221445,"52":0.182595,"53":0.392385,"54":0.213675,"55":22.653435,"56":0.470085,"57":0.299145,"58":null,"59":null},"firefox":{"2":null,"3":0.042735,"3.5":null,"3.6":0.011655,"4":0.00777,"5":0.003885,"6":0.00777,"7":null,"8":null,"9":0.00777,"10":0.00777,"11":0.011655,"12":0.027195,"13":0.01554,"14":0.019425,"15":0.01554,"16":0.011655,"17":0.011655,"18":0.00777,"19":0.003885,"20":0.003885,"21":0.019425,"22":0.011655,"23":0.011655,"24":null,"25":0.01554,"26":0.00777,"27":0.00777,"28":0.00777,"29":0.034965,"30":0.01554,"31":0.03885,"32":0.03885,"33":0.02331,"34":0.02331,"35":0.02331,"36":0.02331,"37":0.01554,"38":0.03108,"39":0.03885,"40":0.034965,"41":0.02331,"42":0.02331,"43":0.17871,"44":0.24864,"45":0.0777,"46":0.06993,"47":0.345765,"48":0.11655,"49":0.135975,"50":4.518255,"51":1.099455,"52":0.13209,"53":null,"54":null},"opera":{"9":null,"9.5-9.6":null,"10.0-10.1":0,"10.5":null,"10.6":null,"11":null,"11.1":null,"11.5":null,"11.6":null,"12":null,"12.1":0.011655,"15":null,"16":null,"17":null,"18":0.003885,"19":null,"20":null,"21":null,"22":null,"23":null,"24":null,"25":null,"26":null,"27":null,"28":null,"29":null,"30":null,"31":null,"32":null,"33":null,"34":0.003885,"35":null,"36":0.02331,"37":0.011655,"38":0.019425,"39":0.003885,"40":0.00777,"41":0.011655,"42":0.555555,"43":null,"44":null},"safari":{"3.1":null,"3.2":null,"4":0,"5":null,"5.1":0.00777,"6":null,"6.1":0.00777,"7":0.00777,"7.1":0.003885,"8":0.027195,"9":0.03108,"9.1":0.089355,"10":0.291375,"10.1":null,"0":null},"ios_saf":{"3.2":0,"4.0-4.1":0,"4.2-4.3":0,"5.0-5.1":0,"6.0-6.1":0.017988880111,"7.0-7.1":0.0845477365218,"8":0,"8.1-8.4":0.101637172627,"9.0-9.2":0.0458716442831,"9.3":0.394855918437,"10.0-10.2":3.56764464802},"android":{"2.1":0,"2.2":0,"2.3":0,"3":0,"4":0.0809054073107,"4.1":0.261651530026,"4.2-4.3":0.797004331593,"4.4":1.80573983551,"4.4.3-4.4.4":1.01045689556,"53":null},"op_mob":{"10":0,"11":0,"11.1":0,"11.5":0,"12":0,"12.1":0,"0":0.0318381877729},"ie":{"5.5":null,"6":0.00816846153846,"7":0.00408423076923,"8":0.138863846154,"9":0.0326738461538,"10":0.0571792307692,"11":0.396170384615},"edge":{"12":0.10101,"13":0.08547,"14":0.21756,"15":null},"bb":{"7":0.006114,"10":null},"ie_mob":{"10":0.0491494368932,"11":0.232094563107},"and_ff":{"0":0.012228},"samsung":{"0":2.146014},"and_uc":{"0":8.204988},"op_mini":{"0":14.5500518122},"and_chr":{"0":27.805653}},"total":98.580135}