{"id":"NR","name":"Nauru","month":"2017-01","access_date":"2017-02-02","data":{"chrome":{"4":null,"5":null,"6":null,"7":null,"8":null,"9":null,"10":null,"11":0.008186,"12":null,"13":null,"14":null,"15":null,"16":null,"17":null,"18":null,"19":null,"20":null,"21":null,"22":null,"23":null,"24":null,"25":null,"26":0.04093,"27":null,"28":0.04093,"29":null,"30":null,"31":null,"32":null,"33":null,"34":0.008186,"35":0.090046,"36":null,"37":null,"38":null,"39":null,"40":0.049116,"41":0.04093,"42":null,"43":null,"44":null,"45":null,"46":null,"47":null,"48":0.008186,"49":0.147348,"50":null,"51":0.008186,"52":0.08186,"53":0.065488,"54":0.32744,"55":7.015402,"56":0.016372,"57":null,"58":null,"59":null},"firefox":{"2":null,"3":null,"3.5":null,"3.6":0.008186,"4":null,"5":null,"6":null,"7":null,"8":null,"9":null,"10":null,"11":null,"12":null,"13":null,"14":1.997384,"15":null,"16":null,"17":null,"18":null,"19":null,"20":null,"21":0.016372,"22":null,"23":null,"24":0.008186,"25":0.032744,"26":0.04093,"27":null,"28":null,"29":null,"30":0.998692,"31":null,"32":null,"33":null,"34":null,"35":null,"36":null,"37":0.024558,"38":null,"39":null,"40":null,"41":0.008186,"42":null,"43":0.130976,"44":null,"45":null,"46":null,"47":0.834972,"48":0.024558,"49":0.04093,"50":1.956454,"51":0.351998,"52":null,"53":null,"54":null},"opera":{"9":null,"9.5-9.6":null,"10.0-10.1":0,"10.5":null,"10.6":null,"11":null,"11.1":null,"11.5":null,"11.6":null,"12":null,"12.1":null,"15":null,"16":null,"17":null,"18":null,"19":null,"20":null,"21":null,"22":null,"23":null,"24":null,"25":null,"26":null,"27":null,"28":0.032744,"29":null,"30":null,"31":null,"32":null,"33":null,"34":null,"35":null,"36":null,"37":null,"38":null,"39":null,"40":null,"41":null,"42":0.04093,"43":null,"44":null},"safari":{"3.1":null,"3.2":null,"4":0.008186,"5":null,"5.1":null,"6":null,"6.1":null,"7":0.024558,"7.1":null,"8":null,"9":null,"9.1":0.106418,"10":0.466602,"10.1":null,"0":null},"ios_saf":{"3.2":0,"4.0-4.1":0,"4.2-4.3":0,"5.0-5.1":0,"6.0-6.1":0.00147180527383,"7.0-7.1":0.00691748478702,"8":0,"8.1-8.4":0.00831569979716,"9.0-9.2":0.00375310344828,"9.3":0.0323061257606,"10.0-10.2":0.291895780933},"android":{"2.1":0,"2.2":0,"2.3":0,"3":0,"4":0.0166212288947,"4.1":0.0537537615318,"4.2-4.3":0.163736786771,"4.4":0.370971683203,"4.4.3-4.4.4":0.2075885396,"53":null},"op_mob":{"10":0,"11":0,"11.1":0,"11.5":0,"12":0,"12.1":0,"0":0.00374286026201},"ie":{"5.5":null,"6":null,"7":null,"8":1.35938109577,"9":1.67875376285,"10":0.0655123419651,"11":62.9901167994},"edge":{"12":null,"13":0.130976,"14":0.12279,"15":null},"bb":{"7":0.005442,"10":null},"ie_mob":{"10":0.0507215533981,"11":0.239518446602},"and_ff":{"0":null},"samsung":{"0":2.586764},"and_uc":{"0":3.02938},"op_mini":{"0":1.71048713974},"and_chr":{"0":9.359402}},"total":99.59349}