{"id":"NU","name":"Niue","month":"2017-01","access_date":"2017-02-02","data":{"chrome":{"4":null,"5":null,"6":null,"7":null,"8":null,"9":null,"10":null,"11":null,"12":null,"13":null,"14":null,"15":null,"16":null,"17":null,"18":null,"19":null,"20":null,"21":null,"22":null,"23":null,"24":null,"25":null,"26":null,"27":null,"28":null,"29":3.43845,"30":null,"31":null,"32":null,"33":null,"34":null,"35":null,"36":null,"37":null,"38":null,"39":null,"40":0.038205,"41":0.168102,"42":null,"43":0.038205,"44":null,"45":null,"46":null,"47":null,"48":null,"49":0.504306,"50":null,"51":0.084051,"52":0.626562,"53":0.374409,"54":3.270348,"55":21.616389,"56":null,"57":null,"58":null,"59":null},"firefox":{"2":null,"3":0.084051,"3.5":null,"3.6":0.038205,"4":null,"5":null,"6":null,"7":null,"8":null,"9":null,"10":null,"11":null,"12":null,"13":null,"14":null,"15":null,"16":null,"17":5.738391,"18":null,"19":null,"20":null,"21":null,"22":null,"23":null,"24":null,"25":null,"26":null,"27":null,"28":null,"29":7.121412,"30":null,"31":null,"32":null,"33":0.084051,"34":null,"35":null,"36":0.252153,"37":null,"38":null,"39":null,"40":null,"41":null,"42":0.038205,"43":0.038205,"44":null,"45":0.038205,"46":0.038205,"47":1.925532,"48":0.420255,"49":2.59794,"50":10.093761,"51":0.924561,"52":null,"53":null,"54":null},"opera":{"9":null,"9.5-9.6":null,"10.0-10.1":0,"10.5":null,"10.6":null,"11":null,"11.1":null,"11.5":null,"11.6":null,"12":null,"12.1":0.038205,"15":null,"16":null,"17":null,"18":null,"19":null,"20":null,"21":null,"22":null,"23":null,"24":null,"25":null,"26":null,"27":null,"28":null,"29":null,"30":null,"31":null,"32":null,"33":null,"34":null,"35":null,"36":null,"37":null,"38":null,"39":null,"40":null,"41":null,"42":null,"43":null,"44":null},"safari":{"3.1":null,"3.2":null,"4":0,"5":null,"5.1":null,"6":null,"6.1":null,"7":null,"7.1":null,"8":null,"9":3.644757,"9.1":0.84051,"10":0.924561,"10.1":null,"0":null},"ios_saf":{"3.2":0,"4.0-4.1":0,"4.2-4.3":0,"5.0-5.1":0,"6.0-6.1":0.0160574185972,"7.0-7.1":0.0754698674069,"8":0,"8.1-8.4":0.0907244150742,"9.0-9.2":0.0409464174229,"9.3":0.352460338209,"10.0-10.2":3.18458754329},"android":{"2.1":0,"2.2":0,"2.3":0,"3":0,"4":0.0285143355091,"4.1":0.0922165744125,"4.2-4.3":0.280896539164,"4.4":0.636415701044,"4.4.3-4.4.4":0.356125849869,"53":null},"op_mob":{"10":0,"11":0,"11.1":0,"11.5":0,"12":0,"12.1":0,"0":0},"ie":{"5.5":null,"6":null,"7":null,"8":0.560868451469,"9":null,"10":0.0394977782725,"11":8.27083477026},"edge":{"12":0.252153,"13":0.206307,"14":0.878715,"15":null},"bb":{"7":0,"10":null},"ie_mob":{"10":0.0317434368932,"11":0.149899563107},"and_ff":{"0":null},"samsung":{"0":5.277083},"and_uc":{"0":null},"op_mini":{"0":0},"and_chr":{"0":13.855574}},"total":99.717283}