{"id":"NZ","name":"New Zealand","month":"2017-01","access_date":"2017-02-02","data":{"chrome":{"4":null,"5":null,"6":null,"7":null,"8":null,"9":null,"10":null,"11":0.01101,"12":null,"13":null,"14":null,"15":null,"16":null,"17":null,"18":null,"19":null,"20":null,"21":null,"22":0.02202,"23":null,"24":null,"25":null,"26":0.02202,"27":null,"28":null,"29":null,"30":null,"31":0.02202,"32":0.03303,"33":0.01101,"34":0.038535,"35":0.049545,"36":0.20919,"37":0.01101,"38":0.05505,"39":0.027525,"40":0.016515,"41":0.02202,"42":0.027525,"43":0.049545,"44":0.038535,"45":0.291765,"46":0.03303,"47":0.082575,"48":0.060555,"49":1.304685,"50":0.14313,"51":0.236715,"52":0.19818,"53":0.269745,"54":0.765195,"55":29.00034,"56":0.357825,"57":0.09909,"58":null,"59":null},"firefox":{"2":null,"3":null,"3.5":null,"3.6":0.005505,"4":null,"5":null,"6":null,"7":null,"8":null,"9":null,"10":null,"11":null,"12":null,"13":null,"14":null,"15":null,"16":0.01101,"17":null,"18":null,"19":null,"20":null,"21":null,"22":null,"23":null,"24":0.01101,"25":null,"26":null,"27":null,"28":0.01101,"29":0.01101,"30":null,"31":0.01101,"32":null,"33":null,"34":0.01101,"35":null,"36":0.005505,"37":0.02202,"38":0.038535,"39":0.03303,"40":0.01101,"41":0.03303,"42":0.016515,"43":0.03303,"44":0.016515,"45":0.13212,"46":0.027525,"47":0.13212,"48":0.170655,"49":0.1101,"50":5.081115,"51":0.611055,"52":0.027525,"53":null,"54":null},"opera":{"9":null,"9.5-9.6":null,"10.0-10.1":0,"10.5":null,"10.6":null,"11":null,"11.1":null,"11.5":null,"11.6":null,"12":null,"12.1":0.016515,"15":null,"16":null,"17":null,"18":null,"19":null,"20":null,"21":null,"22":null,"23":null,"24":null,"25":null,"26":null,"27":null,"28":0.016515,"29":null,"30":null,"31":null,"32":null,"33":null,"34":null,"35":null,"36":0.016515,"37":null,"38":0.016515,"39":null,"40":null,"41":null,"42":0.17616,"43":null,"44":null},"safari":{"3.1":null,"3.2":null,"4":0.01101,"5":0.071565,"5.1":0.104595,"6":0.01101,"6.1":0.08808,"7":0.03303,"7.1":0.01101,"8":0.19818,"9":0.19818,"9.1":0.86979,"10":2.735985,"10.1":null,"0":null},"ios_saf":{"3.2":0,"4.0-4.1":0,"4.2-4.3":0,"5.0-5.1":0,"6.0-6.1":0.0825962848297,"7.0-7.1":0.3882025387,"8":0,"8.1-8.4":0.466669009288,"9.0-9.2":0.210620526316,"9.3":1.81298845201,"10.0-10.2":16.3809081889},"android":{"2.1":0,"2.2":0,"2.3":0,"3":0,"4":0.0249141927763,"4.1":0.0805735596171,"4.2-4.3":0.245431303307,"4.4":0.556063579199,"4.4.3-4.4.4":0.3111623651,"53":null},"op_mob":{"10":0,"11":0,"11.1":0,"11.5":0,"12":0,"12.1":0,"0":0.000343504366812},"ie":{"5.5":null,"6":null,"7":0.0111064849075,"8":0.138831061344,"9":0.17770375852,"10":0.127724576436,"11":5.24226087634},"edge":{"12":0.05505,"13":0.28626,"14":2.93967,"15":null},"bb":{"7":0.00786625,"10":null},"ie_mob":{"10":0.0487031067961,"11":0.229986893204},"and_ff":{"0":0.04495},"samsung":{"0":3.66792},"and_uc":{"0":0.498945},"op_mini":{"0":0.156981495633},"and_chr":{"0":19.97092}},"total":98.8219130075}