{"id":"OM","name":"Oman","month":"2017-01","access_date":"2017-02-02","data":{"chrome":{"4":null,"5":0.002594,"6":null,"7":null,"8":null,"9":0.002594,"10":null,"11":0.005188,"12":0.001297,"13":0.001297,"14":0.001297,"15":0.002594,"16":0.001297,"17":null,"18":0.001297,"19":0.002594,"20":0.007782,"21":0.002594,"22":0.006485,"23":0.005188,"24":0.002594,"25":0.005188,"26":0.002594,"27":0.002594,"28":0.003891,"29":0.011673,"30":0.009079,"31":0.011673,"32":0.016861,"33":0.014267,"34":0.009079,"35":0.006485,"36":0.070038,"37":0.001297,"38":0.024643,"39":0.011673,"40":0.005188,"41":0.003891,"42":0.006485,"43":0.070038,"44":0.020752,"45":0.005188,"46":0.007782,"47":0.010376,"48":0.009079,"49":0.320359,"50":0.050583,"51":0.046692,"52":0.070038,"53":0.088196,"54":0.086899,"55":7.001206,"56":0.159531,"57":0.028534,"58":null,"59":null},"firefox":{"2":null,"3":null,"3.5":null,"3.6":0.003891,"4":null,"5":null,"6":null,"7":null,"8":null,"9":0.001297,"10":0.002594,"11":null,"12":0.003891,"13":null,"14":0.001297,"15":0.001297,"16":0.003891,"17":null,"18":null,"19":null,"20":null,"21":null,"22":0.002594,"23":0.006485,"24":null,"25":null,"26":null,"27":null,"28":0.002594,"29":null,"30":0.006485,"31":null,"32":null,"33":0.001297,"34":null,"35":0.001297,"36":0.002594,"37":0.003891,"38":0.003891,"39":0.001297,"40":0.003891,"41":0.002594,"42":0.002594,"43":0.015564,"44":0.019455,"45":0.01297,"46":0.014267,"47":0.062256,"48":0.042801,"49":0.031128,"50":0.813219,"51":0.134888,"52":0.006485,"53":null,"54":null},"opera":{"9":null,"9.5-9.6":null,"10.0-10.1":0,"10.5":null,"10.6":null,"11":null,"11.1":null,"11.5":null,"11.6":null,"12":null,"12.1":0.001297,"15":null,"16":null,"17":null,"18":null,"19":0.002594,"20":null,"21":null,"22":null,"23":null,"24":null,"25":null,"26":null,"27":null,"28":null,"29":null,"30":null,"31":null,"32":null,"33":0.003891,"34":null,"35":null,"36":0.002594,"37":0.003891,"38":0.003891,"39":null,"40":0.002594,"41":0.002594,"42":0.11673,"43":null,"44":null},"safari":{"3.1":null,"3.2":null,"4":0,"5":0.005188,"5.1":0.010376,"6":0.003891,"6.1":0.007782,"7":0.003891,"7.1":null,"8":0.053177,"9":0.032425,"9.1":0.136185,"10":0.374833,"10.1":null,"0":null},"ios_saf":{"3.2":0,"4.0-4.1":0,"4.2-4.3":0,"5.0-5.1":0,"6.0-6.1":0.0123757830682,"7.0-7.1":0.0581661804206,"8":0,"8.1-8.4":0.0699231743354,"9.0-9.2":0.031558246824,"9.3":0.271648438347,"10.0-10.2":2.454427177},"android":{"2.1":0,"2.2":0,"2.3":0,"3":0,"4":0.191348596606,"4.1":0.618829503916,"4.2-4.3":1.8849872389,"4.4":4.27073782637,"4.4.3-4.4.4":2.3898218342,"53":null},"op_mob":{"10":0,"11":0,"11.1":0,"11.5":0,"12":0,"12.1":0,"0":0.000475054585153},"ie":{"5.5":null,"6":null,"7":null,"8":0.158556926531,"9":0.131264340816,"10":0.149459397959,"11":1.47120033469},"edge":{"12":0.02594,"13":0.080414,"14":0.300904,"15":null},"bb":{"7":0.026109,"10":null},"ie_mob":{"10":0.0182509514563,"11":0.0861850485437},"and_ff":{"0":null},"samsung":{"0":4.307985},"and_uc":{"0":0.217575},"op_mini":{"0":0.217099945415},"and_chr":{"0":69.109885}},"total":98.774191}