{"id":"PA","name":"Panama","month":"2017-01","access_date":"2017-02-02","data":{"chrome":{"4":null,"5":null,"6":null,"7":null,"8":null,"9":null,"10":null,"11":0.015156,"12":null,"13":null,"14":null,"15":null,"16":null,"17":null,"18":0.010104,"19":null,"20":null,"21":0.005052,"22":0.015156,"23":null,"24":null,"25":null,"26":0.010104,"27":null,"28":0.005052,"29":0.005052,"30":null,"31":0.045468,"32":0.020208,"33":null,"34":0.015156,"35":0.035364,"36":0.131352,"37":0.015156,"38":0.035364,"39":0.02526,"40":0.015156,"41":0.030312,"42":0.015156,"43":0.095988,"44":0.05052,"45":0.045468,"46":0.055572,"47":0.116196,"48":0.035364,"49":1.601484,"50":0.106092,"51":0.358692,"52":0.212184,"53":0.267756,"54":0.520356,"55":30.837408,"56":0.459732,"57":0.020208,"58":null,"59":null},"firefox":{"2":null,"3":null,"3.5":null,"3.6":0.02526,"4":null,"5":null,"6":null,"7":null,"8":null,"9":null,"10":null,"11":null,"12":null,"13":null,"14":null,"15":null,"16":0.010104,"17":null,"18":null,"19":null,"20":null,"21":null,"22":null,"23":0.010104,"24":null,"25":null,"26":null,"27":null,"28":null,"29":null,"30":null,"31":0.005052,"32":null,"33":null,"34":null,"35":null,"36":null,"37":0.020208,"38":0.02526,"39":0.020208,"40":0.015156,"41":0.020208,"42":0.010104,"43":0.106092,"44":0.020208,"45":0.1263,"46":0.035364,"47":0.166716,"48":0.237444,"49":0.10104,"50":3.607128,"51":0.399108,"52":0.005052,"53":null,"54":null},"opera":{"9":null,"9.5-9.6":null,"10.0-10.1":0,"10.5":null,"10.6":null,"11":null,"11.1":null,"11.5":null,"11.6":null,"12":null,"12.1":0.015156,"15":null,"16":null,"17":null,"18":null,"19":null,"20":null,"21":null,"22":null,"23":null,"24":null,"25":null,"26":null,"27":null,"28":null,"29":0.005052,"30":null,"31":null,"32":null,"33":null,"34":0.015156,"35":null,"36":null,"37":0.005052,"38":0.040416,"39":null,"40":null,"41":null,"42":0.242496,"43":null,"44":null},"safari":{"3.1":null,"3.2":null,"4":0,"5":0.040416,"5.1":0.070728,"6":0.015156,"6.1":0.070728,"7":0.030312,"7.1":0.005052,"8":0.2526,"9":0.282912,"9.1":0.823476,"10":2.303712,"10.1":null,"0":null},"ios_saf":{"3.2":0,"4.0-4.1":0,"4.2-4.3":0,"5.0-5.1":0,"6.0-6.1":0.0219958065549,"7.0-7.1":0.103380290808,"8":0,"8.1-8.4":0.124276307035,"9.0-9.2":0.0560893067151,"9.3":0.482807953881,"10.0-10.2":4.36231833501},"android":{"2.1":0,"2.2":0,"2.3":0,"3":0,"4":0.0946213489991,"4.1":0.306009469104,"4.2-4.3":0.932120948651,"4.4":2.11186798085,"4.4.3-4.4.4":1.18176025239,"53":null},"op_mob":{"10":0,"11":0,"11.1":0,"11.5":0,"12":0,"12.1":0,"0":0.00199864628821},"ie":{"5.5":null,"6":null,"7":null,"8":0.255869902913,"9":0.163756737864,"10":0.173991533981,"11":2.5126424466},"edge":{"12":0.070728,"13":0.272808,"14":1.278156,"15":null},"bb":{"7":0.019792,"10":null},"ie_mob":{"10":0.054476038835,"11":0.257247961165},"and_ff":{"0":0.019792},"samsung":{"0":8.000916},"and_uc":{"0":0.232556},"op_mini":{"0":0.913381353712},"and_chr":{"0":30.610496}},"total":99.0330406214}