{"id":"PE","name":"Peru","month":"2017-01","access_date":"2017-02-02","data":{"chrome":{"4":null,"5":null,"6":null,"7":null,"8":null,"9":null,"10":null,"11":0.014426,"12":null,"13":null,"14":null,"15":null,"16":null,"17":null,"18":0.014426,"19":null,"20":0.028852,"21":0.007213,"22":0.07213,"23":0.014426,"24":null,"25":0.028852,"26":0.050491,"27":0.014426,"28":null,"29":0.057704,"30":0.014426,"31":0.050491,"32":0.057704,"33":0.050491,"34":0.064917,"35":0.07213,"36":0.302946,"37":0.028852,"38":0.07213,"39":0.079343,"40":0.043278,"41":0.043278,"42":0.036065,"43":0.151473,"44":0.100982,"45":0.093769,"46":0.14426,"47":0.14426,"48":0.137047,"49":2.791431,"50":0.223603,"51":0.692448,"52":0.490484,"53":0.887199,"54":1.255062,"55":52.409658,"56":0.79343,"57":0.043278,"58":null,"59":null},"firefox":{"2":null,"3":null,"3.5":null,"3.6":null,"4":null,"5":null,"6":null,"7":null,"8":null,"9":null,"10":null,"11":null,"12":null,"13":null,"14":null,"15":null,"16":null,"17":0.014426,"18":null,"19":null,"20":null,"21":null,"22":null,"23":null,"24":null,"25":null,"26":null,"27":null,"28":null,"29":0.014426,"30":0.007213,"31":0.007213,"32":null,"33":null,"34":0.014426,"35":0.007213,"36":0.007213,"37":0.021639,"38":0.021639,"39":0.021639,"40":0.028852,"41":0.021639,"42":0.014426,"43":0.086556,"44":0.014426,"45":0.064917,"46":0.036065,"47":0.187538,"48":0.122621,"49":0.079343,"50":2.632745,"51":0.302946,"52":0.007213,"53":null,"54":null},"opera":{"9":null,"9.5-9.6":null,"10.0-10.1":0,"10.5":null,"10.6":null,"11":null,"11.1":null,"11.5":null,"11.6":null,"12":null,"12.1":null,"15":null,"16":null,"17":null,"18":null,"19":null,"20":null,"21":null,"22":null,"23":null,"24":null,"25":null,"26":null,"27":null,"28":null,"29":null,"30":null,"31":null,"32":null,"33":null,"34":null,"35":null,"36":0.014426,"37":null,"38":0.028852,"39":null,"40":null,"41":null,"42":0.331798,"43":null,"44":null},"safari":{"3.1":null,"3.2":null,"4":0,"5":null,"5.1":0.014426,"6":0.007213,"6.1":0.007213,"7":0.007213,"7.1":null,"8":0.07213,"9":0.079343,"9.1":0.21639,"10":0.519336,"10.1":null,"0":null},"ios_saf":{"3.2":0,"4.0-4.1":0,"4.2-4.3":0,"5.0-5.1":0,"6.0-6.1":0.00838156079855,"7.0-7.1":0.0393933357532,"8":0,"8.1-8.4":0.0473558185118,"9.0-9.2":0.0213729800363,"9.3":0.183975259528,"10.0-10.2":1.66227304537},"android":{"2.1":0,"2.2":0,"2.3":0,"3":0,"4":0.0342130548303,"4.1":0.110646475196,"4.2-4.3":0.337034986945,"4.4":0.763606266319,"4.4.3-4.4.4":0.42729921671,"53":null},"op_mob":{"10":0,"11":0,"11.1":0,"11.5":0,"12":0,"12.1":0,"0":0.00288539737991},"ie":{"5.5":null,"6":null,"7":null,"8":0.321396644928,"9":0.112115108696,"10":0.209281536232,"11":1.42012471014},"edge":{"12":0.057704,"13":0.129834,"14":0.497697,"15":null},"bb":{"7":0.012546,"10":null},"ie_mob":{"10":0.160296466019,"11":0.756955533981},"and_ff":{"0":0.047396},"samsung":{"0":1.01762},"and_uc":{"0":0.203524},"op_mini":{"0":1.31862660262},"and_chr":{"0":21.328687}},"total":97.844297}