{"id":"PF","name":"French Polynesia","month":"2017-01","access_date":"2017-02-02","data":{"chrome":{"4":null,"5":null,"6":null,"7":null,"8":null,"9":null,"10":null,"11":0.018132,"12":null,"13":null,"14":null,"15":null,"16":null,"17":null,"18":0.03022,"19":null,"20":null,"21":null,"22":0.012088,"23":null,"24":null,"25":null,"26":0.012088,"27":null,"28":0.006044,"29":null,"30":null,"31":0.012088,"32":0.229672,"33":null,"34":null,"35":0.012088,"36":1.408252,"37":0.006044,"38":0.03022,"39":0.012088,"40":0.048352,"41":0.024176,"42":0.006044,"43":0.290112,"44":0.03022,"45":0.072528,"46":0.012088,"47":0.018132,"48":0.066484,"49":1.202756,"50":0.054396,"51":0.380772,"52":0.157144,"53":0.205496,"54":0.27198,"55":23.082036,"56":0.24176,"57":0.066484,"58":0.018132,"59":null},"firefox":{"2":null,"3":null,"3.5":null,"3.6":0.018132,"4":null,"5":0.018132,"6":0.006044,"7":0.018132,"8":0.024176,"9":0.036264,"10":0.012088,"11":null,"12":0.12088,"13":null,"14":null,"15":0.012088,"16":0.012088,"17":0.042308,"18":null,"19":null,"20":null,"21":null,"22":null,"23":null,"24":0.006044,"25":null,"26":0.024176,"27":null,"28":0.048352,"29":0.006044,"30":0.018132,"31":0.012088,"32":0.09066,"33":null,"34":0.012088,"35":0.012088,"36":0.012088,"37":0.03022,"38":0.296156,"39":0.012088,"40":0.024176,"41":0.108792,"42":0.024176,"43":0.1511,"44":0.018132,"45":0.459344,"46":0.126924,"47":0.525828,"48":0.828028,"49":0.1511,"50":11.689096,"51":1.257152,"52":0.03022,"53":null,"54":null},"opera":{"9":null,"9.5-9.6":null,"10.0-10.1":0,"10.5":null,"10.6":null,"11":null,"11.1":null,"11.5":null,"11.6":null,"12":null,"12.1":null,"15":null,"16":null,"17":null,"18":null,"19":null,"20":null,"21":null,"22":null,"23":null,"24":null,"25":null,"26":null,"27":null,"28":0.006044,"29":null,"30":null,"31":null,"32":null,"33":null,"34":null,"35":null,"36":0.006044,"37":null,"38":0.054396,"39":null,"40":null,"41":null,"42":1.11814,"43":0.006044,"44":null},"safari":{"3.1":null,"3.2":null,"4":0.024176,"5":0.102748,"5.1":0.356596,"6":0.03022,"6.1":0.163188,"7":0.024176,"7.1":null,"8":0.217584,"9":0.344508,"9.1":1.311548,"10":3.511564,"10.1":null,"0":null},"ios_saf":{"3.2":0,"4.0-4.1":0,"4.2-4.3":0,"5.0-5.1":0,"6.0-6.1":0.0434099839863,"7.0-7.1":0.204026924736,"8":0,"8.1-8.4":0.245266409523,"9.0-9.2":0.110695459165,"9.3":0.9528491485,"10.0-10.2":8.60928507409},"android":{"2.1":0,"2.2":0,"2.3":0,"3":0,"4":0.0390086501305,"4.1":0.126155634465,"4.2-4.3":0.38427670235,"4.4":0.870639872063,"4.4.3-4.4.4":0.487193140992,"53":null},"op_mob":{"10":0,"11":0,"11.1":0,"11.5":0,"12":0,"12.1":0,"0":0.000492465065502},"ie":{"5.5":null,"6":null,"7":null,"8":0.096704,"9":0.072528,"10":0.175276,"11":4.182448},"edge":{"12":0.296156,"13":0.36264,"14":1.680232,"15":null},"bb":{"7":0.00296775,"10":null},"ie_mob":{"10":0.0995780970874,"11":0.470229902913},"and_ff":{"0":0.059355},"samsung":{"0":4.332915},"and_uc":{"0":0.091011},"op_mini":{"0":0.225056534934},"and_chr":{"0":22.818245}},"total":98.64835775}