{"id":"PG","name":"Papua New Guinea","month":"2017-01","access_date":"2017-02-02","data":{"chrome":{"4":0.000942,"5":null,"6":null,"7":null,"8":null,"9":null,"10":null,"11":0.016014,"12":0.001884,"13":null,"14":null,"15":null,"16":null,"17":null,"18":0.003768,"19":null,"20":null,"21":null,"22":0.002826,"23":null,"24":null,"25":null,"26":0.002826,"27":0.005652,"28":0.00471,"29":null,"30":0.001884,"31":0.17898,"32":0.024492,"33":0.066882,"34":null,"35":null,"36":0.915624,"37":0.00471,"38":0.003768,"39":0.00471,"40":0.007536,"41":0.024492,"42":0.007536,"43":0.032028,"44":0.020724,"45":0.015072,"46":0.002826,"47":0.013188,"48":0.013188,"49":0.111156,"50":0.034854,"51":0.10362,"52":0.06123,"53":0.045216,"54":0.097968,"55":3.281928,"56":0.06594,"57":0.005652,"58":null,"59":null},"firefox":{"2":null,"3":0.063114,"3.5":null,"3.6":0.001884,"4":0.002826,"5":0.001884,"6":0.001884,"7":0.000942,"8":null,"9":null,"10":null,"11":null,"12":0.002826,"13":0.000942,"14":null,"15":0.002826,"16":0.00471,"17":null,"18":null,"19":0.001884,"20":0.001884,"21":0.003768,"22":0.005652,"23":null,"24":0.00471,"25":0.001884,"26":0.000942,"27":null,"28":0.008478,"29":null,"30":0.00471,"31":0.013188,"32":0.001884,"33":null,"34":0.001884,"35":0.002826,"36":0.003768,"37":0.003768,"38":0.013188,"39":0.003768,"40":0.020724,"41":0.002826,"42":0.003768,"43":0.022608,"44":0.013188,"45":0.033912,"46":0.012246,"47":0.132822,"48":0.05652,"49":0.041448,"50":0.806352,"51":0.079128,"52":0.002826,"53":null,"54":null},"opera":{"9":null,"9.5-9.6":null,"10.0-10.1":0,"10.5":null,"10.6":null,"11":null,"11.1":null,"11.5":null,"11.6":null,"12":null,"12.1":null,"15":null,"16":null,"17":null,"18":null,"19":null,"20":null,"21":null,"22":null,"23":null,"24":null,"25":null,"26":null,"27":null,"28":null,"29":null,"30":null,"31":null,"32":null,"33":null,"34":0.002826,"35":0.013188,"36":null,"37":0.087606,"38":0.01884,"39":null,"40":0.013188,"41":null,"42":0.039564,"43":null,"44":null},"safari":{"3.1":null,"3.2":null,"4":0,"5":0.006594,"5.1":0.00942,"6":0.006594,"6.1":0.003768,"7":0.00471,"7.1":0.003768,"8":0.048042,"9":0.007536,"9.1":0.036738,"10":0.224196,"10.1":null,"0":null},"ios_saf":{"3.2":0,"4.0-4.1":0,"4.2-4.3":0,"5.0-5.1":0,"6.0-6.1":0.00185666275222,"7.0-7.1":0.00872631493541,"8":0,"8.1-8.4":0.01049014455,"9.0-9.2":0.00473449001815,"9.3":0.0407537474111,"10.0-10.2":0.368222640333},"android":{"2.1":0,"2.2":0,"2.3":0,"3":0,"4":0.0452032828547,"4.1":0.146189340296,"4.2-4.3":0.445300424717,"4.4":1.00889880244,"4.4.3-4.4.4":0.564560149695,"53":null},"op_mob":{"10":0,"11":0,"11.1":0,"11.5":0,"12":0,"12.1":0,"0":0.0027688209607},"ie":{"5.5":null,"6":null,"7":0.00948197368421,"8":0.109990894737,"9":0.114731881579,"10":0.0995607236842,"11":1.25162052632},"edge":{"12":0.063114,"13":0.10362,"14":0.087606,"15":null},"bb":{"7":0.013587,"10":null},"ie_mob":{"10":0.0316590291262,"11":0.149500970874},"and_ff":{"0":0.009058},"samsung":{"0":0.95109},"and_uc":{"0":80.000256},"op_mini":{"0":1.26535117904},"and_chr":{"0":5.544426}},"total":99.553155}