{"id":"PK","name":"Pakistan","month":"2017-01","access_date":"2017-02-02","data":{"chrome":{"4":null,"5":null,"6":null,"7":null,"8":null,"9":null,"10":0.005324,"11":0.01331,"12":0.007986,"13":0.005324,"14":0.007986,"15":0.005324,"16":0.010648,"17":0.01331,"18":0.005324,"19":0.010648,"20":0.015972,"21":0.007986,"22":0.021296,"23":0.037268,"24":0.02662,"25":0.061226,"26":0.015972,"27":0.023958,"28":0.02662,"29":0.037268,"30":0.034606,"31":0.10648,"32":0.045254,"33":0.095832,"34":0.029282,"35":0.015972,"36":0.021296,"37":0.007986,"38":0.015972,"39":0.021296,"40":0.015972,"41":0.015972,"42":0.01331,"43":0.27951,"44":0.02662,"45":0.02662,"46":0.029282,"47":0.03993,"48":0.061226,"49":1.123364,"50":0.037268,"51":0.143748,"52":0.117128,"53":0.191664,"54":0.178354,"55":15.176062,"56":0.527076,"57":0.218284,"58":null,"59":null},"firefox":{"2":null,"3":0.074536,"3.5":0.002662,"3.6":0.010648,"4":0.002662,"5":0.002662,"6":null,"7":null,"8":null,"9":0.002662,"10":0.002662,"11":0.007986,"12":0.010648,"13":0.002662,"14":0.007986,"15":0.005324,"16":0.005324,"17":0.005324,"18":0.015972,"19":0.005324,"20":0.002662,"21":0.007986,"22":0.002662,"23":0.010648,"24":0.005324,"25":0.005324,"26":0.005324,"27":0.005324,"28":0.005324,"29":0.018634,"30":0.010648,"31":0.007986,"32":0.010648,"33":0.015972,"34":0.007986,"35":0.01331,"36":0.010648,"37":0.015972,"38":0.021296,"39":0.01331,"40":0.021296,"41":0.018634,"42":0.015972,"43":0.087846,"44":0.122452,"45":0.045254,"46":0.03993,"47":0.165044,"48":0.082522,"49":0.082522,"50":1.807498,"51":0.495132,"52":0.055902,"53":null,"54":null},"opera":{"9":null,"9.5-9.6":null,"10.0-10.1":0,"10.5":null,"10.6":null,"11":null,"11.1":null,"11.5":null,"11.6":0.005324,"12":null,"12.1":0.010648,"15":null,"16":null,"17":null,"18":0.002662,"19":null,"20":null,"21":null,"22":null,"23":null,"24":null,"25":null,"26":0.005324,"27":null,"28":0.007986,"29":null,"30":null,"31":null,"32":null,"33":null,"34":null,"35":0.005324,"36":0.021296,"37":0.015972,"38":0.015972,"39":0.005324,"40":0.010648,"41":0.010648,"42":0.54571,"43":0.005324,"44":null},"safari":{"3.1":null,"3.2":null,"4":0.005324,"5":0.002662,"5.1":0.005324,"6":null,"6.1":null,"7":0.005324,"7.1":null,"8":0.01331,"9":0.010648,"9.1":0.042592,"10":0.103818,"10.1":null,"0":null},"ios_saf":{"3.2":0,"4.0-4.1":0,"4.2-4.3":0,"5.0-5.1":0,"6.0-6.1":0.0115925696594,"7.0-7.1":0.0544850773994,"8":0,"8.1-8.4":0.0654980185759,"9.0-9.2":0.0295610526316,"9.3":0.254456904025,"10.0-10.2":2.29909637771},"android":{"2.1":0,"2.2":0,"2.3":0,"3":0,"4":0.126801111836,"4.1":0.410080191471,"4.2-4.3":1.24912584639,"4.4":2.83009290035,"4.4.3-4.4.4":1.58366494996,"53":null},"op_mob":{"10":0,"11":0,"11.1":0,"11.5":0,"12":0,"12.1":0,"0":0.0184546375546},"ie":{"5.5":null,"6":0.03183752,"7":0.00578864,"8":0.26917176,"9":0.03762616,"10":0.06946368,"11":0.38205024},"edge":{"12":0.047916,"13":0.050578,"14":0.14641,"15":null},"bb":{"7":0.02751375,"10":null},"ie_mob":{"10":0.130783805825,"11":0.617590194175},"and_ff":{"0":0.029348},"samsung":{"0":1.790228},"and_uc":{"0":18.944134},"op_mini":{"0":8.43376936245},"and_chr":{"0":34.922844}},"total":98.10389875}