{"id":"PL","name":"Poland","month":"2017-01","access_date":"2017-02-02","data":{"chrome":{"4":null,"5":null,"6":null,"7":null,"8":null,"9":null,"10":null,"11":0.017452,"12":null,"13":null,"14":null,"15":null,"16":null,"17":null,"18":0.008726,"19":null,"20":null,"21":null,"22":0.017452,"23":null,"24":null,"25":null,"26":0.013089,"27":null,"28":null,"29":null,"30":null,"31":0.04363,"32":0.017452,"33":0.013089,"34":0.061082,"35":0.026178,"36":0.030541,"37":0.021815,"38":0.030541,"39":0.039267,"40":0.017452,"41":0.008726,"42":0.052356,"43":0.126527,"44":0.030541,"45":0.017452,"46":0.026178,"47":0.069808,"48":0.04363,"49":1.65794,"50":0.052356,"51":0.30541,"52":0.104712,"53":0.187609,"54":0.510471,"55":19.088125,"56":0.296684,"57":0.034904,"58":null,"59":null},"firefox":{"2":null,"3":null,"3.5":0.008726,"3.6":0.008726,"4":null,"5":null,"6":null,"7":null,"8":null,"9":null,"10":null,"11":null,"12":0.008726,"13":null,"14":null,"15":0.004363,"16":0.004363,"17":null,"18":0.008726,"19":null,"20":null,"21":null,"22":null,"23":null,"24":null,"25":null,"26":0.013089,"27":null,"28":0.008726,"29":0.004363,"30":0.004363,"31":0.017452,"32":0.004363,"33":0.008726,"34":0.008726,"35":0.013089,"36":0.013089,"37":0.013089,"38":0.052356,"39":0.021815,"40":0.021815,"41":0.030541,"42":0.030541,"43":0.109075,"44":0.052356,"45":0.17452,"46":0.04363,"47":0.353403,"48":0.191972,"49":0.205061,"50":9.188478,"51":1.204188,"52":0.030541,"53":null,"54":null},"opera":{"9":null,"9.5-9.6":null,"10.0-10.1":0,"10.5":null,"10.6":null,"11":null,"11.1":null,"11.5":null,"11.6":0.004363,"12":0.004363,"12.1":0.126527,"15":null,"16":null,"17":null,"18":0.004363,"19":null,"20":0.004363,"21":null,"22":null,"23":null,"24":null,"25":null,"26":0.004363,"27":null,"28":0.008726,"29":0.004363,"30":0.008726,"31":0.004363,"32":0.004363,"33":0.008726,"34":0.008726,"35":0.013089,"36":0.235602,"37":0.017452,"38":0.026178,"39":0.013089,"40":0.008726,"41":0.065445,"42":2.063699,"43":0.021815,"44":null},"safari":{"3.1":null,"3.2":null,"4":0,"5":null,"5.1":0.013089,"6":null,"6.1":0.004363,"7":null,"7.1":null,"8":0.021815,"9":0.056719,"9.1":0.122164,"10":0.562827,"10.1":null,"0":null},"ios_saf":{"3.2":0,"4.0-4.1":0,"4.2-4.3":0,"5.0-5.1":0,"6.0-6.1":0.00483841998505,"7.0-7.1":0.0227405739298,"8":0,"8.1-8.4":0.0273370729156,"9.0-9.2":0.0123379709619,"9.3":0.106203318672,"10.0-10.2":0.959579643536},"android":{"2.1":0,"2.2":0,"2.3":0,"3":0,"4":0.104684339426,"4.1":0.338553608355,"4.2-4.3":1.03125210966,"4.4":2.33646536292,"4.4.3-4.4.4":1.30744057963,"53":null},"op_mob":{"10":0,"11":0,"11.1":0,"11.5":0,"12":0,"12.1":0,"0":0.00275696069869},"ie":{"5.5":null,"6":null,"7":0.00877121243523,"8":0.0701696994819,"9":0.0526272746114,"10":0.0745553056995,"11":1.48672050777},"edge":{"12":0.065445,"13":0.170157,"14":0.890052,"15":null},"bb":{"7":0.00704625,"10":null},"ie_mob":{"10":0.309323533981,"11":1.46069446602},"and_ff":{"0":0.022548},"samsung":{"0":5.039478},"and_uc":{"0":0.062007},"op_mini":{"0":1.2599310393},"and_chr":{"0":42.726103}},"total":98.23641825}