{"id":"PM","name":"Saint Pierre and Miquelon","month":"2017-01","access_date":"2017-02-02","data":{"chrome":{"4":null,"5":null,"6":null,"7":null,"8":null,"9":null,"10":null,"11":0.03287,"12":null,"13":null,"14":null,"15":null,"16":null,"17":null,"18":null,"19":null,"20":null,"21":0.006574,"22":null,"23":null,"24":null,"25":null,"26":null,"27":null,"28":0.013148,"29":null,"30":null,"31":0.039444,"32":0.019722,"33":null,"34":0.026296,"35":null,"36":0.006574,"37":0.019722,"38":0.013148,"39":0.019722,"40":null,"41":0.03287,"42":0.019722,"43":null,"44":0.039444,"45":0.013148,"46":0.046018,"47":0.210368,"48":0.16435,"49":0.999248,"50":0.019722,"51":null,"52":0.092036,"53":0.072314,"54":0.512772,"55":32.63991,"56":0.289256,"57":0.013148,"58":null,"59":null},"firefox":{"2":null,"3":null,"3.5":null,"3.6":0.013148,"4":null,"5":null,"6":0.03287,"7":null,"8":null,"9":null,"10":null,"11":null,"12":null,"13":null,"14":null,"15":0.019722,"16":null,"17":0.013148,"18":null,"19":0.006574,"20":null,"21":0.006574,"22":null,"23":0.026296,"24":0.019722,"25":0.072314,"26":null,"27":null,"28":null,"29":0.052592,"30":0.013148,"31":0.019722,"32":0.013148,"33":null,"34":null,"35":0.006574,"36":0.006574,"37":0.052592,"38":0.013148,"39":null,"40":0.085462,"41":0.03287,"42":0.006574,"43":0.039444,"44":0.019722,"45":0.775732,"46":null,"47":null,"48":0.381292,"49":0.151202,"50":14.416782,"51":0.979526,"52":null,"53":null,"54":null},"opera":{"9":null,"9.5-9.6":null,"10.0-10.1":0,"10.5":null,"10.6":null,"11":null,"11.1":null,"11.5":null,"11.6":null,"12":null,"12.1":0.013148,"15":null,"16":null,"17":null,"18":null,"19":null,"20":null,"21":null,"22":null,"23":null,"24":null,"25":null,"26":null,"27":null,"28":0.013148,"29":null,"30":null,"31":null,"32":null,"33":null,"34":null,"35":null,"36":null,"37":null,"38":null,"39":null,"40":null,"41":0.006574,"42":0.407588,"43":null,"44":null},"safari":{"3.1":null,"3.2":null,"4":0,"5":0.151202,"5.1":0.111758,"6":null,"6.1":0.019722,"7":0.046018,"7.1":null,"8":0.249812,"9":0.052592,"9.1":0.946656,"10":2.734784,"10.1":null,"0":null},"ios_saf":{"3.2":0,"4.0-4.1":0,"4.2-4.3":0,"5.0-5.1":0,"6.0-6.1":0.0751986335006,"7.0-7.1":0.353433577453,"8":0,"8.1-8.4":0.424872279278,"9.0-9.2":0.191756515426,"9.3":1.65061000534,"10.0-10.2":14.913768989},"android":{"2.1":0,"2.2":0,"2.3":0,"3":0,"4":0.0107207859008,"4.1":0.0346714778068,"4.2-4.3":0.105611146214,"4.4":0.239278817232,"4.4.3-4.4.4":0.133895772846,"53":null},"op_mob":{"10":0,"11":0,"11.1":0,"11.5":0,"12":0,"12.1":0,"0":0},"ie":{"5.5":null,"6":null,"7":null,"8":0.21089392,"9":0.05272348,"10":0.046133045,"11":4.962597555},"edge":{"12":null,"13":0.078888,"14":2.471824,"15":null},"bb":{"7":0,"10":null},"ie_mob":{"10":0.00838205825243,"11":0.0395819417476},"and_ff":{"0":0.01713},"samsung":{"0":1.390956},"and_uc":{"0":null},"op_mini":{"0":0},"and_chr":{"0":14.724204}},"total":99.528152}