{"id":"PN","name":"Pitcairn Islands","month":"2017-01","access_date":"2017-02-02","data":{"chrome":{"4":null,"5":null,"6":null,"7":null,"8":null,"9":null,"10":null,"11":null,"12":null,"13":null,"14":null,"15":null,"16":null,"17":null,"18":null,"19":0.256302,"20":null,"21":null,"22":null,"23":null,"24":null,"25":null,"26":null,"27":null,"28":null,"29":null,"30":null,"31":null,"32":null,"33":null,"34":null,"35":0.256302,"36":null,"37":0.503766,"38":null,"39":null,"40":null,"41":2.527668,"42":null,"43":1.007532,"44":0.256302,"45":null,"46":null,"47":null,"48":null,"49":null,"50":null,"51":null,"52":4.295268,"53":0.760068,"54":9.845532,"55":12.116898,"56":0.760068,"57":null,"58":null,"59":null},"firefox":{"2":null,"3":null,"3.5":null,"3.6":null,"4":null,"5":null,"6":null,"7":null,"8":null,"9":null,"10":null,"11":null,"12":null,"13":null,"14":null,"15":null,"16":null,"17":null,"18":null,"19":null,"20":null,"21":0.760068,"22":null,"23":1.511298,"24":null,"25":null,"26":null,"27":null,"28":null,"29":null,"30":null,"31":1.511298,"32":null,"33":3.278898,"34":null,"35":null,"36":1.263834,"37":1.511298,"38":null,"39":null,"40":null,"41":null,"42":null,"43":null,"44":null,"45":null,"46":null,"47":0.503766,"48":5.046498,"49":11.109366,"50":14.900868,"51":null,"52":null,"53":null,"54":null},"opera":{"9":null,"9.5-9.6":null,"10.0-10.1":0,"10.5":null,"10.6":null,"11":null,"11.1":null,"11.5":null,"11.6":null,"12":null,"12.1":2.023902,"15":null,"16":0.256302,"17":null,"18":null,"19":null,"20":null,"21":null,"22":null,"23":null,"24":null,"25":null,"26":null,"27":null,"28":2.023902,"29":null,"30":null,"31":null,"32":null,"33":null,"34":null,"35":null,"36":null,"37":null,"38":null,"39":null,"40":null,"41":null,"42":null,"43":null,"44":null},"safari":{"3.1":null,"3.2":null,"4":0,"5":null,"5.1":0.503766,"6":null,"6.1":null,"7":null,"7.1":null,"8":null,"9":null,"9.1":null,"10":null,"10.1":null,"0":null},"ios_saf":{"3.2":0,"4.0-4.1":0,"4.2-4.3":0,"5.0-5.1":0,"6.0-6.1":0.00483884274581,"7.0-7.1":0.0227425609053,"8":0,"8.1-8.4":0.0273394615138,"9.0-9.2":0.0123390490018,"9.3":0.106212598271,"10.0-10.2":0.959663487563},"android":{"2.1":0,"2.2":0,"2.3":0,"3":0,"4":0.0347395652742,"4.1":0.112349232376,"4.2-4.3":0.342221674935,"4.4":0.775357531332,"4.4.3-4.4.4":0.433874996084,"53":null},"op_mob":{"10":0,"11":0,"11.1":0,"11.5":0,"12":0,"12.1":0,"0":0},"ie":{"5.5":null,"6":null,"7":null,"8":1.511298,"9":null,"10":0.256302,"11":7.830468},"edge":{"12":null,"13":null,"14":null,"15":null},"bb":{"7":0,"10":null},"ie_mob":{"10":0,"11":0},"and_ff":{"0":null},"samsung":{"0":null},"and_uc":{"0":null},"op_mini":{"0":0},"and_chr":{"0":8.778321}},"total":99.998838}