{"id":"PR","name":"Puerto Rico","month":"2017-01","access_date":"2017-02-02","data":{"chrome":{"4":null,"5":null,"6":null,"7":null,"8":null,"9":null,"10":null,"11":0.023484,"12":null,"13":null,"14":null,"15":null,"16":null,"17":null,"18":0.007828,"19":null,"20":0.003914,"21":0.007828,"22":0.003914,"23":null,"24":null,"25":0.011742,"26":0.003914,"27":null,"28":0.003914,"29":0.003914,"30":null,"31":0.007828,"32":0.074366,"33":0.007828,"34":0.01957,"35":0.238754,"36":0.618412,"37":0.007828,"38":0.031312,"39":0.03914,"40":0.007828,"41":0.015656,"42":0.007828,"43":0.066538,"44":0.031312,"45":0.011742,"46":0.015656,"47":0.035226,"48":0.023484,"49":0.778886,"50":0.046968,"51":0.15656,"52":0.070452,"53":0.125248,"54":0.336604,"55":18.540618,"56":0.270066,"57":0.035226,"58":0.003914,"59":null},"firefox":{"2":null,"3":null,"3.5":null,"3.6":0.003914,"4":null,"5":null,"6":null,"7":null,"8":null,"9":null,"10":null,"11":null,"12":0.003914,"13":null,"14":null,"15":null,"16":0.015656,"17":null,"18":null,"19":null,"20":null,"21":null,"22":null,"23":null,"24":null,"25":null,"26":0.003914,"27":null,"28":null,"29":null,"30":null,"31":null,"32":null,"33":0.003914,"34":0.003914,"35":0.003914,"36":null,"37":0.003914,"38":0.015656,"39":0.011742,"40":0.007828,"41":0.003914,"42":null,"43":0.027398,"44":0.011742,"45":0.11742,"46":0.023484,"47":0.125248,"48":0.180044,"49":0.070452,"50":3.24862,"51":0.41097,"52":0.007828,"53":null,"54":null},"opera":{"9":null,"9.5-9.6":null,"10.0-10.1":0,"10.5":null,"10.6":null,"11":null,"11.1":null,"11.5":null,"11.6":null,"12":null,"12.1":0.011742,"15":null,"16":null,"17":null,"18":null,"19":null,"20":null,"21":null,"22":null,"23":null,"24":null,"25":null,"26":null,"27":null,"28":null,"29":0.015656,"30":null,"31":null,"32":null,"33":0.01957,"34":null,"35":null,"36":0.011742,"37":0.011742,"38":0.01957,"39":null,"40":null,"41":null,"42":0.250496,"43":null,"44":null},"safari":{"3.1":null,"3.2":null,"4":0.011742,"5":0.023484,"5.1":0.07828,"6":0.003914,"6.1":0.062624,"7":0.007828,"7.1":0.007828,"8":0.140904,"9":0.168302,"9.1":0.720176,"10":2.293604,"10.1":null,"0":null},"ios_saf":{"3.2":0,"4.0-4.1":0,"4.2-4.3":0,"5.0-5.1":0,"6.0-6.1":0.0717299455535,"7.0-7.1":0.337130744102,"8":0,"8.1-8.4":0.405274192377,"9.0-9.2":0.182911361162,"9.3":1.5744723049,"10.0-10.2":14.2258414519},"android":{"2.1":0,"2.2":0,"2.3":0,"3":0,"4":0.0525281653612,"4.1":0.169878322019,"4.2-4.3":0.517458309835,"4.4":1.17238394604,"4.4.3-4.4.4":0.656043256745,"53":null},"op_mob":{"10":0,"11":0,"11.1":0,"11.5":0,"12":0,"12.1":0,"0":0.000358781659389},"ie":{"5.5":null,"6":null,"7":0.0117884110672,"8":0.184685106719,"9":0.216120869565,"10":0.149319873518,"11":3.41470973913},"edge":{"12":0.11742,"13":0.356174,"14":2.579326,"15":null},"bb":{"7":0.006086,"10":null},"ie_mob":{"10":0.0755136699029,"11":0.356592330097},"and_ff":{"0":0.03043},"samsung":{"0":7.473608},"and_uc":{"0":0.06086},"op_mini":{"0":0.163963218341},"and_chr":{"0":34.485138}},"total":98.907652}