{"id":"PS","name":"Palestinian Territory","month":"2017-01","access_date":"2017-02-02","data":{"chrome":{"4":null,"5":null,"6":null,"7":null,"8":null,"9":null,"10":null,"11":0.035706,"12":0.035706,"13":null,"14":0.011902,"15":0.011902,"16":null,"17":0.005951,"18":0.017853,"19":0.017853,"20":0.029755,"21":0.011902,"22":0.023804,"23":null,"24":0.023804,"25":0.017853,"26":0.041657,"27":0.053559,"28":0.017853,"29":0.041657,"30":0.047608,"31":0.047608,"32":0.065461,"33":0.166628,"34":0.029755,"35":0.011902,"36":0.130922,"37":0.053559,"38":0.05951,"39":0.047608,"40":0.023804,"41":0.017853,"42":0.035706,"43":0.821238,"44":0.11902,"45":0.035706,"46":0.053559,"47":0.089265,"48":0.089265,"49":2.541077,"50":0.130922,"51":0.493933,"52":0.321354,"53":0.511786,"54":0.612953,"55":38.550578,"56":0.726022,"57":0.095216,"58":null,"59":null},"firefox":{"2":null,"3":0.011902,"3.5":0.011902,"3.6":0.017853,"4":null,"5":null,"6":null,"7":null,"8":null,"9":null,"10":null,"11":0.011902,"12":0.077363,"13":null,"14":null,"15":0.017853,"16":null,"17":null,"18":null,"19":null,"20":null,"21":null,"22":null,"23":null,"24":null,"25":0.011902,"26":0.005951,"27":null,"28":null,"29":0.005951,"30":0.005951,"31":0.017853,"32":0.011902,"33":0.011902,"34":0.017853,"35":0.011902,"36":0.023804,"37":0.011902,"38":0.023804,"39":0.017853,"40":0.041657,"41":0.017853,"42":0.023804,"43":0.261844,"44":0.077363,"45":0.148775,"46":0.05951,"47":0.410619,"48":0.136873,"49":0.160677,"50":4.487054,"51":0.726022,"52":0.029755,"53":null,"54":null},"opera":{"9":null,"9.5-9.6":null,"10.0-10.1":0,"10.5":null,"10.6":null,"11":null,"11.1":null,"11.5":null,"11.6":null,"12":null,"12.1":0.095216,"15":null,"16":null,"17":null,"18":null,"19":null,"20":null,"21":null,"22":null,"23":null,"24":null,"25":null,"26":null,"27":null,"28":null,"29":null,"30":null,"31":null,"32":null,"33":null,"34":null,"35":null,"36":0.029755,"37":null,"38":0.047608,"39":0.005951,"40":0.011902,"41":0.023804,"42":0.761728,"43":0.011902,"44":null},"safari":{"3.1":null,"3.2":null,"4":0.011902,"5":null,"5.1":0.005951,"6":null,"6.1":null,"7":null,"7.1":null,"8":0.041657,"9":0.017853,"9.1":0.261844,"10":0.422521,"10.1":null,"0":null},"ios_saf":{"3.2":0,"4.0-4.1":0,"4.2-4.3":0,"5.0-5.1":0,"6.0-6.1":0.0158514615138,"7.0-7.1":0.074501869115,"8":0,"8.1-8.4":0.0895607575531,"9.0-9.2":0.0404212268603,"9.3":0.347939580228,"10.0-10.2":3.14374110473},"android":{"2.1":0,"2.2":0,"2.3":0,"3":0,"4":0.0837027049608,"4.1":0.270698109661,"4.2-4.3":0.824560689295,"4.4":1.86817313838,"4.4.3-4.4.4":1.0453933577,"53":null},"op_mob":{"10":0,"11":0,"11.1":0,"11.5":0,"12":0,"12.1":0,"0":0.0020063231441},"ie":{"5.5":null,"6":0.00644200660066,"7":0.00644200660066,"8":0.547570561056,"9":0.154608158416,"10":0.109514112211,"11":1.12735115512},"edge":{"12":0.077363,"13":0.267795,"14":0.583198,"15":null},"bb":{"7":0.001012,"10":null},"ie_mob":{"10":0.0268818640777,"11":0.126942135922},"and_ff":{"0":0.028336},"samsung":{"0":4.00752},"and_uc":{"0":0.198352},"op_mini":{"0":0.916889676856},"and_chr":{"0":27.591762}},"total":98.57177}