{"id":"PW","name":"Palau","month":"2017-01","access_date":"2017-02-02","data":{"chrome":{"4":null,"5":null,"6":null,"7":null,"8":null,"9":null,"10":0.026676,"11":0.120042,"12":null,"13":null,"14":null,"15":null,"16":null,"17":null,"18":0.008892,"19":null,"20":null,"21":0.048906,"22":0.008892,"23":null,"24":null,"25":null,"26":null,"27":null,"28":null,"29":null,"30":0.013338,"31":null,"32":null,"33":0.342342,"34":null,"35":null,"36":null,"37":null,"38":0.08892,"39":0.017784,"40":null,"41":0.017784,"42":null,"43":null,"44":0.008892,"45":0.64467,"46":0.048906,"47":0.031122,"48":null,"49":1.3338,"50":0.053352,"51":0.097812,"52":0.293436,"53":0.395694,"54":1.862874,"55":20.900646,"56":0.529074,"57":0.040014,"58":null,"59":null},"firefox":{"2":null,"3":0.008892,"3.5":null,"3.6":null,"4":null,"5":null,"6":0.057798,"7":null,"8":null,"9":null,"10":null,"11":null,"12":0.106704,"13":null,"14":null,"15":null,"16":null,"17":null,"18":null,"19":null,"20":null,"21":null,"22":null,"23":0.013338,"24":null,"25":0.062244,"26":0.746928,"27":null,"28":null,"29":0.026676,"30":null,"31":null,"32":null,"33":0.102258,"34":0.008892,"35":null,"36":null,"37":0.195624,"38":0.062244,"39":0.026676,"40":null,"41":0.008892,"42":null,"43":0.062244,"44":0.017784,"45":0.031122,"46":0.017784,"47":0.48906,"48":0.11115,"49":0.26676,"50":6.0021,"51":0.51129,"52":0.06669,"53":null,"54":null},"opera":{"9":null,"9.5-9.6":null,"10.0-10.1":0,"10.5":null,"10.6":null,"11":null,"11.1":null,"11.5":null,"11.6":null,"12":null,"12.1":null,"15":null,"16":null,"17":null,"18":null,"19":null,"20":null,"21":null,"22":null,"23":null,"24":null,"25":null,"26":null,"27":null,"28":null,"29":null,"30":null,"31":null,"32":null,"33":null,"34":null,"35":null,"36":null,"37":0.013338,"38":null,"39":null,"40":null,"41":null,"42":0.08892,"43":null,"44":null},"safari":{"3.1":null,"3.2":null,"4":0,"5":null,"5.1":0.164502,"6":0.02223,"6.1":0.008892,"7":0.013338,"7.1":null,"8":0.04446,"9":0.146718,"9.1":0.364572,"10":1.262664,"10.1":null,"0":null},"ios_saf":{"3.2":0,"4.0-4.1":0,"4.2-4.3":0,"5.0-5.1":0,"6.0-6.1":0.0310222355076,"7.0-7.1":0.145804506886,"8":0,"8.1-8.4":0.175275630618,"9.0-9.2":0.0791067005445,"9.3":0.680938069393,"10.0-10.2":6.15248485705},"android":{"2.1":0,"2.2":0,"2.3":0,"3":0,"4":0.0775844012185,"4.1":0.250911255004,"4.2-4.3":0.764288888599,"4.4":1.73161780592,"4.4.3-4.4.4":0.96897964926,"53":null},"op_mob":{"10":0,"11":0,"11.1":0,"11.5":0,"12":0,"12.1":0,"0":0.00236469432314},"ie":{"5.5":null,"6":null,"7":null,"8":1.013688,"9":0.182286,"10":0.351234,"11":3.094416},"edge":{"12":0.164502,"13":0.395694,"14":0.306774,"15":null},"bb":{"7":0.002777,"10":null},"ie_mob":{"10":0.0514419029126,"11":0.242920097087},"and_ff":{"0":null},"samsung":{"0":4.33212},"and_uc":{"0":7.88668},"op_mini":{"0":1.08066530568},"and_chr":{"0":31.358332}},"total":99.590561}