{"id":"PY","name":"Paraguay","month":"2017-01","access_date":"2017-02-02","data":{"chrome":{"4":null,"5":null,"6":null,"7":null,"8":null,"9":null,"10":0.00596,"11":0.02682,"12":0.00596,"13":null,"14":null,"15":null,"16":null,"17":null,"18":0.00596,"19":null,"20":null,"21":0.00298,"22":0.00596,"23":0.00298,"24":null,"25":null,"26":0.00298,"27":0.00298,"28":0.00298,"29":0.00596,"30":0.00894,"31":0.03874,"32":0.03576,"33":0.01192,"34":0.01192,"35":0.02682,"36":0.61686,"37":0.01192,"38":0.02086,"39":0.01788,"40":0.01788,"41":0.02682,"42":0.00894,"43":0.0447,"44":0.02682,"45":0.01192,"46":0.01192,"47":0.08642,"48":0.02384,"49":0.89698,"50":0.03278,"51":0.12516,"52":0.09238,"53":0.14304,"54":0.2384,"55":19.64714,"56":0.2384,"57":0.02086,"58":null,"59":null},"firefox":{"2":null,"3":0.0149,"3.5":0.00894,"3.6":0.0149,"4":0.00596,"5":null,"6":null,"7":null,"8":null,"9":null,"10":0.00596,"11":0.00894,"12":0.00894,"13":0.00894,"14":0.00596,"15":0.00894,"16":0.00298,"17":0.00596,"18":null,"19":null,"20":0.00298,"21":null,"22":0.00894,"23":0.00298,"24":0.00894,"25":null,"26":0.01788,"27":0.00596,"28":0.00298,"29":null,"30":0.00596,"31":0.00894,"32":0.00596,"33":0.00298,"34":0.00596,"35":0.01192,"36":0.00596,"37":0.00596,"38":0.02682,"39":0.01192,"40":0.00894,"41":0.00894,"42":0.00894,"43":0.0745,"44":0.0149,"45":0.16092,"46":0.01788,"47":0.18178,"48":0.07748,"49":0.07748,"50":2.86378,"51":0.298,"52":0.00596,"53":null,"54":null},"opera":{"9":null,"9.5-9.6":null,"10.0-10.1":0,"10.5":null,"10.6":null,"11":null,"11.1":null,"11.5":null,"11.6":null,"12":null,"12.1":0.00596,"15":null,"16":null,"17":null,"18":null,"19":null,"20":null,"21":null,"22":null,"23":null,"24":null,"25":null,"26":null,"27":null,"28":null,"29":0.02086,"30":null,"31":null,"32":null,"33":0.01192,"34":null,"35":null,"36":0.00894,"37":0.0149,"38":0.0149,"39":0.00596,"40":null,"41":0.00596,"42":0.15794,"43":0.00894,"44":null},"safari":{"3.1":null,"3.2":null,"4":0,"5":0.00596,"5.1":0.00596,"6":null,"6.1":null,"7":0.00298,"7.1":null,"8":0.0149,"9":0.03278,"9.1":0.10132,"10":0.2831,"10.1":null,"0":null},"ios_saf":{"3.2":0,"4.0-4.1":0,"4.2-4.3":0,"5.0-5.1":0,"6.0-6.1":0.0122908081563,"7.0-7.1":0.0577667983346,"8":0,"8.1-8.4":0.0694430660831,"9.0-9.2":0.0313415607985,"9.3":0.269783239031,"10.0-10.2":2.4375745276},"android":{"2.1":0,"2.2":0,"2.3":0,"3":0,"4":0.175307545692,"4.1":0.566952062663,"4.2-4.3":1.72696582245,"4.4":3.91271522193,"4.4.3-4.4.4":2.18947934726,"53":null},"op_mob":{"10":0,"11":0,"11.1":0,"11.5":0,"12":0,"12.1":0,"0":0.00718860262009},"ie":{"5.5":null,"6":null,"7":null,"8":0.141676076923,"9":0.0572733076923,"10":0.0572733076923,"11":0.527517307692},"edge":{"12":0.04172,"13":0.03874,"14":0.23542,"15":null},"bb":{"7":0.01404,"10":null},"ie_mob":{"10":0.165617475728,"11":0.782082524272},"and_ff":{"0":0.00702},"samsung":{"0":5.98104},"and_uc":{"0":0.58968},"op_mini":{"0":3.28519139738},"and_chr":{"0":48.5996}},"total":99.29538}