{"id":"QA","name":"Qatar","month":"2017-01","access_date":"2017-02-02","data":{"chrome":{"4":null,"5":null,"6":null,"7":null,"8":null,"9":null,"10":0.007074,"11":0.007074,"12":null,"13":null,"14":null,"15":null,"16":null,"17":null,"18":null,"19":null,"20":null,"21":0.003537,"22":0.028296,"23":0.003537,"24":0.007074,"25":0.003537,"26":0.003537,"27":0.003537,"28":0.007074,"29":0.017685,"30":0.007074,"31":0.056592,"32":0.074277,"33":0.024759,"34":0.031833,"35":0.03537,"36":0.300645,"37":0.010611,"38":0.031833,"39":0.03537,"40":0.014148,"41":0.014148,"42":0.024759,"43":0.183924,"44":0.031833,"45":0.038907,"46":0.031833,"47":0.049518,"48":0.03537,"49":0.809973,"50":0.07074,"51":0.336015,"52":0.162702,"53":0.251127,"54":0.286497,"55":20.917818,"56":0.321867,"57":0.099036,"58":null,"59":null},"firefox":{"2":null,"3":0.010611,"3.5":null,"3.6":0.003537,"4":null,"5":null,"6":null,"7":null,"8":null,"9":null,"10":null,"11":null,"12":null,"13":null,"14":null,"15":null,"16":null,"17":0.007074,"18":null,"19":null,"20":null,"21":0.003537,"22":null,"23":null,"24":0.007074,"25":null,"26":null,"27":null,"28":null,"29":null,"30":null,"31":0.003537,"32":null,"33":null,"34":null,"35":0.028296,"36":null,"37":0.003537,"38":0.07074,"39":0.007074,"40":0.007074,"41":0.007074,"42":0.014148,"43":0.042444,"44":0.017685,"45":0.038907,"46":0.03537,"47":0.166239,"48":0.166239,"49":0.074277,"50":1.818018,"51":0.28296,"52":0.010611,"53":null,"54":null},"opera":{"9":null,"9.5-9.6":null,"10.0-10.1":0,"10.5":null,"10.6":null,"11":null,"11.1":null,"11.5":null,"11.6":null,"12":null,"12.1":0.010611,"15":null,"16":null,"17":null,"18":null,"19":null,"20":null,"21":null,"22":null,"23":null,"24":null,"25":null,"26":null,"27":null,"28":0.007074,"29":0.014148,"30":null,"31":null,"32":null,"33":null,"34":null,"35":null,"36":0.003537,"37":0.010611,"38":0.049518,"39":0.003537,"40":0.007074,"41":0.007074,"42":0.307719,"43":null,"44":null},"safari":{"3.1":null,"3.2":null,"4":0.003537,"5":0.007074,"5.1":0.024759,"6":0.007074,"6.1":0.017685,"7":0.031833,"7.1":0.045981,"8":0.088425,"9":0.099036,"9.1":0.307719,"10":1.02573,"10.1":null,"0":null},"ios_saf":{"3.2":0,"4.0-4.1":0,"4.2-4.3":0,"5.0-5.1":0,"6.0-6.1":0.0368446888011,"7.0-7.1":0.173170037365,"8":0,"8.1-8.4":0.208172491726,"9.0-9.2":0.0939539564428,"9.3":0.808740919184,"10.0-10.2":7.30722290648},"android":{"2.1":0,"2.2":0,"2.3":0,"3":0,"4":0.0388623733681,"4.1":0.125682569191,"4.2-4.3":0.382835720627,"4.4":0.867375099217,"4.4.3-4.4.4":0.485366237598,"53":null},"op_mob":{"10":0,"11":0,"11.1":0,"11.5":0,"12":0,"12.1":0,"0":0.0159176069869},"ie":{"5.5":null,"6":null,"7":0.00357036792453,"8":0.135673981132,"9":0.249925754717,"10":0.22850354717,"11":3.15977561321},"edge":{"12":0.028296,"13":0.17685,"14":0.962064,"15":null},"bb":{"7":0.02423625,"10":null},"ie_mob":{"10":0.0440487961165,"11":0.208008203883},"and_ff":{"0":0.012926},"samsung":{"0":3.29613},"and_uc":{"0":21.631661},"op_mini":{"0":7.27434639301},"and_chr":{"0":20.927228}},"total":98.1937485142}