{"id":"RS","name":"Serbia","month":"2017-01","access_date":"2017-02-02","data":{"chrome":{"4":null,"5":null,"6":null,"7":null,"8":0.007208,"9":null,"10":null,"11":0.028832,"12":0.014416,"13":null,"14":null,"15":null,"16":null,"17":null,"18":0.021624,"19":null,"20":null,"21":null,"22":0.057664,"23":null,"24":null,"25":0.014416,"26":0.064872,"27":0.014416,"28":null,"29":0.028832,"30":0.014416,"31":0.050456,"32":0.03604,"33":0.03604,"34":0.086496,"35":0.043248,"36":0.136952,"37":0.021624,"38":0.043248,"39":0.100912,"40":0.028832,"41":0.014416,"42":0.028832,"43":0.10812,"44":0.057664,"45":0.028832,"46":0.050456,"47":0.100912,"48":0.057664,"49":4.339216,"50":0.079288,"51":0.295528,"52":0.21624,"53":0.302736,"54":0.39644,"55":39.982776,"56":0.7208,"57":0.136952,"58":null,"59":null},"firefox":{"2":null,"3":0.021624,"3.5":null,"3.6":0.03604,"4":null,"5":null,"6":null,"7":null,"8":null,"9":null,"10":null,"11":0.007208,"12":0.014416,"13":null,"14":null,"15":0.007208,"16":0.014416,"17":null,"18":null,"19":null,"20":0.014416,"21":null,"22":null,"23":null,"24":0.007208,"25":null,"26":0.007208,"27":0.007208,"28":0.014416,"29":0.014416,"30":0.014416,"31":0.021624,"32":0.007208,"33":0.021624,"34":0.021624,"35":0.028832,"36":0.050456,"37":0.03604,"38":0.086496,"39":0.050456,"40":0.03604,"41":0.050456,"42":0.050456,"43":0.194616,"44":0.057664,"45":0.14416,"46":0.122536,"47":0.410856,"48":0.3604,"49":0.25228,"50":10.970576,"51":1.751544,"52":0.057664,"53":null,"54":null},"opera":{"9":null,"9.5-9.6":null,"10.0-10.1":0,"10.5":null,"10.6":null,"11":null,"11.1":null,"11.5":null,"11.6":0.014416,"12":0.007208,"12.1":0.230656,"15":null,"16":null,"17":null,"18":null,"19":null,"20":0.007208,"21":null,"22":null,"23":null,"24":null,"25":null,"26":0.007208,"27":null,"28":0.014416,"29":0.007208,"30":0.014416,"31":0.007208,"32":null,"33":null,"34":0.007208,"35":0.021624,"36":0.25228,"37":0.021624,"38":0.028832,"39":0.021624,"40":0.021624,"41":0.03604,"42":2.465136,"43":0.014416,"44":null},"safari":{"3.1":null,"3.2":null,"4":0.007208,"5":0.014416,"5.1":0.028832,"6":null,"6.1":0.014416,"7":null,"7.1":null,"8":0.021624,"9":0.021624,"9.1":0.100912,"10":0.353192,"10.1":null,"0":null},"ios_saf":{"3.2":0,"4.0-4.1":0,"4.2-4.3":0,"5.0-5.1":0,"6.0-6.1":0.0111358086901,"7.0-7.1":0.0523383008434,"8":0,"8.1-8.4":0.062917319099,"9.0-9.2":0.0283963121597,"9.3":0.244431000747,"10.0-10.2":2.20850925846},"android":{"2.1":0,"2.2":0,"2.3":0,"3":0,"4":0.0482525152306,"4.1":0.156050687554,"4.2-4.3":0.475338607485,"4.4":1.07695507398,"4.4.3-4.4.4":0.602643115753,"53":null},"op_mob":{"10":0,"11":0,"11.1":0,"11.5":0,"12":0,"12.1":0,"0":0.00207875982533},"ie":{"5.5":null,"6":0.0150772844037,"7":0.0150772844037,"8":0.399548036697,"9":0.188466055046,"10":0.113079633028,"11":1.73388770642},"edge":{"12":0.03604,"13":0.129744,"14":0.79288,"15":null},"bb":{"7":0.009772,"10":null},"ie_mob":{"10":0.130275262136,"11":0.615188737864},"and_ff":{"0":0.01396},"samsung":{"0":1.8148},"and_uc":{"0":0.103304},"op_mini":{"0":0.949993240175},"and_chr":{"0":19.510048}},"total":98.033988}