{"id":"RU","name":"Russian Federation","month":"2017-01","access_date":"2017-02-02","data":{"chrome":{"4":0.030732,"5":0.015366,"6":0.015366,"7":0.015366,"8":0.015366,"9":0.015366,"10":0.023049,"11":0.046098,"12":0.038415,"13":0.038415,"14":0.038415,"15":0.046098,"16":0.046098,"17":0.069147,"18":0.099879,"19":0.038415,"20":0.046098,"21":0.07683,"22":0.092196,"23":0.061464,"24":0.07683,"25":0.046098,"26":0.069147,"27":0.084513,"28":0.084513,"29":0.053781,"30":0.015366,"31":0.437931,"32":0.030732,"33":0.038415,"34":0.046098,"35":0.053781,"36":0.046098,"37":0.030732,"38":0.061464,"39":0.115245,"40":0.115245,"41":0.176709,"42":0.061464,"43":0.338052,"44":0.053781,"45":0.184392,"46":0.061464,"47":0.107562,"48":0.368784,"49":2.051361,"50":0.245856,"51":1.160133,"52":0.414882,"53":0.407199,"54":0.706836,"55":29.495037,"56":0.445614,"57":0.176709,"58":0.007683,"59":null},"firefox":{"2":0.023049,"3":0.084513,"3.5":0.115245,"3.6":0.399516,"4":0.030732,"5":0.007683,"6":0.007683,"7":null,"8":0.030732,"9":0.015366,"10":0.023049,"11":0.015366,"12":0.038415,"13":0.015366,"14":0.015366,"15":0.023049,"16":0.015366,"17":0.015366,"18":0.015366,"19":0.015366,"20":0.023049,"21":0.038415,"22":0.023049,"23":0.023049,"24":0.038415,"25":0.238173,"26":0.023049,"27":0.007683,"28":0.023049,"29":0.015366,"30":0.015366,"31":0.038415,"32":0.015366,"33":0.023049,"34":0.038415,"35":0.038415,"36":0.038415,"37":0.023049,"38":0.169026,"39":0.023049,"40":0.030732,"41":0.030732,"42":0.038415,"43":0.176709,"44":0.030732,"45":0.253539,"46":0.107562,"47":0.514761,"48":0.376467,"49":0.161343,"50":5.785299,"51":0.729885,"52":0.015366,"53":null,"54":null},"opera":{"9":null,"9.5-9.6":0.007683,"10.0-10.1":0.015366,"10.5":0.023049,"10.6":0.053781,"11":0.015366,"11.1":0.015366,"11.5":0.038415,"11.6":0.138294,"12":0.161343,"12.1":0.99879,"15":0.007683,"16":0.015366,"17":0.015366,"18":0.107562,"19":0.015366,"20":0.030732,"21":0.015366,"22":0.007683,"23":null,"24":0.015366,"25":0.015366,"26":0.015366,"27":0.092196,"28":0.038415,"29":0.023049,"30":0.023049,"31":0.015366,"32":0.015366,"33":0.038415,"34":0.030732,"35":0.046098,"36":0.46098,"37":0.092196,"38":0.184392,"39":0.038415,"40":0.038415,"41":0.099879,"42":3.803085,"43":0.023049,"44":0.007683},"safari":{"3.1":0.007683,"3.2":null,"4":0.07683,"5":0.092196,"5.1":0.07683,"6":0.015366,"6.1":0.038415,"7":0.023049,"7.1":null,"8":0.069147,"9":0.069147,"9.1":0.345735,"10":1.336842,"10.1":null,"0":null},"ios_saf":{"3.2":0,"4.0-4.1":0,"4.2-4.3":0,"5.0-5.1":0,"6.0-6.1":0.0231130223124,"7.0-7.1":0.108631204868,"8":0,"8.1-8.4":0.130588576065,"9.0-9.2":0.0589382068966,"9.3":0.507330839757,"10.0-10.2":4.5838901501},"android":{"2.1":0,"2.2":0,"2.3":0,"3":0,"4":0.0278051018277,"4.1":0.0899228825065,"4.2-4.3":0.273909832898,"4.4":0.620586208877,"4.4.3-4.4.4":0.34726797389,"53":null},"op_mob":{"10":0,"11":0,"11.1":0,"11.5":0,"12":0,"12.1":0,"0":0.00195191266376},"ie":{"5.5":null,"6":0.0505431642857,"7":0.0505431642857,"8":1.06140645,"9":0.35380215,"10":0.581246389286,"11":2.61982068214},"edge":{"12":0.038415,"13":0.184392,"14":0.906594,"15":null},"bb":{"7":0.007527,"10":null},"ie_mob":{"10":0.0813523106796,"11":0.38416368932},"and_ff":{"0":0.016212},"samsung":{"0":1.202004},"and_uc":{"0":1.058412},"op_mini":{"0":0.892024087336},"and_chr":{"0":12.136323}},"total":86.121096}