{"id":"SA","name":"Saudi Arabia","month":"2017-01","access_date":"2017-02-02","data":{"chrome":{"4":null,"5":null,"6":null,"7":null,"8":null,"9":null,"10":null,"11":0.007534,"12":null,"13":null,"14":null,"15":null,"16":null,"17":null,"18":null,"19":0.003767,"20":0.003767,"21":0.003767,"22":0.011301,"23":0.003767,"24":0.007534,"25":0.007534,"26":0.007534,"27":0.007534,"28":0.011301,"29":0.018835,"30":0.011301,"31":0.067806,"32":0.030136,"33":0.079107,"34":0.022602,"35":0.022602,"36":0.11301,"37":0.011301,"38":0.030136,"39":0.033903,"40":0.018835,"41":0.018835,"42":0.015068,"43":0.501011,"44":0.026369,"45":0.026369,"46":0.026369,"47":0.048971,"48":0.056505,"49":0.998255,"50":0.052738,"51":0.222253,"52":0.15068,"53":0.312661,"54":0.384234,"55":22.756447,"56":0.361632,"57":0.128078,"58":null,"59":null},"firefox":{"2":null,"3":0.015068,"3.5":null,"3.6":0.003767,"4":null,"5":null,"6":null,"7":null,"8":null,"9":null,"10":null,"11":null,"12":0.003767,"13":null,"14":null,"15":null,"16":null,"17":null,"18":0.011301,"19":null,"20":null,"21":null,"22":null,"23":null,"24":null,"25":null,"26":0.003767,"27":0.003767,"28":0.011301,"29":null,"30":null,"31":0.007534,"32":null,"33":0.003767,"34":0.007534,"35":0.015068,"36":0.007534,"37":0.007534,"38":0.015068,"39":0.015068,"40":0.011301,"41":0.007534,"42":0.011301,"43":0.064039,"44":0.026369,"45":0.060272,"46":0.041437,"47":0.15068,"48":0.143146,"49":0.071573,"50":2.418414,"51":0.361632,"52":0.018835,"53":null,"54":null},"opera":{"9":null,"9.5-9.6":null,"10.0-10.1":0,"10.5":null,"10.6":null,"11":null,"11.1":null,"11.5":null,"11.6":null,"12":null,"12.1":0.007534,"15":null,"16":null,"17":null,"18":null,"19":null,"20":null,"21":null,"22":null,"23":null,"24":null,"25":null,"26":0.003767,"27":null,"28":null,"29":null,"30":null,"31":null,"32":null,"33":null,"34":null,"35":0.011301,"36":0.003767,"37":null,"38":0.030136,"39":0.003767,"40":0.022602,"41":0.011301,"42":0.033903,"43":null,"44":null},"safari":{"3.1":null,"3.2":null,"4":0.007534,"5":null,"5.1":0.022602,"6":0.007534,"6.1":0.011301,"7":0.011301,"7.1":0.003767,"8":0.109243,"9":0.094175,"9.1":0.320195,"10":1.020857,"10.1":null,"0":null},"ios_saf":{"3.2":0,"4.0-4.1":0,"4.2-4.3":0,"5.0-5.1":0,"6.0-6.1":0.051663298815,"7.0-7.1":0.24281750443,"8":0,"8.1-8.4":0.291897638305,"9.0-9.2":0.131741411978,"9.3":1.13400940899,"10.0-10.2":10.2461237375},"android":{"2.1":0,"2.2":0,"2.3":0,"3":0,"4":0.0571114221062,"4.1":0.184700769365,"4.2-4.3":0.562608264578,"4.4":1.27467833594,"4.4.3-4.4.4":0.713285208007,"53":null},"op_mob":{"10":0,"11":0,"11.1":0,"11.5":0,"12":0,"12.1":0,"0":0.000163310043668},"ie":{"5.5":null,"6":0.00765788900308,"7":0.00765788900308,"8":0.271855059609,"9":0.271855059609,"10":0.214420892086,"11":2.95211621069},"edge":{"12":0.060272,"13":0.154447,"14":0.82874,"15":null},"bb":{"7":0.0280485,"10":null},"ie_mob":{"10":0.0196067184466,"11":0.0925872815534},"and_ff":{"0":0.024932},"samsung":{"0":4.151178},"and_uc":{"0":18.275156},"op_mini":{"0":0.0746326899563},"and_chr":{"0":24.539652}},"total":98.7419695}