{"id":"SB","name":"Solomon Islands","month":"2017-01","access_date":"2017-02-02","data":{"chrome":{"4":null,"5":null,"6":null,"7":null,"8":0.03532,"9":null,"10":null,"11":0.045916,"12":0.003532,"13":0.007064,"14":null,"15":null,"16":null,"17":null,"18":null,"19":0.001766,"20":null,"21":0.015894,"22":null,"23":null,"24":null,"25":null,"26":0.003532,"27":null,"28":null,"29":0.001766,"30":null,"31":0.037086,"32":0.577482,"33":0.007064,"34":0.003532,"35":null,"36":0.003532,"37":null,"38":0.003532,"39":0.003532,"40":null,"41":0.010596,"42":0.001766,"43":0.010596,"44":0.003532,"45":0.086534,"46":0.049448,"47":null,"48":0.005298,"49":0.107726,"50":0.012362,"51":0.014128,"52":0.00883,"53":0.162472,"54":0.098896,"55":5.559368,"56":0.054746,"57":0.010596,"58":null,"59":null},"firefox":{"2":null,"3":0.098896,"3.5":null,"3.6":null,"4":null,"5":null,"6":0.038852,"7":0.045916,"8":null,"9":0.001766,"10":null,"11":null,"12":0.007064,"13":null,"14":null,"15":0.00883,"16":0.003532,"17":0.001766,"18":null,"19":0.03532,"20":0.003532,"21":0.003532,"22":0.003532,"23":null,"24":0.005298,"25":0.010596,"26":0.001766,"27":0.005298,"28":null,"29":null,"30":0.003532,"31":null,"32":null,"33":null,"34":null,"35":0.001766,"36":0.001766,"37":0.03532,"38":null,"39":0.010596,"40":0.007064,"41":null,"42":null,"43":0.033554,"44":0.038852,"45":0.01766,"46":0.022958,"47":0.081236,"48":0.109492,"49":0.0883,"50":1.824278,"51":0.245474,"52":0.024724,"53":null,"54":null},"opera":{"9":null,"9.5-9.6":null,"10.0-10.1":0,"10.5":null,"10.6":null,"11":null,"11.1":null,"11.5":null,"11.6":null,"12":null,"12.1":null,"15":null,"16":null,"17":null,"18":null,"19":0.12362,"20":null,"21":null,"22":null,"23":null,"24":null,"25":null,"26":null,"27":null,"28":null,"29":0.021192,"30":null,"31":null,"32":null,"33":0.033554,"34":null,"35":null,"36":0.003532,"37":0.037086,"38":null,"39":null,"40":null,"41":0.00883,"42":0.266666,"43":null,"44":null},"safari":{"3.1":0.021192,"3.2":null,"4":0,"5":0.010596,"5.1":0.077704,"6":0.003532,"6.1":0.01766,"7":0.003532,"7.1":null,"8":0.157174,"9":0.045916,"9.1":0.07064,"10":0.554524,"10.1":null,"0":null},"ios_saf":{"3.2":0,"4.0-4.1":0,"4.2-4.3":0,"5.0-5.1":0,"6.0-6.1":0.010794653571,"7.0-7.1":0.0507348717839,"8":0,"8.1-8.4":0.0609897926764,"9.0-9.2":0.0275263666062,"9.3":0.236942645884,"10.0-10.2":2.14084966948},"android":{"2.1":0,"2.2":0,"2.3":0,"3":0,"4":0.0924551357702,"4.1":0.299003843342,"4.2-4.3":0.910781443864,"4.4":2.06351994517,"4.4.3-4.4.4":1.15470563185,"53":null},"op_mob":{"10":0,"11":0,"11.1":0,"11.5":0,"12":0,"12.1":0,"0":0.039408139738},"ie":{"5.5":null,"6":null,"7":null,"8":0.231540653765,"9":0.130793957089,"10":0.330519864535,"11":3.50845952461},"edge":{"12":0.038852,"13":0.151876,"14":0.063576,"15":null},"bb":{"7":0,"10":null},"ie_mob":{"10":0.303618757282,"11":1.43375524272},"and_ff":{"0":null},"samsung":{"0":3.927618},"and_uc":{"0":25.393656},"op_mini":{"0":18.0095198603},"and_chr":{"0":23.154202}},"total":94.992162}