{"id":"SC","name":"Seychelles","month":"2017-01","access_date":"2017-02-02","data":{"chrome":{"4":null,"5":null,"6":null,"7":null,"8":null,"9":null,"10":null,"11":0.069748,"12":0.104622,"13":null,"14":null,"15":0.009964,"16":null,"17":null,"18":0.064766,"19":null,"20":null,"21":null,"22":null,"23":null,"24":0.004982,"25":null,"26":null,"27":null,"28":null,"29":0.02491,"30":0.019928,"31":0.064766,"32":0.009964,"33":0.009964,"34":0.14946,"35":0.004982,"36":1.69388,"37":null,"38":0.014946,"39":0.269028,"40":0.014946,"41":0.139496,"42":0.009964,"43":0.239136,"44":0.009964,"45":0.04982,"46":0.014946,"47":0.014946,"48":0.034874,"49":0.662606,"50":0.363686,"51":1.61915,"52":0.254082,"53":0.139496,"54":0.288956,"55":15.010766,"56":0.214226,"57":0.104622,"58":null,"59":null},"firefox":{"2":0.009964,"3":0.02491,"3.5":0.004982,"3.6":0.034874,"4":null,"5":0.009964,"6":0.004982,"7":null,"8":null,"9":null,"10":0.29892,"11":0.019928,"12":0.014946,"13":0.019928,"14":0.009964,"15":null,"16":null,"17":0.029892,"18":0.004982,"19":null,"20":null,"21":0.029892,"22":null,"23":null,"24":0.07473,"25":null,"26":null,"27":null,"28":0.064766,"29":0.089676,"30":0.129532,"31":0.09964,"32":0.014946,"33":0.019928,"34":null,"35":0.014946,"36":0.054802,"37":0.069748,"38":0.2491,"39":0.129532,"40":0.014946,"41":0.009964,"42":0.503182,"43":0.338776,"44":0.114586,"45":4.593404,"46":0.214226,"47":1.051202,"48":0.353722,"49":0.388596,"50":7.567658,"51":0.916688,"52":0.04982,"53":0.02491,"54":null},"opera":{"9":null,"9.5-9.6":null,"10.0-10.1":0,"10.5":null,"10.6":null,"11":null,"11.1":null,"11.5":null,"11.6":null,"12":0.004982,"12.1":0.069748,"15":null,"16":null,"17":null,"18":null,"19":null,"20":null,"21":null,"22":null,"23":null,"24":null,"25":null,"26":null,"27":null,"28":null,"29":0.004982,"30":null,"31":null,"32":null,"33":null,"34":0.014946,"35":0.004982,"36":0.014946,"37":null,"38":0.363686,"39":null,"40":0.009964,"41":0.009964,"42":0.154442,"43":null,"44":null},"safari":{"3.1":null,"3.2":null,"4":0.019928,"5":0.004982,"5.1":0.059784,"6":null,"6.1":null,"7":0.014946,"7.1":null,"8":0.054802,"9":0.064766,"9.1":0.39856,"10":1.101022,"10.1":null,"0":null},"ios_saf":{"3.2":0,"4.0-4.1":0,"4.2-4.3":0,"5.0-5.1":0,"6.0-6.1":0.0354211764706,"7.0-7.1":0.166479529412,"8":0,"8.1-8.4":0.200129647059,"9.0-9.2":0.090324,"9.3":0.777494823529,"10.0-10.2":7.02490482353},"android":{"2.1":0,"2.2":0,"2.3":0,"3":0,"4":0.0692759138381,"4.1":0.224041253264,"4.2-4.3":0.682441449086,"4.4":1.54617943864,"4.4.3-4.4.4":0.86521194517,"53":null},"op_mob":{"10":0,"11":0,"11.1":0,"11.5":0,"12":0,"12.1":0,"0":0.00506182532751},"ie":{"5.5":null,"6":0.0253501975052,"7":0.0152101185031,"8":0.790926162162,"9":0.39039304158,"10":0.866976754678,"11":2.78345168607},"edge":{"12":0.184334,"13":0.493218,"14":0.752282,"15":null},"bb":{"7":0.0313625,"10":null},"ie_mob":{"10":0.166617087379,"11":0.786802912621},"and_ff":{"0":0.045162},"samsung":{"0":5.263882},"and_uc":{"0":8.992256},"op_mini":{"0":2.31325417467},"and_chr":{"0":21.03547}},"total":98.3680924605}