{"id":"SD","name":"Sudan","month":"2017-01","access_date":"2017-02-02","data":{"chrome":{"4":0.010596,"5":0.00883,"6":0.014128,"7":0.001766,"8":0.007064,"9":0.02649,"10":0.010596,"11":0.068874,"12":0.007064,"13":0.014128,"14":0.001766,"15":0.001766,"16":0.005298,"17":0.014128,"18":0.00883,"19":0.014128,"20":0.012362,"21":0.00883,"22":0.033554,"23":0.02649,"24":0.02649,"25":0.04415,"26":0.060044,"27":0.13245,"28":0.042384,"29":0.164238,"30":0.02649,"31":0.137748,"32":0.054746,"33":0.095364,"34":0.031788,"35":0.042384,"36":0.083002,"37":0.019426,"38":0.037086,"39":0.081236,"40":0.100662,"41":0.05298,"42":0.06181,"43":0.842382,"44":0.07947,"45":0.063576,"46":0.090066,"47":0.093598,"48":0.11479,"49":0.157174,"50":0.127152,"51":0.240176,"52":0.224282,"53":0.346136,"54":0.540396,"55":1.36865,"56":0.019426,"57":0.005298,"58":null,"59":null},"firefox":{"2":0.001766,"3":0.072406,"3.5":0.001766,"3.6":0.024724,"4":0.00883,"5":0.010596,"6":0.007064,"7":0.005298,"8":0.005298,"9":0.014128,"10":0.015894,"11":0.00883,"12":0.019426,"13":0.012362,"14":0.00883,"15":0.010596,"16":0.019426,"17":0.01766,"18":0.014128,"19":0.015894,"20":0.00883,"21":0.014128,"22":0.015894,"23":0.019426,"24":0.012362,"25":0.014128,"26":0.010596,"27":0.010596,"28":0.007064,"29":0.030022,"30":0.030022,"31":0.072406,"32":0.014128,"33":0.033554,"34":0.02649,"35":0.049448,"36":0.07064,"37":0.031788,"38":0.030022,"39":0.037086,"40":0.04415,"41":0.038852,"42":0.047682,"43":0.206622,"44":0.188962,"45":0.111258,"46":0.067108,"47":0.346136,"48":0.164238,"49":0.213686,"50":4.14127,"51":0.701102,"52":0.04415,"53":null,"54":null},"opera":{"9":null,"9.5-9.6":null,"10.0-10.1":0,"10.5":0.001766,"10.6":0.001766,"11":0.003532,"11.1":null,"11.5":0.049448,"11.6":0.007064,"12":0.007064,"12.1":0.038852,"15":null,"16":0.001766,"17":0.001766,"18":0.003532,"19":null,"20":0.005298,"21":0.001766,"22":0.001766,"23":null,"24":null,"25":0.001766,"26":0.003532,"27":0.014128,"28":0.012362,"29":0.003532,"30":0.00883,"31":0.003532,"32":0.007064,"33":0.003532,"34":0.015894,"35":0.010596,"36":0.02649,"37":0.00883,"38":0.010596,"39":0.007064,"40":0.021192,"41":0.028256,"42":0.780572,"43":0.00883,"44":0.014128},"safari":{"3.1":null,"3.2":null,"4":0.005298,"5":0.003532,"5.1":0.014128,"6":0.005298,"6.1":null,"7":0.003532,"7.1":null,"8":0.01766,"9":0.015894,"9.1":0.081236,"10":0.250772,"10.1":null,"0":null},"ios_saf":{"3.2":0,"4.0-4.1":0,"4.2-4.3":0,"5.0-5.1":0,"6.0-6.1":0.00745428845949,"7.0-7.1":0.0350351557596,"8":0,"8.1-8.4":0.0421167297961,"9.0-9.2":0.0190084355717,"9.3":0.163621631686,"10.0-10.2":1.47837175873},"android":{"2.1":0,"2.2":0,"2.3":0,"3":0,"4":0.190636090513,"4.1":0.616525228895,"4.2-4.3":1.87796829591,"4.4":4.25483529678,"4.4.3-4.4.4":2.3809230879,"53":null},"op_mob":{"10":0,"11":0,"11.1":0,"11.5":0,"12":0,"12.1":0,"0":0.0690361572052},"ie":{"5.5":null,"6":0.0108344618395,"7":0.00902871819961,"8":0.482133551859,"9":0.137236516634,"10":0.0722297455969,"11":1.13220126223},"edge":{"12":0.109492,"13":0.072406,"14":0.183664,"15":null},"bb":{"7":0.0061755,"10":null},"ie_mob":{"10":0.0402906407767,"11":0.190261359223},"and_ff":{"0":0.032936},"samsung":{"0":4.5287},"and_uc":{"0":16.245682},"op_mini":{"0":31.5495238428},"and_chr":{"0":17.856808}},"total":98.3611037564}