{"id":"SE","name":"Sweden","month":"2017-01","access_date":"2017-02-02","data":{"chrome":{"4":null,"5":null,"6":null,"7":null,"8":null,"9":null,"10":null,"11":0.005621,"12":null,"13":null,"14":null,"15":null,"16":null,"17":null,"18":null,"19":null,"20":null,"21":null,"22":0.016863,"23":null,"24":null,"25":null,"26":null,"27":null,"28":null,"29":0.011242,"30":null,"31":0.011242,"32":0.005621,"33":0.011242,"34":0.022484,"35":0.016863,"36":0.067452,"37":0.016863,"38":0.033726,"39":0.095557,"40":0.016863,"41":0.016863,"42":0.011242,"43":0.061831,"44":0.028105,"45":0.050589,"46":0.028105,"47":0.028105,"48":0.061831,"49":0.854392,"50":0.067452,"51":0.28105,"52":0.140525,"53":0.191114,"54":0.719488,"55":27.975717,"56":0.427196,"57":0.028105,"58":null,"59":null},"firefox":{"2":null,"3":null,"3.5":null,"3.6":0.005621,"4":null,"5":null,"6":null,"7":null,"8":null,"9":null,"10":null,"11":null,"12":null,"13":null,"14":null,"15":null,"16":null,"17":null,"18":null,"19":null,"20":null,"21":null,"22":null,"23":null,"24":0.005621,"25":null,"26":0.005621,"27":null,"28":null,"29":null,"30":null,"31":0.011242,"32":null,"33":null,"34":0.033726,"35":0.011242,"36":null,"37":0.022484,"38":0.050589,"39":0.016863,"40":0.011242,"41":0.011242,"42":0.033726,"43":0.039347,"44":0.022484,"45":0.16863,"46":0.033726,"47":0.123662,"48":0.202356,"49":0.101178,"50":5.042037,"51":0.601447,"52":0.005621,"53":null,"54":null},"opera":{"9":null,"9.5-9.6":null,"10.0-10.1":0,"10.5":null,"10.6":null,"11":null,"11.1":null,"11.5":null,"11.6":null,"12":null,"12.1":0.028105,"15":null,"16":null,"17":null,"18":null,"19":null,"20":null,"21":null,"22":null,"23":null,"24":null,"25":null,"26":null,"27":null,"28":0.011242,"29":null,"30":null,"31":null,"32":null,"33":null,"34":null,"35":null,"36":0.011242,"37":null,"38":0.028105,"39":null,"40":null,"41":0.011242,"42":0.275429,"43":null,"44":null},"safari":{"3.1":null,"3.2":null,"4":0,"5":0.028105,"5.1":0.073073,"6":0.011242,"6.1":0.101178,"7":0.073073,"7.1":0.011242,"8":0.410333,"9":0.432817,"9.1":1.152305,"10":3.366979,"10.1":null,"0":null},"ios_saf":{"3.2":0,"4.0-4.1":0,"4.2-4.3":0,"5.0-5.1":0,"6.0-6.1":0.0948448297214,"7.0-7.1":0.44577069969,"8":0,"8.1-8.4":0.535873287926,"9.0-9.2":0.241854315789,"9.3":2.08184401238,"10.0-10.2":18.8101008545},"android":{"2.1":0,"2.2":0,"2.3":0,"3":0,"4":0.0148672576153,"4.1":0.0480813437772,"4.2-4.3":0.146458303742,"4.4":0.331824536989,"4.4.3-4.4.4":0.185682557876,"53":null},"op_mob":{"10":0,"11":0,"11.1":0,"11.5":0,"12":0,"12.1":0,"0":0.000315517467249},"ie":{"5.5":null,"6":null,"7":0.00563329978118,"8":0.0844994967177,"9":0.185898892779,"10":0.202798792123,"11":7.2444235186},"edge":{"12":0.061831,"13":0.303534,"14":3.411947,"15":null},"bb":{"7":0.0021895,"10":null},"ie_mob":{"10":0.0267841747573,"11":0.126480825243},"and_ff":{"0":0.052548},"samsung":{"0":5.250421},"and_uc":{"0":0.078822},"op_mini":{"0":0.144191482533},"and_chr":{"0":15.034874}},"total":99.0431625}