{"id":"SG","name":"Singapore","month":"2017-01","access_date":"2017-02-02","data":{"chrome":{"4":null,"5":null,"6":null,"7":null,"8":null,"9":null,"10":null,"11":0.014052,"12":null,"13":null,"14":null,"15":null,"16":null,"17":null,"18":null,"19":null,"20":null,"21":0.004684,"22":0.028104,"23":null,"24":null,"25":null,"26":0.014052,"27":0.014052,"28":0.004684,"29":0.060892,"30":0.004684,"31":0.042156,"32":0.018736,"33":0.014052,"34":0.037472,"35":0.042156,"36":0.149888,"37":0.014052,"38":0.032788,"39":0.084312,"40":0.014052,"41":0.037472,"42":0.032788,"43":0.220148,"44":0.088996,"45":0.145204,"46":0.065576,"47":0.065576,"48":0.182676,"49":0.9368,"50":0.290408,"51":1.2881,"52":0.285724,"53":0.473084,"54":0.65576,"55":22.970336,"56":0.309144,"57":0.051524,"58":null,"59":null},"firefox":{"2":0.009368,"3":0.056208,"3.5":null,"3.6":0.018736,"4":null,"5":null,"6":null,"7":null,"8":null,"9":null,"10":0.004684,"11":null,"12":null,"13":null,"14":null,"15":null,"16":0.009368,"17":null,"18":null,"19":null,"20":null,"21":0.009368,"22":null,"23":null,"24":0.004684,"25":0.004684,"26":null,"27":null,"28":0.004684,"29":null,"30":null,"31":0.009368,"32":null,"33":0.004684,"34":0.018736,"35":0.004684,"36":0.009368,"37":0.014052,"38":0.056208,"39":0.014052,"40":0.009368,"41":0.014052,"42":0.018736,"43":0.126468,"44":0.02342,"45":0.14052,"46":0.098364,"47":0.505872,"48":0.487136,"49":0.103048,"50":3.260064,"51":0.37472,"52":0.009368,"53":null,"54":null},"opera":{"9":null,"9.5-9.6":0.004684,"10.0-10.1":0,"10.5":null,"10.6":null,"11":null,"11.1":null,"11.5":null,"11.6":0.004684,"12":0.009368,"12.1":0.028104,"15":null,"16":null,"17":null,"18":null,"19":null,"20":null,"21":null,"22":null,"23":null,"24":null,"25":null,"26":null,"27":null,"28":0.018736,"29":null,"30":null,"31":null,"32":null,"33":null,"34":null,"35":null,"36":0.009368,"37":0.018736,"38":0.192044,"39":0.004684,"40":null,"41":0.004684,"42":0.238884,"43":0.004684,"44":null},"safari":{"3.1":null,"3.2":null,"4":0.060892,"5":0.02342,"5.1":0.04684,"6":0.009368,"6.1":0.056208,"7":0.042156,"7.1":0.009368,"8":0.177992,"9":0.159256,"9.1":0.604236,"10":1.775236,"10.1":null,"0":null},"ios_saf":{"3.2":0,"4.0-4.1":0,"4.2-4.3":0,"5.0-5.1":0,"6.0-6.1":0.0675353901996,"7.0-7.1":0.317416333938,"8":0,"8.1-8.4":0.381574954628,"9.0-9.2":0.172215245009,"9.3":1.48240181488,"10.0-10.2":13.3939562613},"android":{"2.1":0,"2.2":0,"2.3":0,"3":0,"4":0.0253331227154,"4.1":0.0819283968668,"4.2-4.3":0.249558208877,"4.4":0.565413738903,"4.4.3-4.4.4":0.316394532637,"53":null},"op_mob":{"10":0,"11":0,"11.1":0,"11.5":0,"12":0,"12.1":0,"0":0.00471243668122},"ie":{"5.5":null,"6":0.0521786688852,"7":0.0521786688852,"8":1.19489151747,"9":0.323507747088,"10":0.511350955075,"11":4.12733270882},"edge":{"12":0.037472,"13":0.206096,"14":1.269364,"15":null},"bb":{"7":1.303749,"10":null},"ie_mob":{"10":0.0167221747573,"11":0.0789658252427},"and_ff":{"0":0.058476},"samsung":{"0":5.305368},"and_uc":{"0":5.778492},"op_mini":{"0":2.15358356332},"and_chr":{"0":17.46198}},"total":94.6120372662}