{"id":"SH","name":"Saint Helena","month":"2017-01","access_date":"2017-02-02","data":{"chrome":{"4":null,"5":null,"6":null,"7":null,"8":null,"9":null,"10":null,"11":null,"12":null,"13":null,"14":null,"15":null,"16":null,"17":null,"18":null,"19":null,"20":null,"21":null,"22":null,"23":null,"24":null,"25":null,"26":null,"27":null,"28":null,"29":null,"30":null,"31":null,"32":0.750658,"33":null,"34":null,"35":null,"36":null,"37":null,"38":null,"39":null,"40":null,"41":2.736576,"42":null,"43":0.750658,"44":null,"45":null,"46":null,"47":null,"48":null,"49":null,"50":null,"51":null,"52":5.720204,"53":2.983628,"54":11.193356,"55":12.191066,"56":null,"57":null,"58":null,"59":null},"firefox":{"2":null,"3":null,"3.5":null,"3.6":null,"4":null,"5":null,"6":null,"7":null,"8":null,"9":null,"10":null,"11":null,"12":null,"13":null,"14":null,"15":null,"16":null,"17":null,"18":null,"19":null,"20":null,"21":5.473152,"22":null,"23":null,"24":null,"25":null,"26":null,"27":null,"28":0.494104,"29":null,"30":null,"31":null,"32":null,"33":0.247052,"34":null,"35":null,"36":null,"37":0.99771,"38":null,"39":null,"40":null,"41":null,"42":null,"43":null,"44":null,"45":null,"46":null,"47":0.750658,"48":4.22839,"49":7.962676,"50":15.421746,"51":null,"52":null,"53":null,"54":null},"opera":{"9":null,"9.5-9.6":null,"10.0-10.1":0,"10.5":null,"10.6":null,"11":null,"11.1":null,"11.5":null,"11.6":null,"12":null,"12.1":2.242472,"15":null,"16":null,"17":null,"18":null,"19":null,"20":null,"21":null,"22":null,"23":null,"24":null,"25":null,"26":null,"27":null,"28":null,"29":null,"30":null,"31":null,"32":null,"33":null,"34":null,"35":null,"36":null,"37":null,"38":null,"39":null,"40":null,"41":null,"42":null,"43":null,"44":null},"safari":{"3.1":null,"3.2":null,"4":0,"5":null,"5.1":null,"6":null,"6.1":null,"7":1.738866,"7.1":null,"8":null,"9":null,"9.1":null,"10":null,"10.1":null,"0":null},"ios_saf":{"3.2":0,"4.0-4.1":0,"4.2-4.3":0,"5.0-5.1":0,"6.0-6.1":0.00212661471122,"7.0-7.1":0.00999508914274,"8":0,"8.1-8.4":0.0120153731184,"9.0-9.2":0.00542286751361,"9.3":0.0466791929113,"10.0-10.2":0.421760862603},"android":{"2.1":0,"2.2":0,"2.3":0,"3":0,"4":0.00509268929504,"4.1":0.0164699738903,"4.2-4.3":0.0501684073107,"4.4":0.113664490862,"4.4.3-4.4.4":0.0636044386423,"53":null},"op_mob":{"10":0,"11":0,"11.1":0,"11.5":0,"12":0,"12.1":0,"0":0.00108733624454},"ie":{"5.5":null,"6":null,"7":null,"8":2.37770504427,"9":0.79592668855,"10":1.58177835573,"11":8.44286791145},"edge":{"12":null,"13":null,"14":null,"15":null},"bb":{"7":0,"10":null},"ie_mob":{"10":0,"11":0},"and_ff":{"0":null},"samsung":{"0":null},"and_uc":{"0":null},"op_mini":{"0":0.496912663755},"and_chr":{"0":3.735}},"total":94.06125}