{"id":"SI","name":"Slovenia","month":"2017-01","access_date":"2017-02-02","data":{"chrome":{"4":null,"5":null,"6":null,"7":null,"8":null,"9":null,"10":null,"11":0.015036,"12":0.007518,"13":null,"14":null,"15":null,"16":null,"17":null,"18":null,"19":null,"20":null,"21":null,"22":0.015036,"23":null,"24":null,"25":null,"26":0.007518,"27":0.007518,"28":null,"29":0.015036,"30":0.015036,"31":0.052626,"32":0.060144,"33":0.007518,"34":0.022554,"35":0.233058,"36":0.293202,"37":0.022554,"38":0.03759,"39":0.060144,"40":0.015036,"41":0.022554,"42":0.030072,"43":0.090216,"44":0.052626,"45":0.022554,"46":0.052626,"47":0.052626,"48":0.03759,"49":1.8795,"50":0.105252,"51":0.3759,"52":0.240576,"53":0.180432,"54":0.398454,"55":35.37219,"56":0.503706,"57":0.060144,"58":null,"59":null},"firefox":{"2":null,"3":null,"3.5":null,"3.6":0.015036,"4":0.007518,"5":0.007518,"6":null,"7":null,"8":null,"9":0.007518,"10":null,"11":null,"12":null,"13":0.007518,"14":0.007518,"15":null,"16":null,"17":0.045108,"18":null,"19":0.007518,"20":0.015036,"21":null,"22":null,"23":null,"24":0.007518,"25":null,"26":0.030072,"27":null,"28":0.03759,"29":null,"30":0.007518,"31":0.105252,"32":0.015036,"33":0.022554,"34":0.007518,"35":0.015036,"36":0.015036,"37":0.120288,"38":0.060144,"39":0.045108,"40":0.030072,"41":0.067662,"42":0.022554,"43":0.11277,"44":0.030072,"45":0.22554,"46":0.052626,"47":0.368382,"48":0.240576,"49":0.210504,"50":16.268952,"51":1.744176,"52":0.022554,"53":0.015036,"54":null},"opera":{"9":null,"9.5-9.6":null,"10.0-10.1":0,"10.5":null,"10.6":null,"11":null,"11.1":null,"11.5":null,"11.6":null,"12":null,"12.1":0.067662,"15":null,"16":null,"17":null,"18":null,"19":null,"20":null,"21":null,"22":null,"23":null,"24":null,"25":null,"26":null,"27":null,"28":null,"29":null,"30":null,"31":null,"32":null,"33":null,"34":null,"35":null,"36":0.030072,"37":null,"38":0.060144,"39":null,"40":0.015036,"41":0.030072,"42":0.842016,"43":null,"44":null},"safari":{"3.1":null,"3.2":null,"4":0,"5":0.022554,"5.1":0.060144,"6":null,"6.1":0.03759,"7":0.007518,"7.1":0.015036,"8":0.097734,"9":0.105252,"9.1":0.473634,"10":1.864464,"10.1":null,"0":null},"ios_saf":{"3.2":0,"4.0-4.1":0,"4.2-4.3":0,"5.0-5.1":0,"6.0-6.1":0.0203581082524,"7.0-7.1":0.0956831087862,"8":0,"8.1-8.4":0.115023311626,"9.0-9.2":0.0519131760436,"9.3":0.44686047614,"10.0-10.2":4.03752181915},"android":{"2.1":0,"2.2":0,"2.3":0,"3":0,"4":0.0212275970409,"4.1":0.0686509521323,"4.2-4.3":0.209114413403,"4.4":0.473781899913,"4.4.3-4.4.4":0.265119137511,"53":null},"op_mob":{"10":0,"11":0,"11.1":0,"11.5":0,"12":0,"12.1":0,"0":0.000319862445415},"ie":{"5.5":null,"6":0.00755529166667,"7":null,"8":0.241769333333,"9":0.203992875,"10":0.234214041667,"11":6.92820245833},"edge":{"12":0.052626,"13":0.233058,"14":2.052414,"15":null},"bb":{"7":0.01303575,"10":null},"ie_mob":{"10":0.0650883495146,"11":0.307361650485},"and_ff":{"0":0.02483},"samsung":{"0":2.952287},"and_uc":{"0":0.027313},"op_mini":{"0":0.146177137555},"and_chr":{"0":15.393566}},"total":98.80256875}