{"id":"SL","name":"Sierra Leone","month":"2017-01","access_date":"2017-02-02","data":{"chrome":{"4":null,"5":null,"6":null,"7":null,"8":null,"9":null,"10":null,"11":0.003988,"12":null,"13":null,"14":null,"15":null,"16":null,"17":null,"18":null,"19":null,"20":null,"21":null,"22":null,"23":null,"24":0.013958,"25":0.003988,"26":0.051844,"27":null,"28":0.011964,"29":0.025922,"30":null,"31":0.027916,"32":0.165502,"33":0.055832,"34":null,"35":null,"36":0.223328,"37":null,"38":0.001994,"39":null,"40":0.001994,"41":null,"42":0.005982,"43":0.297106,"44":0.023928,"45":0.10967,"46":0.05982,"47":0.025922,"48":0.011964,"49":0.107676,"50":0.013958,"51":0.071784,"52":0.121634,"53":0.372878,"54":0.11964,"55":6.72975,"56":0.16949,"57":0.007976,"58":null,"59":null},"firefox":{"2":null,"3":0.011964,"3.5":0.003988,"3.6":0.015952,"4":0.025922,"5":0.017946,"6":0.003988,"7":0.003988,"8":0.001994,"9":0.003988,"10":0.001994,"11":0.017946,"12":0.031904,"13":0.017946,"14":0.005982,"15":0.00997,"16":0.02991,"17":0.001994,"18":0.005982,"19":0.057826,"20":0.071784,"21":0.01994,"22":0.005982,"23":0.007976,"24":0.015952,"25":0.03988,"26":0.003988,"27":0.007976,"28":null,"29":0.023928,"30":0.02991,"31":0.005982,"32":0.001994,"33":0.013958,"34":0.005982,"35":0.005982,"36":0.013958,"37":0.01994,"38":0.017946,"39":0.06979,"40":0.01994,"41":0.047856,"42":0.007976,"43":0.103688,"44":0.255232,"45":0.05982,"46":0.015952,"47":0.40877,"48":0.117646,"49":0.291124,"50":3.567266,"51":0.815546,"52":0.05982,"53":null,"54":null},"opera":{"9":null,"9.5-9.6":null,"10.0-10.1":0.001994,"10.5":null,"10.6":null,"11":null,"11.1":null,"11.5":0.005982,"11.6":0.045862,"12":null,"12.1":0.011964,"15":0.015952,"16":null,"17":null,"18":0.003988,"19":null,"20":null,"21":null,"22":null,"23":null,"24":null,"25":null,"26":null,"27":0.001994,"28":null,"29":0.015952,"30":0.001994,"31":null,"32":null,"33":null,"34":0.005982,"35":null,"36":0.025922,"37":0.005982,"38":null,"39":0.007976,"40":0.003988,"41":0.01994,"42":0.490524,"43":0.007976,"44":null},"safari":{"3.1":null,"3.2":null,"4":0,"5":null,"5.1":null,"6":0.003988,"6.1":null,"7":0.001994,"7.1":0.00997,"8":0.041874,"9":0.023928,"9.1":0.077766,"10":0.285142,"10.1":null,"0":null},"ios_saf":{"3.2":0,"4.0-4.1":0,"4.2-4.3":0,"5.0-5.1":0,"6.0-6.1":0.00765717945981,"7.0-7.1":0.0359887434611,"8":0,"8.1-8.4":0.0432630639479,"9.0-9.2":0.0195258076225,"9.3":0.168075089143,"10.0-10.2":1.51861011637},"android":{"2.1":0,"2.2":0,"2.3":0,"3":0,"4":0.0412581462141,"4.1":0.133430600522,"4.2-4.3":0.406436631854,"4.4":0.920846710183,"4.4.3-4.4.4":0.515287911227,"53":null},"op_mob":{"10":0,"11":0,"11.1":0,"11.5":0,"12":0,"12.1":0,"0":0.123098722707},"ie":{"5.5":null,"6":0.00199623542601,"7":0.00598870627803,"8":0.277476724215,"9":0.0319397668161,"10":0.117777890135,"11":1.27359820179},"edge":{"12":0.187436,"13":0.221334,"14":0.486536,"15":null},"bb":{"7":0.01601,"10":null},"ie_mob":{"10":0.0881327184466,"11":0.416182281553},"and_ff":{"0":null},"samsung":{"0":1.40888},"and_uc":{"0":9.87817},"op_mini":{"0":56.2561162773},"and_chr":{"0":7.723897}},"total":98.7056605247}