{"id":"SM","name":"San Marino","month":"2017-01","access_date":"2017-02-02","data":{"chrome":{"4":null,"5":null,"6":null,"7":null,"8":null,"9":null,"10":null,"11":0.015656,"12":0.054796,"13":null,"14":null,"15":null,"16":0.07828,"17":null,"18":null,"19":null,"20":null,"21":0.007828,"22":0.054796,"23":null,"24":null,"25":null,"26":null,"27":0.015656,"28":null,"29":0.211356,"30":null,"31":0.03914,"32":0.023484,"33":null,"34":0.03914,"35":null,"36":null,"37":null,"38":0.03914,"39":null,"40":0.015656,"41":null,"42":0.023484,"43":0.015656,"44":0.023484,"45":null,"46":0.03914,"47":null,"48":0.046968,"49":2.567584,"50":0.007828,"51":0.11742,"52":0.15656,"53":0.070452,"54":0.422712,"55":43.774176,"56":0.618412,"57":0.015656,"58":null,"59":null},"firefox":{"2":null,"3":null,"3.5":0.023484,"3.6":0.07828,"4":null,"5":null,"6":null,"7":0.007828,"8":null,"9":null,"10":null,"11":0.031312,"12":null,"13":null,"14":null,"15":null,"16":0.03914,"17":0.015656,"18":0.007828,"19":null,"20":null,"21":0.062624,"22":0.109592,"23":null,"24":0.031312,"25":0.023484,"26":null,"27":null,"28":null,"29":null,"30":null,"31":null,"32":0.015656,"33":null,"34":null,"35":null,"36":null,"37":0.031312,"38":null,"39":null,"40":0.109592,"41":0.015656,"42":0.015656,"43":0.054796,"44":0.015656,"45":0.054796,"46":0.023484,"47":0.187872,"48":0.266152,"49":0.062624,"50":11.46802,"51":1.48732,"52":null,"53":0.133076,"54":0.023484},"opera":{"9":null,"9.5-9.6":null,"10.0-10.1":0,"10.5":null,"10.6":null,"11":null,"11.1":null,"11.5":null,"11.6":null,"12":0.007828,"12.1":0.031312,"15":null,"16":null,"17":null,"18":null,"19":null,"20":null,"21":null,"22":null,"23":null,"24":null,"25":null,"26":null,"27":null,"28":null,"29":null,"30":null,"31":null,"32":null,"33":null,"34":null,"35":null,"36":null,"37":null,"38":null,"39":null,"40":null,"41":null,"42":0.172216,"43":null,"44":null},"safari":{"3.1":null,"3.2":null,"4":0,"5":0.03914,"5.1":0.211356,"6":null,"6.1":0.125248,"7":null,"7.1":null,"8":0.258324,"9":0.375744,"9.1":0.74366,"10":4.117528,"10.1":null,"0":null},"ios_saf":{"3.2":0,"4.0-4.1":0,"4.2-4.3":0,"5.0-5.1":0,"6.0-6.1":0.0327782555781,"7.0-7.1":0.154057801217,"8":0,"8.1-8.4":0.185197144016,"9.0-9.2":0.0835845517241,"9.3":0.719482709939,"10.0-10.2":6.50074753753},"android":{"2.1":0,"2.2":0,"2.3":0,"3":0,"4":0.0124828563969,"4.1":0.0403700887728,"4.2-4.3":0.122969415144,"4.4":0.27860673107,"4.4.3-4.4.4":0.155902908616,"53":null},"op_mob":{"10":0,"11":0,"11.1":0,"11.5":0,"12":0,"12.1":0,"0":0.000161240174672},"ie":{"5.5":null,"6":0.007828,"7":null,"8":1.659536,"9":0.258324,"10":0.148732,"11":4.250604},"edge":{"12":0.023484,"13":0.148732,"14":1.980484,"15":null},"bb":{"7":0.000543,"10":null},"ie_mob":{"10":0.0603520776699,"11":0.28499592233},"and_ff":{"0":null},"samsung":{"0":2.940888},"and_uc":{"0":0.056472},"op_mini":{"0":0.0736867598253},"and_chr":{"0":9.918256}},"total":99.071767}