{"id":"SN","name":"Senegal","month":"2017-01","access_date":"2017-02-02","data":{"chrome":{"4":null,"5":0.017232,"6":0.02872,"7":0.011488,"8":0.005744,"9":0.011488,"10":0.011488,"11":0.103392,"12":0.05744,"13":0.034464,"14":0.034464,"15":0.011488,"16":0.05744,"17":0.02872,"18":0.022976,"19":0.034464,"20":null,"21":null,"22":0.011488,"23":0.011488,"24":null,"25":0.011488,"26":0.011488,"27":0.017232,"28":0.022976,"29":0.045952,"30":0.034464,"31":0.045952,"32":0.137856,"33":0.063184,"34":0.011488,"35":0.011488,"36":0.120624,"37":0.011488,"38":0.017232,"39":0.02872,"40":0.05744,"41":0.022976,"42":0.022976,"43":0.292944,"44":0.05744,"45":0.08616,"46":0.02872,"47":0.195296,"48":0.05744,"49":1.75192,"50":0.097648,"51":0.120624,"52":0.264224,"53":0.700768,"54":0.321664,"55":27.266768,"56":0.361872,"57":0.034464,"58":null,"59":null},"firefox":{"2":null,"3":0.022976,"3.5":0.022976,"3.6":0.034464,"4":0.011488,"5":null,"6":0.005744,"7":null,"8":0.005744,"9":null,"10":0.011488,"11":0.022976,"12":0.063184,"13":0.005744,"14":0.011488,"15":0.02872,"16":0.034464,"17":0.011488,"18":0.005744,"19":0.011488,"20":0.011488,"21":0.051696,"22":0.02872,"23":0.011488,"24":null,"25":0.011488,"26":0.011488,"27":0.022976,"28":0.011488,"29":0.034464,"30":0.074672,"31":0.02872,"32":0.022976,"33":0.022976,"34":0.022976,"35":0.091904,"36":0.074672,"37":0.034464,"38":0.120624,"39":0.045952,"40":0.040208,"41":0.051696,"42":0.051696,"43":0.361872,"44":0.137856,"45":0.178064,"46":0.132112,"47":0.63184,"48":0.281456,"49":0.281456,"50":11.131872,"51":1.056896,"52":0.02872,"53":null,"54":null},"opera":{"9":null,"9.5-9.6":null,"10.0-10.1":0,"10.5":null,"10.6":null,"11":null,"11.1":null,"11.5":null,"11.6":null,"12":null,"12.1":0.005744,"15":null,"16":null,"17":null,"18":null,"19":null,"20":0.005744,"21":null,"22":null,"23":null,"24":null,"25":null,"26":null,"27":null,"28":null,"29":null,"30":null,"31":null,"32":null,"33":null,"34":0.005744,"35":null,"36":0.063184,"37":0.02872,"38":0.005744,"39":0.011488,"40":0.017232,"41":0.02872,"42":0.809904,"43":null,"44":null},"safari":{"3.1":null,"3.2":null,"4":0.011488,"5":0.034464,"5.1":0.051696,"6":0.011488,"6.1":0.017232,"7":0.011488,"7.1":0.017232,"8":0.08616,"9":0.097648,"9.1":0.25848,"10":0.608864,"10.1":null,"0":null},"ios_saf":{"3.2":0,"4.0-4.1":0,"4.2-4.3":0,"5.0-5.1":0,"6.0-6.1":0.0172838945233,"7.0-7.1":0.0812343042596,"8":0,"8.1-8.4":0.0976540040568,"9.0-9.2":0.0440739310345,"9.3":0.379381484787,"10.0-10.2":3.42782838134},"android":{"2.1":0,"2.2":0,"2.3":0,"3":0,"4":0.0994066771105,"4.1":0.321485423847,"4.2-4.3":0.979261521323,"4.4":2.21867243168,"4.4.3-4.4.4":1.24152594604,"53":null},"op_mob":{"10":0,"11":0,"11.1":0,"11.5":0,"12":0,"12.1":0,"0":0.00711811353712},"ie":{"5.5":null,"6":null,"7":0.011488,"8":0.252736,"9":0.132112,"10":0.281456,"11":3.118992},"edge":{"12":0.160832,"13":0.218272,"14":0.936272,"15":null},"bb":{"7":0.039368,"10":null},"ie_mob":{"10":0.352545553398,"11":1.6647984466},"and_ff":{"0":0.472416},"samsung":{"0":4.090016},"and_uc":{"0":0.719264},"op_mini":{"0":3.25297788646},"and_chr":{"0":23.67024}},"total":98.715288}