{"id":"SO","name":"Somalia","month":"2017-01","access_date":"2017-02-02","data":{"chrome":{"4":null,"5":null,"6":null,"7":null,"8":0.004047,"9":0.014839,"10":0.002698,"11":0.014839,"12":null,"13":null,"14":null,"15":0.001349,"16":0.002698,"17":null,"18":null,"19":null,"20":0.052611,"21":0.051262,"22":0.002698,"23":0.02698,"24":0.005396,"25":0.004047,"26":0.028329,"27":0.002698,"28":0.009443,"29":0.014839,"30":0.010792,"31":0.048564,"32":0.016188,"33":0.299478,"34":0.006745,"35":0.002698,"36":0.005396,"37":0.001349,"38":0.009443,"39":0.018886,"40":0.012141,"41":0.020235,"42":0.004047,"43":1.67276,"44":0.012141,"45":0.025631,"46":0.009443,"47":0.014839,"48":0.006745,"49":0.142994,"50":0.025631,"51":0.151088,"52":0.043168,"53":0.093081,"54":0.082289,"55":6.321414,"56":0.133551,"57":0.045866,"58":0.002698,"59":null},"firefox":{"2":null,"3":0.047215,"3.5":null,"3.6":0.006745,"4":0.004047,"5":null,"6":null,"7":null,"8":null,"9":null,"10":0.002698,"11":0.009443,"12":0.005396,"13":0.002698,"14":null,"15":0.002698,"16":null,"17":0.002698,"18":null,"19":0.008094,"20":0.002698,"21":0.002698,"22":0.006745,"23":0.010792,"24":0.002698,"25":null,"26":0.002698,"27":null,"28":0.004047,"29":0.020235,"30":0.008094,"31":0.001349,"32":0.001349,"33":0.006745,"34":0.024282,"35":0.006745,"36":0.020235,"37":0.056658,"38":0.044517,"39":0.006745,"40":0.002698,"41":0.010792,"42":0.009443,"43":0.082289,"44":0.089034,"45":0.022933,"46":0.035074,"47":0.151088,"48":0.04047,"49":0.044517,"50":1.046824,"51":0.198303,"52":0.017537,"53":null,"54":null},"opera":{"9":null,"9.5-9.6":null,"10.0-10.1":0,"10.5":null,"10.6":0.001349,"11":null,"11.1":null,"11.5":null,"11.6":0.004047,"12":null,"12.1":0.006745,"15":0.004047,"16":null,"17":null,"18":null,"19":null,"20":null,"21":0.002698,"22":null,"23":null,"24":null,"25":null,"26":null,"27":null,"28":0.001349,"29":null,"30":0.002698,"31":0.002698,"32":null,"33":null,"34":0.004047,"35":null,"36":0.004047,"37":0.004047,"38":0.025631,"39":0.005396,"40":0.005396,"41":0.002698,"42":0.232028,"43":null,"44":null},"safari":{"3.1":null,"3.2":null,"4":0.021584,"5":null,"5.1":0.002698,"6":null,"6.1":null,"7":0.004047,"7.1":null,"8":0.005396,"9":0.008094,"9.1":0.060705,"10":0.097128,"10.1":null,"0":null},"ios_saf":{"3.2":0,"4.0-4.1":0,"4.2-4.3":0,"5.0-5.1":0,"6.0-6.1":0.00432226753496,"7.0-7.1":0.0203146574143,"8":0,"8.1-8.4":0.0244208115725,"9.0-9.2":0.0110217822142,"9.3":0.0948737723924,"10.0-10.2":0.857213708872},"android":{"2.1":0,"2.2":0,"2.3":0,"3":0,"4":0.144909896867,"4.1":0.468644772846,"4.2-4.3":1.4275166436,"4.4":3.2342655705,"4.4.3-4.4.4":1.80983211619,"53":null},"op_mob":{"10":0,"11":0,"11.1":0,"11.5":0,"12":0,"12.1":0,"0":0.0367761943231},"ie":{"5.5":null,"6":null,"7":null,"8":0.0652475510204,"9":0.00543729591837,"10":0.036701747449,"11":0.425468405612},"edge":{"12":0.066101,"13":0.111967,"14":0.114665,"15":null},"bb":{"7":0.025953,"10":null},"ie_mob":{"10":0.0650084854369,"11":0.306984514563},"and_ff":{"0":null},"samsung":{"0":1.609086},"and_uc":{"0":31.186855},"op_mini":{"0":16.8067208057},"and_chr":{"0":27.862443}},"total":98.881462}