{"id":"SR","name":"Suriname","month":"2017-01","access_date":"2017-02-02","data":{"chrome":{"4":null,"5":null,"6":null,"7":null,"8":null,"9":null,"10":null,"11":0.019496,"12":null,"13":null,"14":null,"15":null,"16":null,"17":null,"18":0.038992,"19":null,"20":0.004874,"21":null,"22":0.082858,"23":null,"24":null,"25":null,"26":0.014622,"27":0.009748,"28":0.029244,"29":0.009748,"30":null,"31":0.151094,"32":0.185212,"33":null,"34":0.029244,"35":0.009748,"36":1.091776,"37":0.019496,"38":0.019496,"39":0.009748,"40":0.014622,"41":0.009748,"42":0.019496,"43":0.063362,"44":0.019496,"45":0.077984,"46":0.014622,"47":0.019496,"48":0.014622,"49":1.481696,"50":0.07311,"51":0.087732,"52":0.09748,"53":0.307062,"54":0.307062,"55":26.00279,"56":0.370424,"57":0.151094,"58":null,"59":null},"firefox":{"2":null,"3":null,"3.5":null,"3.6":0.009748,"4":null,"5":null,"6":null,"7":null,"8":null,"9":null,"10":null,"11":null,"12":0.004874,"13":null,"14":null,"15":0.034118,"16":null,"17":null,"18":null,"19":0.004874,"20":null,"21":null,"22":null,"23":null,"24":null,"25":null,"26":null,"27":null,"28":null,"29":null,"30":null,"31":null,"32":null,"33":0.014622,"34":null,"35":0.009748,"36":0.029244,"37":null,"38":0.004874,"39":0.019496,"40":0.07311,"41":0.004874,"42":null,"43":0.038992,"44":0.009748,"45":0.043866,"46":0.009748,"47":0.068236,"48":0.068236,"49":0.063362,"50":4.742402,"51":1.106398,"52":0.107228,"53":0.004874,"54":null},"opera":{"9":null,"9.5-9.6":null,"10.0-10.1":0,"10.5":null,"10.6":null,"11":null,"11.1":null,"11.5":null,"11.6":null,"12":null,"12.1":0.014622,"15":null,"16":null,"17":null,"18":null,"19":null,"20":null,"21":null,"22":null,"23":null,"24":null,"25":null,"26":null,"27":null,"28":null,"29":0.014622,"30":0.004874,"31":0.004874,"32":null,"33":0.02437,"34":null,"35":0.004874,"36":0.043866,"37":0.077984,"38":null,"39":null,"40":null,"41":0.009748,"42":0.4874,"43":null,"44":null},"safari":{"3.1":null,"3.2":null,"4":0,"5":null,"5.1":0.014622,"6":0.009748,"6.1":0.043866,"7":null,"7.1":0.029244,"8":0.02437,"9":0.034118,"9.1":0.155968,"10":0.75547,"10.1":null,"0":null},"ios_saf":{"3.2":0,"4.0-4.1":0,"4.2-4.3":0,"5.0-5.1":0,"6.0-6.1":0.027761443365,"7.0-7.1":0.130478783816,"8":0,"8.1-8.4":0.156852155012,"9.0-9.2":0.0707916805808,"9.3":0.609363681862,"10.0-10.2":5.50578825536},"android":{"2.1":0,"2.2":0,"2.3":0,"3":0,"4":0.126042096606,"4.1":0.407625503916,"4.2-4.3":1.2416487389,"4.4":2.81315232637,"4.4.3-4.4.4":1.5741853342,"53":null},"op_mob":{"10":0,"11":0,"11.1":0,"11.5":0,"12":0,"12.1":0,"0":0.00371651528384},"ie":{"5.5":null,"6":null,"7":0.00976037055838,"8":0.283050746193,"9":0.278170560914,"10":0.219608337563,"11":3.05499598477},"edge":{"12":0.297314,"13":0.346054,"14":1.891112,"15":null},"bb":{"7":0.22174275,"10":null},"ie_mob":{"10":0.075262368932,"11":0.355405631068},"and_ff":{"0":0.020508},"samsung":{"0":9.833586},"and_uc":{"0":1.07667},"op_mini":{"0":1.69844748472},"and_chr":{"0":26.796136}},"total":98.20983675}