{"id":"ST","name":"Sao Tome and Principe","month":"2017-01","access_date":"2017-02-02","data":{"chrome":{"4":null,"5":null,"6":null,"7":null,"8":null,"9":null,"10":null,"11":0.12706,"12":null,"13":null,"14":0.012706,"15":null,"16":0.025412,"17":null,"18":0.069883,"19":null,"20":null,"21":null,"22":null,"23":null,"24":null,"25":null,"26":0.031765,"27":null,"28":null,"29":null,"30":null,"31":0.006353,"32":null,"33":0.209649,"34":null,"35":0.038118,"36":8.277959,"37":null,"38":0.012706,"39":0.031765,"40":0.044471,"41":null,"42":null,"43":7.05183,"44":0.044471,"45":0.057177,"46":0.019059,"47":null,"48":0.088942,"49":1.531073,"50":0.082589,"51":0.101648,"52":0.06353,"53":0.387533,"54":0.235061,"55":31.040758,"56":0.851302,"57":null,"58":null,"59":null},"firefox":{"2":null,"3":0.044471,"3.5":null,"3.6":null,"4":null,"5":null,"6":null,"7":null,"8":null,"9":null,"10":null,"11":null,"12":null,"13":null,"14":null,"15":null,"16":null,"17":null,"18":null,"19":null,"20":null,"21":null,"22":null,"23":null,"24":null,"25":null,"26":null,"27":null,"28":0.031765,"29":0.031765,"30":null,"31":null,"32":null,"33":null,"34":null,"35":null,"36":null,"37":null,"38":null,"39":null,"40":null,"41":null,"42":0.019059,"43":0.031765,"44":null,"45":null,"46":null,"47":0.06353,"48":0.031765,"49":0.114354,"50":3.125676,"51":0.349415,"52":0.012706,"53":null,"54":null},"opera":{"9":null,"9.5-9.6":null,"10.0-10.1":0,"10.5":null,"10.6":null,"11":null,"11.1":null,"11.5":null,"11.6":null,"12":null,"12.1":null,"15":null,"16":null,"17":null,"18":null,"19":null,"20":null,"21":null,"22":null,"23":null,"24":null,"25":null,"26":null,"27":null,"28":null,"29":null,"30":null,"31":null,"32":null,"33":null,"34":null,"35":null,"36":null,"37":null,"38":null,"39":0.012706,"40":0.031765,"41":null,"42":0.844949,"43":null,"44":null},"safari":{"3.1":null,"3.2":null,"4":0,"5":null,"5.1":null,"6":null,"6.1":0.006353,"7":null,"7.1":null,"8":0.019059,"9":0.012706,"9.1":0.108001,"10":0.972009,"10.1":null,"0":null},"ios_saf":{"3.2":0,"4.0-4.1":0,"4.2-4.3":0,"5.0-5.1":0,"6.0-6.1":0.00749100886089,"7.0-7.1":0.0352077416462,"8":0,"8.1-8.4":0.0423242000641,"9.0-9.2":0.0191020725953,"9.3":0.164427644497,"10.0-10.2":1.48565433234},"android":{"2.1":0,"2.2":0,"2.3":0,"3":0,"4":0.142169518712,"4.1":0.459782273281,"4.2-4.3":1.40052100348,"4.4":3.17310266232,"4.4.3-4.4.4":1.77560654221,"53":null},"op_mob":{"10":0,"11":0,"11.1":0,"11.5":0,"12":0,"12.1":0,"0":0.00513605895197},"ie":{"5.5":null,"6":null,"7":0.006353,"8":0.330356,"9":null,"10":0.6353,"11":2.503082},"edge":{"12":0.311297,"13":0.152472,"14":0.844949,"15":null},"bb":{"7":0.00638225,"10":null},"ie_mob":{"10":0.113446485437,"11":0.535719514563},"and_ff":{"0":0.025529},"samsung":{"0":0.762223},"and_uc":{"0":2.935835},"op_mini":{"0":2.34717894105},"and_chr":{"0":21.629217}},"total":98.15650425}