{"id":"SV","name":"El Salvador","month":"2017-01","access_date":"2017-02-02","data":{"chrome":{"4":null,"5":null,"6":null,"7":null,"8":null,"9":null,"10":null,"11":0.015762,"12":null,"13":null,"14":null,"15":null,"16":null,"17":null,"18":0.005254,"19":null,"20":null,"21":0.010508,"22":0.042032,"23":null,"24":0.005254,"25":null,"26":0.005254,"27":null,"28":null,"29":null,"30":0.005254,"31":0.02627,"32":0.031524,"33":0.010508,"34":0.021016,"35":0.021016,"36":0.220668,"37":0.021016,"38":0.057794,"39":0.047286,"40":0.031524,"41":0.010508,"42":0.036778,"43":0.094572,"44":0.031524,"45":0.02627,"46":0.036778,"47":0.047286,"48":0.05254,"49":1.691788,"50":0.089318,"51":0.168128,"52":0.147112,"53":0.357272,"54":0.530654,"55":34.166762,"56":0.49913,"57":0.021016,"58":null,"59":null},"firefox":{"2":null,"3":0.036778,"3.5":null,"3.6":0.010508,"4":null,"5":null,"6":null,"7":null,"8":null,"9":null,"10":null,"11":0.005254,"12":null,"13":null,"14":null,"15":null,"16":0.005254,"17":null,"18":null,"19":null,"20":0.005254,"21":null,"22":null,"23":null,"24":null,"25":null,"26":null,"27":null,"28":0.005254,"29":0.005254,"30":0.031524,"31":0.010508,"32":null,"33":0.010508,"34":null,"35":0.02627,"36":0.015762,"37":0.021016,"38":0.031524,"39":0.031524,"40":0.063048,"41":0.036778,"42":0.005254,"43":0.068302,"44":0.021016,"45":0.152366,"46":0.063048,"47":0.178636,"48":0.257446,"49":0.141858,"50":4.17693,"51":0.535908,"52":0.015762,"53":null,"54":null},"opera":{"9":null,"9.5-9.6":null,"10.0-10.1":0,"10.5":null,"10.6":null,"11":null,"11.1":null,"11.5":null,"11.6":null,"12":null,"12.1":0.005254,"15":null,"16":null,"17":null,"18":null,"19":null,"20":null,"21":null,"22":null,"23":null,"24":null,"25":null,"26":null,"27":null,"28":null,"29":0.005254,"30":null,"31":null,"32":null,"33":null,"34":null,"35":null,"36":0.015762,"37":0.021016,"38":0.005254,"39":null,"40":0.021016,"41":0.010508,"42":0.572686,"43":null,"44":null},"safari":{"3.1":null,"3.2":null,"4":0.015762,"5":0.031524,"5.1":0.021016,"6":null,"6.1":0.005254,"7":0.02627,"7.1":null,"8":0.162874,"9":0.141858,"9.1":0.425574,"10":1.187404,"10.1":null,"0":null},"ios_saf":{"3.2":0,"4.0-4.1":0,"4.2-4.3":0,"5.0-5.1":0,"6.0-6.1":0.0113268068752,"7.0-7.1":0.0532359923134,"8":0,"8.1-8.4":0.0639964588449,"9.0-9.2":0.0288833575318,"9.3":0.248623410911,"10.0-10.2":2.24638897352},"android":{"2.1":0,"2.2":0,"2.3":0,"3":0,"4":0.107916744996,"4.1":0.349007345518,"4.2-4.3":1.06309474326,"4.4":2.40860990426,"4.4.3-4.4.4":1.34781126197,"53":null},"op_mob":{"10":0,"11":0,"11.1":0,"11.5":0,"12":0,"12.1":0,"0":0.00429950873362},"ie":{"5.5":null,"6":null,"7":0.005254,"8":0.215414,"9":0.07881,"10":0.094572,"11":0.961482},"edge":{"12":0.068302,"13":0.126096,"14":0.541162,"15":null},"bb":{"7":0.03202875,"10":null},"ie_mob":{"10":0.0837515533981,"11":0.395493446602},"and_ff":{"0":0.023725},"samsung":{"0":2.367755},"and_uc":{"0":2.57179},"op_mini":{"0":1.96487549127},"and_chr":{"0":34.408501}},"total":99.10041275}