{"id":"SY","name":"Syrian Arab Republic","month":"2017-01","access_date":"2017-02-02","data":{"chrome":{"4":null,"5":0.003039,"6":null,"7":null,"8":0.006078,"9":null,"10":0.003039,"11":0.033429,"12":0.009117,"13":null,"14":0.003039,"15":0.009117,"16":null,"17":0.003039,"18":0.009117,"19":0.006078,"20":0.006078,"21":null,"22":0.006078,"23":0.042546,"24":0.009117,"25":0.009117,"26":0.012156,"27":0.012156,"28":0.024312,"29":0.039507,"30":0.021273,"31":0.06078,"32":0.124599,"33":0.063819,"34":0.039507,"35":0.006078,"36":0.206652,"37":0.006078,"38":0.051663,"39":0.042546,"40":0.033429,"41":0.012156,"42":0.015195,"43":0.714165,"44":0.063819,"45":0.018234,"46":0.051663,"47":0.09117,"48":0.045585,"49":0.647307,"50":0.112443,"51":0.294783,"52":0.358602,"53":0.562215,"54":0.346446,"55":12.347457,"56":0.267432,"57":0.057741,"58":null,"59":null},"firefox":{"2":null,"3":0.054702,"3.5":0.012156,"3.6":0.027351,"4":0.009117,"5":0.015195,"6":0.003039,"7":null,"8":0.003039,"9":null,"10":0.021273,"11":0.024312,"12":0.118521,"13":0.006078,"14":0.003039,"15":0.015195,"16":0.012156,"17":0.179301,"18":0.003039,"19":0.012156,"20":0.003039,"21":0.009117,"22":null,"23":0.003039,"24":0.003039,"25":0.009117,"26":0.021273,"27":0.006078,"28":0.024312,"29":0.015195,"30":0.027351,"31":0.021273,"32":0.021273,"33":0.018234,"34":0.018234,"35":0.063819,"36":0.079014,"37":0.033429,"38":0.051663,"39":0.075975,"40":0.027351,"41":0.06078,"42":0.018234,"43":0.267432,"44":0.139794,"45":0.139794,"46":0.094209,"47":0.747594,"48":0.379875,"49":0.428499,"50":5.382069,"51":0.762789,"52":0.054702,"53":0.006078,"54":null},"opera":{"9":null,"9.5-9.6":null,"10.0-10.1":0,"10.5":null,"10.6":null,"11":0.009117,"11.1":null,"11.5":0.006078,"11.6":0.006078,"12":null,"12.1":0.009117,"15":null,"16":null,"17":null,"18":null,"19":null,"20":0.006078,"21":null,"22":null,"23":null,"24":null,"25":null,"26":null,"27":null,"28":null,"29":null,"30":null,"31":null,"32":null,"33":null,"34":null,"35":null,"36":0.036468,"37":0.006078,"38":0.024312,"39":0.003039,"40":0.006078,"41":0.012156,"42":0.471045,"43":null,"44":null},"safari":{"3.1":null,"3.2":null,"4":0,"5":0.012156,"5.1":0.021273,"6":null,"6.1":0.009117,"7":0.006078,"7.1":null,"8":0.012156,"9":0.012156,"9.1":0.054702,"10":0.139794,"10.1":null,"0":null},"ios_saf":{"3.2":0,"4.0-4.1":0,"4.2-4.3":0,"5.0-5.1":0,"6.0-6.1":0.0113535603715,"7.0-7.1":0.0533617337461,"8":0,"8.1-8.4":0.0641476160991,"9.0-9.2":0.0289515789474,"9.3":0.249210650155,"10.0-10.2":2.25169486068},"android":{"2.1":0,"2.2":0,"2.3":0,"3":0,"4":0.265482506527,"4.1":0.858581723238,"4.2-4.3":2.61528511749,"4.4":5.92534360313,"4.4.3-4.4.4":3.31570704961,"53":null},"op_mob":{"10":0,"11":0,"11.1":0,"11.5":0,"12":0,"12.1":0,"0":0.01695930131},"ie":{"5.5":null,"6":0.0154805010438,"7":0.00309610020877,"8":0.37772422547,"9":0.145516709812,"10":0.145516709812,"11":0.792601653445},"edge":{"12":0.057741,"13":0.072936,"14":0.282627,"15":null},"bb":{"7":0.00348,"10":null},"ie_mob":{"10":0.0145957281553,"11":0.0689242718447},"and_ff":{"0":0.0348},"samsung":{"0":6.4728},"and_uc":{"0":5.1504},"op_mini":{"0":7.75040069869},"and_chr":{"0":33.360075}},"total":97.7102098998}