{"id":"SZ","name":"Swaziland","month":"2017-01","access_date":"2017-02-02","data":{"chrome":{"4":null,"5":null,"6":null,"7":null,"8":null,"9":0.034425,"10":null,"11":0.028917,"12":0.002754,"13":null,"14":null,"15":null,"16":0.001377,"17":null,"18":0.006885,"19":null,"20":null,"21":null,"22":0.019278,"23":0.001377,"24":null,"25":0.048195,"26":0.035802,"27":null,"28":null,"29":null,"30":0.016524,"31":0.002754,"32":0.028917,"33":0.008262,"34":null,"35":0.008262,"36":0.130815,"37":0.002754,"38":0.001377,"39":0.005508,"40":0.04131,"41":0.037179,"42":0.001377,"43":0.045441,"44":0.004131,"45":0.008262,"46":0.008262,"47":0.005508,"48":0.017901,"49":0.184518,"50":0.028917,"51":0.035802,"52":0.017901,"53":0.064719,"54":0.207927,"55":5.060475,"56":0.086751,"57":0.004131,"58":null,"59":null},"firefox":{"2":0.001377,"3":0.002754,"3.5":0.009639,"3.6":0.009639,"4":null,"5":null,"6":0.001377,"7":0.001377,"8":null,"9":0.011016,"10":null,"11":0.008262,"12":0.022032,"13":null,"14":null,"15":0.011016,"16":0.001377,"17":0.004131,"18":null,"19":0.001377,"20":null,"21":0.009639,"22":null,"23":null,"24":null,"25":null,"26":0.011016,"27":null,"28":null,"29":0.005508,"30":0.001377,"31":0.002754,"32":0.035802,"33":0.004131,"34":null,"35":0.009639,"36":null,"37":0.004131,"38":0.01377,"39":0.006885,"40":0.009639,"41":0.006885,"42":null,"43":0.035802,"44":0.08262,"45":0.152847,"46":0.095013,"47":0.144585,"48":0.061965,"49":0.042687,"50":1.637253,"51":0.338742,"52":0.020655,"53":null,"54":null},"opera":{"9":null,"9.5-9.6":null,"10.0-10.1":0,"10.5":null,"10.6":null,"11":null,"11.1":null,"11.5":null,"11.6":0.005508,"12":null,"12.1":null,"15":null,"16":0.001377,"17":null,"18":0.001377,"19":0.001377,"20":null,"21":null,"22":null,"23":null,"24":null,"25":null,"26":null,"27":null,"28":null,"29":0.004131,"30":null,"31":0.001377,"32":0.004131,"33":0.002754,"34":null,"35":0.008262,"36":0.016524,"37":0.005508,"38":0.008262,"39":null,"40":0.015147,"41":0.038556,"42":0.549423,"43":null,"44":null},"safari":{"3.1":null,"3.2":null,"4":0.004131,"5":null,"5.1":0.004131,"6":0.001377,"6.1":0.001377,"7":null,"7.1":null,"8":0.159732,"9":0.01377,"9.1":0.011016,"10":0.246483,"10.1":null,"0":null},"ios_saf":{"3.2":0,"4.0-4.1":0,"4.2-4.3":0,"5.0-5.1":0,"6.0-6.1":0.00563390199637,"7.0-7.1":0.0264793393829,"8":0,"8.1-8.4":0.0318315462795,"9.0-9.2":0.0143664500907,"9.3":0.12366414882,"10.0-10.2":1.11734361343},"android":{"2.1":0,"2.2":0,"2.3":0,"3":0,"4":0.0537905591819,"4.1":0.173960957354,"4.2-4.3":0.529894231941,"4.4":1.20055950174,"4.4.3-4.4.4":0.671809749782,"53":null},"op_mob":{"10":0,"11":0,"11.1":0,"11.5":0,"12":0,"12.1":0,"0":0.144632938865},"ie":{"5.5":null,"6":0.00555987051207,"7":0.00277993525603,"8":0.319692554444,"9":0.162626212478,"10":0.262703881695,"11":1.60819254562},"edge":{"12":0.103275,"13":0.253368,"14":0.228582,"15":null},"bb":{"7":0.1767715,"10":null},"ie_mob":{"10":0.334538912621,"11":1.57976708738},"and_ff":{"0":null},"samsung":{"0":2.362702},"and_uc":{"0":2.319587},"op_mini":{"0":66.0972530611},"and_chr":{"0":8.435966}},"total":98.5164775}