{"id":"TC","name":"Turks and Caicos Islands","month":"2017-01","access_date":"2017-02-02","data":{"chrome":{"4":null,"5":null,"6":null,"7":null,"8":null,"9":null,"10":null,"11":0.005355,"12":null,"13":null,"14":null,"15":null,"16":null,"17":null,"18":null,"19":null,"20":null,"21":null,"22":null,"23":null,"24":null,"25":null,"26":null,"27":null,"28":null,"29":0.04284,"30":0.09639,"31":0.01071,"32":0.016065,"33":null,"34":null,"35":0.01071,"36":2.60253,"37":null,"38":0.016065,"39":0.02142,"40":0.016065,"41":null,"42":0.01071,"43":0.06426,"44":0.01071,"45":0.04284,"46":0.037485,"47":0.01071,"48":0.026775,"49":0.70686,"50":2.12058,"51":0.058905,"52":0.069615,"53":0.112455,"54":0.208845,"55":24.25815,"56":0.27846,"57":0.20349,"58":null,"59":null},"firefox":{"2":null,"3":0.005355,"3.5":null,"3.6":null,"4":null,"5":null,"6":null,"7":null,"8":null,"9":null,"10":null,"11":0.101745,"12":null,"13":null,"14":null,"15":null,"16":null,"17":null,"18":0.058905,"19":null,"20":null,"21":null,"22":0.01071,"23":null,"24":null,"25":null,"26":null,"27":null,"28":null,"29":null,"30":null,"31":0.02142,"32":null,"33":0.005355,"34":null,"35":null,"36":null,"37":null,"38":0.01071,"39":null,"40":null,"41":null,"42":0.058905,"43":0.005355,"44":null,"45":null,"46":null,"47":0.02142,"48":0.048195,"49":0.080325,"50":3.67353,"51":0.390915,"52":0.005355,"53":null,"54":null},"opera":{"9":null,"9.5-9.6":null,"10.0-10.1":0,"10.5":null,"10.6":null,"11":null,"11.1":null,"11.5":null,"11.6":null,"12":null,"12.1":null,"15":null,"16":null,"17":null,"18":null,"19":null,"20":null,"21":null,"22":null,"23":null,"24":null,"25":null,"26":null,"27":null,"28":null,"29":0.005355,"30":null,"31":null,"32":null,"33":null,"34":null,"35":null,"36":null,"37":0.04284,"38":null,"39":null,"40":null,"41":null,"42":0.198135,"43":null,"44":null},"safari":{"3.1":null,"3.2":null,"4":0,"5":0.01071,"5.1":0.29988,"6":null,"6.1":0.026775,"7":0.026775,"7.1":0.005355,"8":0.12852,"9":0.155295,"9.1":0.883575,"10":2.52756,"10.1":0.016065,"0":null},"ios_saf":{"3.2":0,"4.0-4.1":0,"4.2-4.3":0,"5.0-5.1":0,"6.0-6.1":0.0938421906694,"7.0-7.1":0.441058296146,"8":0,"8.1-8.4":0.530208377282,"9.0-9.2":0.239297586207,"9.3":2.05983608519,"10.0-10.2":18.6112524645},"android":{"2.1":0,"2.2":0,"2.3":0,"3":0,"4":0.030685702785,"4.1":0.0992388685814,"4.2-4.3":0.302286816797,"4.4":0.68487877067,"4.4.3-4.4.4":0.383244841166,"53":null},"op_mob":{"10":0,"11":0,"11.1":0,"11.5":0,"12":0,"12.1":0,"0":0.000669366812227},"ie":{"5.5":null,"6":0.0214882165605,"7":null,"8":0.0805808121019,"9":0.161161624204,"10":0.0805808121019,"11":4.71666353503},"edge":{"12":0.176715,"13":0.59976,"14":4.33755,"15":null},"bb":{"7":0.12077,"10":null},"ie_mob":{"10":0.0284111650485,"11":0.134163834951},"and_ff":{"0":0.013935},"samsung":{"0":4.06902},"and_uc":{"0":0.404115},"op_mini":{"0":0.305900633188},"and_chr":{"0":19.63572}},"total":98.247075}