{"id":"TD","name":"Chad","month":"2017-01","access_date":"2017-02-02","data":{"chrome":{"4":null,"5":null,"6":null,"7":null,"8":null,"9":null,"10":null,"11":0.011592,"12":null,"13":null,"14":0.000828,"15":null,"16":null,"17":0.000414,"18":null,"19":0.000414,"20":null,"21":0.000414,"22":null,"23":null,"24":null,"25":0.00828,"26":0.019872,"27":null,"28":null,"29":0.002898,"30":0.010764,"31":0.000828,"32":0.020286,"33":0.006624,"34":0.001242,"35":null,"36":null,"37":0.016974,"38":0.000414,"39":0.000828,"40":0.002898,"41":0.000828,"42":0.016974,"43":0.005382,"44":0.002484,"45":0.077418,"46":0.002898,"47":null,"48":0.001242,"49":0.024426,"50":0.00207,"51":0.013248,"52":0.006624,"53":0.007452,"54":0.063342,"55":0.765486,"56":0.007452,"57":null,"58":null,"59":null},"firefox":{"2":null,"3":0.572976,"3.5":0.001656,"3.6":0.009522,"4":0.003726,"5":0.004554,"6":0.007452,"7":0.001242,"8":null,"9":0.001242,"10":0.036018,"11":0.013248,"12":0.005382,"13":null,"14":0.001242,"15":0.013248,"16":0.003726,"17":0.001242,"18":0.00207,"19":0.011178,"20":0.002484,"21":0.002484,"22":0.016974,"23":0.00414,"24":0.001242,"25":0.002898,"26":0.00828,"27":0.00414,"28":0.001242,"29":0.003726,"30":0.001242,"31":0.001242,"32":null,"33":0.002898,"34":0.001656,"35":0.000414,"36":0.001656,"37":0.004968,"38":0.01242,"39":0.00414,"40":0.017802,"41":0.00414,"42":0.003312,"43":0.02898,"44":0.014076,"45":0.01242,"46":0.009108,"47":0.087768,"48":0.056718,"49":0.039744,"50":0.80316,"51":0.08487,"52":0.001656,"53":null,"54":null},"opera":{"9":null,"9.5-9.6":null,"10.0-10.1":0,"10.5":null,"10.6":0.00414,"11":0.00828,"11.1":null,"11.5":null,"11.6":0.002484,"12":null,"12.1":0.00207,"15":0.000414,"16":null,"17":null,"18":null,"19":0.000414,"20":null,"21":0.001242,"22":null,"23":null,"24":null,"25":null,"26":null,"27":null,"28":null,"29":0.00207,"30":0.001242,"31":null,"32":null,"33":0.00207,"34":null,"35":0.004968,"36":0.120474,"37":0.00207,"38":null,"39":0.001656,"40":0.001242,"41":0.001242,"42":0.170568,"43":null,"44":null},"safari":{"3.1":null,"3.2":null,"4":0.001242,"5":null,"5.1":0.01242,"6":0.000414,"6.1":null,"7":0.006624,"7.1":0.000828,"8":0.001656,"9":0.00207,"9.1":0.065826,"10":0.03519,"10.1":null,"0":null},"ios_saf":{"3.2":0,"4.0-4.1":0,"4.2-4.3":0,"5.0-5.1":0,"6.0-6.1":0.00458474217999,"7.0-7.1":0.021548288246,"8":0,"8.1-8.4":0.025903793317,"9.0-9.2":0.011691092559,"9.3":0.100635090851,"10.0-10.2":0.909268992847},"android":{"2.1":0,"2.2":0,"2.3":0,"3":0,"4":0.0341141462141,"4.1":0.110326600522,"4.2-4.3":0.336060631854,"4.4":0.761398710183,"4.4.3-4.4.4":0.426063911227,"53":null},"op_mob":{"10":0,"11":0,"11.1":0,"11.5":0,"12":0,"12.1":0,"0":0.135417947598},"ie":{"5.5":null,"6":null,"7":0.000836746478873,"8":0.104593309859,"9":0.00543885211268,"10":0.0221737816901,"11":0.223411309859},"edge":{"12":0.011592,"13":0.011592,"14":0.030636,"15":null},"bb":{"7":0.0215685,"10":null},"ie_mob":{"10":0.0485814757282,"11":0.229412524272},"and_ff":{"0":0.019172},"samsung":{"0":1.744652},"and_uc":{"0":22.086144},"op_mini":{"0":61.8860020524},"and_chr":{"0":6.074046}},"total":98.8844025}