{"id":"TH","name":"Thailand","month":"2017-01","access_date":"2017-02-02","data":{"chrome":{"4":null,"5":null,"6":null,"7":null,"8":null,"9":null,"10":0.008427,"11":0.044944,"12":0.016854,"13":0.005618,"14":null,"15":0.002809,"16":0.014045,"17":0.002809,"18":0.002809,"19":null,"20":0.002809,"21":0.011236,"22":0.025281,"23":0.002809,"24":0.002809,"25":0.014045,"26":0.016854,"27":0.005618,"28":0.005618,"29":0.005618,"30":0.008427,"31":0.036517,"32":0.025281,"33":0.02809,"34":0.036517,"35":0.016854,"36":0.042135,"37":0.008427,"38":0.036517,"39":0.025281,"40":0.02809,"41":0.011236,"42":0.022472,"43":1.126409,"44":0.025281,"45":0.022472,"46":0.050562,"47":0.036517,"48":0.036517,"49":0.89888,"50":0.053371,"51":0.179776,"52":0.137641,"53":0.191012,"54":0.311799,"55":17.688273,"56":0.283709,"57":0.103933,"58":null,"59":null},"firefox":{"2":null,"3":null,"3.5":null,"3.6":0.005618,"4":0.008427,"5":0.005618,"6":0.008427,"7":0.005618,"8":null,"9":null,"10":null,"11":null,"12":0.008427,"13":null,"14":null,"15":null,"16":null,"17":null,"18":null,"19":null,"20":null,"21":null,"22":null,"23":null,"24":null,"25":null,"26":0.008427,"27":null,"28":null,"29":0.005618,"30":0.011236,"31":0.005618,"32":null,"33":0.005618,"34":0.005618,"35":0.005618,"36":0.002809,"37":0.005618,"38":0.011236,"39":0.011236,"40":0.008427,"41":0.008427,"42":0.008427,"43":0.036517,"44":0.014045,"45":0.019663,"46":0.022472,"47":0.075843,"48":0.064607,"49":0.044944,"50":1.558995,"51":0.207866,"52":0.008427,"53":null,"54":null},"opera":{"9":null,"9.5-9.6":null,"10.0-10.1":0,"10.5":null,"10.6":null,"11":null,"11.1":null,"11.5":null,"11.6":null,"12":null,"12.1":null,"15":null,"16":null,"17":null,"18":null,"19":null,"20":null,"21":null,"22":null,"23":null,"24":null,"25":null,"26":null,"27":null,"28":null,"29":null,"30":null,"31":null,"32":null,"33":null,"34":null,"35":null,"36":0.067416,"37":0.005618,"38":0.008427,"39":null,"40":null,"41":null,"42":0.376406,"43":null,"44":null},"safari":{"3.1":null,"3.2":null,"4":0,"5":0.002809,"5.1":0.016854,"6":0.002809,"6.1":0.005618,"7":0.008427,"7.1":null,"8":0.036517,"9":0.02809,"9.1":0.106742,"10":0.367979,"10.1":null,"0":null},"ios_saf":{"3.2":0,"4.0-4.1":0,"4.2-4.3":0,"5.0-5.1":0,"6.0-6.1":0.0552970641614,"7.0-7.1":0.259896201559,"8":0,"8.1-8.4":0.312428412512,"9.0-9.2":0.141007513612,"9.3":1.21377055834,"10.0-10.2":10.9667902498},"android":{"2.1":0,"2.2":0,"2.3":0,"3":0,"4":0.0747034116623,"4.1":0.241594012185,"4.2-4.3":0.735908076588,"4.4":1.66731657093,"4.4.3-4.4.4":0.932997928634,"53":null},"op_mob":{"10":0,"11":0,"11.1":0,"11.5":0,"12":0,"12.1":0,"0":0.00144427947598},"ie":{"5.5":null,"6":null,"7":0.00855396045198,"8":0.199592410546,"9":0.210997691149,"10":0.136863367232,"11":0.958043570621},"edge":{"12":0.019663,"13":0.050562,"14":0.247192,"15":null},"bb":{"7":0,"10":null},"ie_mob":{"10":0.0628252427184,"11":0.296674757282},"and_ff":{"0":0.02157},"samsung":{"0":6.49976},"and_uc":{"0":0.81247},"op_mini":{"0":0.660035720524},"and_chr":{"0":47.660166}},"total":99.344291}