{"id":"TJ","name":"Tajikistan","month":"2017-01","access_date":"2017-02-02","data":{"chrome":{"4":0.005732,"5":0.011464,"6":null,"7":null,"8":0.022928,"9":null,"10":0.020062,"11":0.045856,"12":0.054454,"13":0.002866,"14":0.01433,"15":0.031526,"16":0.08598,"17":0.01433,"18":0.02866,"19":null,"20":null,"21":null,"22":0.031526,"23":0.017196,"24":0.048722,"25":0.002866,"26":0.031526,"27":0.011464,"28":0.031526,"29":0.01433,"30":0.002866,"31":0.037258,"32":0.008598,"33":0.008598,"34":0.01433,"35":0.045856,"36":0.037258,"37":0.048722,"38":0.011464,"39":0.037258,"40":0.040124,"41":0.441364,"42":0.011464,"43":0.037258,"44":0.151898,"45":0.080248,"46":0.020062,"47":0.060186,"48":0.034392,"49":1.92022,"50":0.11464,"51":0.07165,"52":0.151898,"53":0.074516,"54":0.409838,"55":13.430076,"56":0.134702,"57":0.025794,"58":null,"59":null},"firefox":{"2":null,"3":0.01433,"3.5":0.020062,"3.6":0.08598,"4":0.025794,"5":0.002866,"6":null,"7":null,"8":null,"9":0.01433,"10":null,"11":null,"12":0.01433,"13":0.008598,"14":null,"15":0.011464,"16":null,"17":null,"18":null,"19":null,"20":null,"21":0.008598,"22":0.025794,"23":null,"24":0.005732,"25":0.002866,"26":null,"27":null,"28":0.002866,"29":null,"30":0.020062,"31":0.020062,"32":0.011464,"33":0.034392,"34":0.002866,"35":0.002866,"36":0.011464,"37":0.002866,"38":0.005732,"39":0.011464,"40":0.011464,"41":0.002866,"42":0.011464,"43":0.080248,"44":0.048722,"45":0.031526,"46":0.005732,"47":0.17196,"48":0.031526,"49":0.091712,"50":1.751126,"51":0.166228,"52":null,"53":null,"54":null},"opera":{"9":null,"9.5-9.6":null,"10.0-10.1":0,"10.5":0.020062,"10.6":0.005732,"11":0.008598,"11.1":0.011464,"11.5":0.01433,"11.6":0.031526,"12":0.083114,"12.1":0.332456,"15":null,"16":0.025794,"17":null,"18":0.192022,"19":0.005732,"20":null,"21":0.031526,"22":null,"23":null,"24":null,"25":0.048722,"26":0.002866,"27":0.011464,"28":0.008598,"29":0.01433,"30":0.01433,"31":0.037258,"32":0.025794,"33":0.005732,"34":0.005732,"35":0.011464,"36":0.203486,"37":0.020062,"38":0.022928,"39":0.01433,"40":0.020062,"41":0.04299,"42":1.258174,"43":null,"44":0.005732},"safari":{"3.1":null,"3.2":null,"4":0.011464,"5":0.034392,"5.1":null,"6":null,"6.1":null,"7":null,"7.1":null,"8":0.011464,"9":0.008598,"9.1":0.025794,"10":0.263672,"10.1":null,"0":null},"ios_saf":{"3.2":0,"4.0-4.1":0,"4.2-4.3":0,"5.0-5.1":0,"6.0-6.1":0.0160852012384,"7.0-7.1":0.0756004458204,"8":0,"8.1-8.4":0.0908813869969,"9.0-9.2":0.0410172631579,"9.3":0.353070167183,"10.0-10.2":3.1900975356},"android":{"2.1":0,"2.2":0,"2.3":0,"3":0,"4":0.102427848564,"4.1":0.331256020888,"4.2-4.3":1.00902327415,"4.4":2.28610240731,"4.4.3-4.4.4":1.27925844909,"53":null},"op_mob":{"10":0,"11":0,"11.1":0,"11.5":0,"12":0,"12.1":0,"0":0.0625704759825},"ie":{"5.5":null,"6":0.00287258850575,"7":0.0201081195402,"8":0.376309094253,"9":0.137884248276,"10":0.103413186207,"11":0.608988763218},"edge":{"12":0.017196,"13":0.091712,"14":0.094578,"15":null},"bb":{"7":0.0053505,"10":null},"ie_mob":{"10":0.12093168932,"11":0.57106631068},"and_ff":{"0":null},"samsung":{"0":4.166256},"and_uc":{"0":10.957824},"op_mini":{"0":28.594707524},"and_chr":{"0":17.527628}},"total":95.8873145}