{"id":"TK","name":"Tokelau","month":"2017-01","access_date":"2017-02-02","data":{"chrome":{"4":null,"5":null,"6":null,"7":null,"8":null,"9":null,"10":null,"11":null,"12":null,"13":null,"14":null,"15":null,"16":null,"17":null,"18":null,"19":null,"20":null,"21":null,"22":null,"23":null,"24":null,"25":null,"26":null,"27":null,"28":null,"29":null,"30":null,"31":null,"32":null,"33":null,"34":null,"35":null,"36":null,"37":null,"38":null,"39":null,"40":null,"41":0.316642,"42":null,"43":null,"44":null,"45":null,"46":null,"47":null,"48":null,"49":0.316642,"50":null,"51":null,"52":3.436497,"53":1.564584,"54":5.829938,"55":43.286824,"56":3.846269,"57":null,"58":null,"59":null},"firefox":{"2":null,"3":null,"3.5":null,"3.6":null,"4":null,"5":null,"6":null,"7":null,"8":null,"9":null,"10":null,"11":null,"12":null,"13":null,"14":null,"15":null,"16":null,"17":null,"18":null,"19":null,"20":null,"21":null,"22":null,"23":null,"24":null,"25":null,"26":0.623971,"27":null,"28":null,"29":null,"30":null,"31":null,"32":null,"33":0.204886,"34":null,"35":null,"36":0.102443,"37":null,"38":null,"39":null,"40":null,"41":null,"42":null,"43":null,"44":null,"45":null,"46":null,"47":1.452828,"48":1.871913,"49":2.914969,"50":17.061416,"51":null,"52":null,"53":null,"54":null},"opera":{"9":null,"9.5-9.6":null,"10.0-10.1":0,"10.5":null,"10.6":null,"11":null,"11.1":null,"11.5":null,"11.6":null,"12":null,"12.1":0.828857,"15":null,"16":null,"17":null,"18":null,"19":null,"20":null,"21":null,"22":null,"23":null,"24":null,"25":null,"26":null,"27":null,"28":null,"29":null,"30":null,"31":null,"32":null,"33":null,"34":null,"35":null,"36":null,"37":null,"38":null,"39":null,"40":null,"41":null,"42":null,"43":null,"44":null},"safari":{"3.1":null,"3.2":null,"4":0,"5":null,"5.1":null,"6":null,"6.1":null,"7":null,"7.1":null,"8":null,"9":null,"9.1":0.521528,"10":0.204886,"10.1":null,"0":null},"ios_saf":{"3.2":0,"4.0-4.1":0,"4.2-4.3":0,"5.0-5.1":0,"6.0-6.1":0.00574125760649,"7.0-7.1":0.0269839107505,"8":0,"8.1-8.4":0.0324381054767,"9.0-9.2":0.0146402068966,"9.3":0.126020604462,"10.0-10.2":1.13863491481},"android":{"2.1":0,"2.2":0,"2.3":0,"3":0,"4":0.0244345391645,"4.1":0.0790223394256,"4.2-4.3":0.240706204961,"4.4":0.545358118799,"4.4.3-4.4.4":0.30517179765,"53":null},"op_mob":{"10":0,"11":0,"11.1":0,"11.5":0,"12":0,"12.1":0,"0":0},"ie":{"5.5":null,"6":null,"7":null,"8":0.204886,"9":null,"10":0.204886,"11":4.684439},"edge":{"12":2.812526,"13":null,"14":0.204886,"15":null},"bb":{"7":0,"10":null},"ie_mob":{"10":0.0260526407767,"11":0.123026359223},"and_ff":{"0":null},"samsung":{"0":0.298845},"and_uc":{"0":null},"op_mini":{"0":0},"and_chr":{"0":4.404452}},"total":99.888244}