{"id":"TN","name":"Tunisia","month":"2017-01","access_date":"2017-02-02","data":{"chrome":{"4":null,"5":null,"6":null,"7":0.01311,"8":0.01311,"9":0.006555,"10":0.019665,"11":0.045885,"12":0.019665,"13":0.01311,"14":0.006555,"15":0.01311,"16":0.019665,"17":0.01311,"18":0.24909,"19":0.01311,"20":0.01311,"21":0.01311,"22":0.019665,"23":0.03933,"24":0.045885,"25":0.01311,"26":0.045885,"27":0.032775,"28":0.02622,"29":0.06555,"30":0.058995,"31":0.085215,"32":0.111435,"33":0.045885,"34":0.02622,"35":0.02622,"36":0.10488,"37":0.02622,"38":0.03933,"39":0.045885,"40":0.045885,"41":0.032775,"42":0.019665,"43":0.55062,"44":0.058995,"45":0.045885,"46":0.07866,"47":0.072105,"48":0.098325,"49":3.72324,"50":0.190095,"51":1.042245,"52":0.412965,"53":0.688275,"54":0.662055,"55":42.351855,"56":0.845595,"57":0.058995,"58":null,"59":null},"firefox":{"2":null,"3":0.045885,"3.5":0.01311,"3.6":0.01311,"4":null,"5":null,"6":null,"7":null,"8":null,"9":null,"10":null,"11":null,"12":0.019665,"13":0.01311,"14":null,"15":0.006555,"16":0.006555,"17":null,"18":0.006555,"19":0.01311,"20":null,"21":null,"22":null,"23":null,"24":null,"25":0.006555,"26":null,"27":null,"28":null,"29":null,"30":null,"31":null,"32":null,"33":0.01311,"34":0.006555,"35":0.01311,"36":0.006555,"37":0.01311,"38":0.032775,"39":0.019665,"40":0.032775,"41":0.019665,"42":0.01311,"43":0.124545,"44":0.02622,"45":0.07866,"46":0.07866,"47":0.35397,"48":0.308085,"49":0.124545,"50":3.55281,"51":0.41952,"52":0.019665,"53":0.006555,"54":null},"opera":{"9":null,"9.5-9.6":null,"10.0-10.1":0,"10.5":null,"10.6":null,"11":null,"11.1":null,"11.5":null,"11.6":null,"12":null,"12.1":0.01311,"15":null,"16":null,"17":null,"18":null,"19":null,"20":null,"21":null,"22":null,"23":null,"24":null,"25":null,"26":null,"27":null,"28":null,"29":null,"30":null,"31":null,"32":null,"33":null,"34":null,"35":0.006555,"36":0.06555,"37":0.01311,"38":0.11799,"39":0.019665,"40":0.01311,"41":0.019665,"42":1.081575,"43":null,"44":null},"safari":{"3.1":null,"3.2":null,"4":0.032775,"5":0.006555,"5.1":0.03933,"6":0.019665,"6.1":0.01311,"7":0.019665,"7.1":null,"8":0.10488,"9":0.032775,"9.1":0.17043,"10":0.399855,"10.1":null,"0":null},"ios_saf":{"3.2":0,"4.0-4.1":0,"4.2-4.3":0,"5.0-5.1":0,"6.0-6.1":0.00790221842639,"7.0-7.1":0.037140426604,"8":0,"8.1-8.4":0.0446475341091,"9.0-9.2":0.0201506569873,"9.3":0.173453694459,"10.0-10.2":1.56720746941},"android":{"2.1":0,"2.2":0,"2.3":0,"3":0,"4":0.077879899913,"4.1":0.251866910357,"4.2-4.3":0.7671998651,"4.4":1.73821308529,"4.4.3-4.4.4":0.972670239339,"53":null},"op_mob":{"10":0,"11":0,"11.1":0,"11.5":0,"12":0,"12.1":0,"0":0.00611702620087},"ie":{"5.5":null,"6":0.024417375,"7":0.024417375,"8":0.69996475,"9":0.14650425,"10":0.2930085,"11":0.76507775},"edge":{"12":0.045885,"13":0.1311,"14":0.321195,"15":null},"bb":{"7":0.013784,"10":null},"ie_mob":{"10":0.143929048544,"11":0.679664951456},"and_ff":{"0":0.148178},"samsung":{"0":2.091722},"and_uc":{"0":0.65474},"op_mini":{"0":2.7954809738},"and_chr":{"0":22.865578}},"total":97.415241}