{"id":"TO","name":"Tonga","month":"2017-01","access_date":"2017-02-02","data":{"chrome":{"4":null,"5":null,"6":null,"7":null,"8":null,"9":null,"10":0.036265,"11":0.036265,"12":null,"13":null,"14":null,"15":null,"16":null,"17":null,"18":null,"19":null,"20":null,"21":null,"22":null,"23":null,"24":null,"25":null,"26":null,"27":null,"28":null,"29":0.021759,"30":0.007253,"31":null,"32":0.130554,"33":null,"34":null,"35":null,"36":0.536722,"37":null,"38":null,"39":0.007253,"40":0.021759,"41":0.007253,"42":0.043518,"43":0.007253,"44":0.007253,"45":0.058024,"46":0.007253,"47":null,"48":0.043518,"49":0.485951,"50":0.246602,"51":0.065277,"52":0.043518,"53":0.123301,"54":0.50771,"55":14.607542,"56":0.261108,"57":0.123301,"58":null,"59":null},"firefox":{"2":null,"3":null,"3.5":null,"3.6":0.021759,"4":0.094289,"5":null,"6":null,"7":null,"8":null,"9":null,"10":null,"11":null,"12":0.007253,"13":null,"14":0.014506,"15":null,"16":null,"17":null,"18":null,"19":null,"20":null,"21":0.014506,"22":null,"23":null,"24":null,"25":null,"26":null,"27":null,"28":null,"29":0.021759,"30":null,"31":null,"32":0.007253,"33":null,"34":null,"35":0.087036,"36":0.007253,"37":0.014506,"38":0.050771,"39":0.007253,"40":0.029012,"41":0.021759,"42":null,"43":0.203084,"44":0.159566,"45":0.036265,"46":0.014506,"47":0.188578,"48":0.275614,"49":0.304626,"50":38.491671,"51":6.201315,"52":0.304626,"53":null,"54":null},"opera":{"9":null,"9.5-9.6":null,"10.0-10.1":0,"10.5":null,"10.6":null,"11":null,"11.1":null,"11.5":null,"11.6":null,"12":null,"12.1":0.014506,"15":null,"16":null,"17":null,"18":null,"19":null,"20":null,"21":null,"22":null,"23":null,"24":null,"25":null,"26":null,"27":null,"28":0.043518,"29":null,"30":null,"31":null,"32":null,"33":null,"34":null,"35":null,"36":null,"37":null,"38":null,"39":null,"40":null,"41":null,"42":0.14506,"43":null,"44":null},"safari":{"3.1":null,"3.2":null,"4":0,"5":0.014506,"5.1":0.021759,"6":null,"6.1":0.108795,"7":0.087036,"7.1":null,"8":0.07253,"9":0.029012,"9.1":0.232096,"10":0.340891,"10.1":null,"0":null},"ios_saf":{"3.2":0,"4.0-4.1":0,"4.2-4.3":0,"5.0-5.1":0,"6.0-6.1":0.0152966285897,"7.0-7.1":0.0718941543717,"8":0,"8.1-8.4":0.086425951532,"9.0-9.2":0.0390064029038,"9.3":0.335760997545,"10.0-10.2":3.03370386506},"android":{"2.1":0,"2.2":0,"2.3":0,"3":0,"4":0.0429801501305,"4.1":0.138999634465,"4.2-4.3":0.42340020235,"4.4":0.959280372063,"4.4.3-4.4.4":0.536794640992,"53":null},"op_mob":{"10":0,"11":0,"11.1":0,"11.5":0,"12":0,"12.1":0,"0":0.00103762227074},"ie":{"5.5":null,"6":null,"7":null,"8":0.693208513966,"9":0.0442473519553,"10":0.28023322905,"11":2.92769978771},"edge":{"12":0.203084,"13":0.348144,"14":1.682696,"15":null},"bb":{"7":0.0096145,"10":null},"ie_mob":{"10":0.147377883495,"11":0.695951116505},"and_ff":{"0":0.010988},"samsung":{"0":2.019045},"and_uc":{"0":2.296492},"op_mini":{"0":0.474193377729},"and_chr":{"0":16.175467}},"total":98.8177093827}