{"id":"TR","name":"Turkey","month":"2017-01","access_date":"2017-02-02","data":{"chrome":{"4":null,"5":null,"6":null,"7":null,"8":null,"9":null,"10":null,"11":0.028232,"12":null,"13":null,"14":null,"15":0.003529,"16":0.007058,"17":null,"18":0.003529,"19":null,"20":null,"21":0.003529,"22":0.158805,"23":0.007058,"24":0.003529,"25":0.010587,"26":0.059993,"27":0.007058,"28":0.007058,"29":0.010587,"30":0.007058,"31":0.017645,"32":0.007058,"33":0.010587,"34":0.081167,"35":0.021174,"36":0.010587,"37":0.010587,"38":0.052935,"39":0.03529,"40":0.021174,"41":0.017645,"42":0.021174,"43":0.07058,"44":0.07058,"45":0.045877,"46":0.081167,"47":0.098812,"48":0.165863,"49":1.948008,"50":0.091754,"51":0.204682,"52":0.225856,"53":0.391719,"54":0.592872,"55":23.301987,"56":0.363487,"57":0.014116,"58":null,"59":null},"firefox":{"2":null,"3":null,"3.5":null,"3.6":null,"4":0.003529,"5":null,"6":null,"7":null,"8":null,"9":null,"10":null,"11":null,"12":null,"13":null,"14":null,"15":null,"16":null,"17":null,"18":null,"19":null,"20":null,"21":null,"22":null,"23":null,"24":null,"25":null,"26":null,"27":null,"28":null,"29":null,"30":null,"31":null,"32":null,"33":0.003529,"34":0.003529,"35":0.003529,"36":0.007058,"37":0.007058,"38":0.007058,"39":0.007058,"40":0.007058,"41":0.007058,"42":0.007058,"43":0.028232,"44":0.042348,"45":0.017645,"46":0.010587,"47":0.059993,"48":0.038819,"49":0.031761,"50":1.101048,"51":0.137631,"52":null,"53":null,"54":null},"opera":{"9":null,"9.5-9.6":null,"10.0-10.1":0,"10.5":null,"10.6":null,"11":null,"11.1":null,"11.5":null,"11.6":null,"12":null,"12.1":0.007058,"15":null,"16":null,"17":null,"18":null,"19":null,"20":null,"21":null,"22":null,"23":null,"24":null,"25":0.003529,"26":null,"27":null,"28":0.003529,"29":null,"30":null,"31":0.010587,"32":null,"33":null,"34":null,"35":null,"36":0.010587,"37":null,"38":0.007058,"39":null,"40":null,"41":0.003529,"42":0.201153,"43":null,"44":null},"safari":{"3.1":null,"3.2":null,"4":0,"5":0.003529,"5.1":0.007058,"6":null,"6.1":0.003529,"7":null,"7.1":null,"8":0.017645,"9":0.017645,"9.1":0.067051,"10":0.215269,"10.1":null,"0":null},"ios_saf":{"3.2":0,"4.0-4.1":0,"4.2-4.3":0,"5.0-5.1":0,"6.0-6.1":0.0433564599125,"7.0-7.1":0.203775361589,"8":0,"8.1-8.4":0.244963998505,"9.0-9.2":0.110558972777,"9.3":0.951674295078,"10.0-10.2":8.59866991214},"android":{"2.1":0,"2.2":0,"2.3":0,"3":0,"4":0.0999231657963,"4.1":0.323155770235,"4.2-4.3":0.984349484334,"4.4":2.23020001958,"4.4.3-4.4.4":1.24797656005,"53":null},"op_mob":{"10":0,"11":0,"11.1":0,"11.5":0,"12":0,"12.1":0,"0":0.00154004148472},"ie":{"5.5":null,"6":null,"7":0.00710877697842,"8":0.188382589928,"9":0.145729928058,"10":0.156393093525,"11":1.97268561151},"edge":{"12":0.038819,"13":0.109399,"14":0.610517,"15":null},"bb":{"7":0.00485325,"10":null},"ie_mob":{"10":0.0689821165049,"11":0.325748883495},"and_ff":{"0":0.012942},"samsung":{"0":7.066332},"and_uc":{"0":0.200601},"op_mini":{"0":0.703798958515},"and_chr":{"0":40.886105}},"total":97.94087725}