{"id":"TT","name":"Trinidad and Tobago","month":"2017-01","access_date":"2017-02-02","data":{"chrome":{"4":null,"5":null,"6":null,"7":null,"8":null,"9":null,"10":null,"11":0.01192,"12":0.01192,"13":null,"14":null,"15":null,"16":null,"17":null,"18":0.00596,"19":null,"20":0.00596,"21":0.01192,"22":0.10132,"23":null,"24":null,"25":null,"26":0.02384,"27":0.00596,"28":0.01192,"29":0.00596,"30":null,"31":0.02384,"32":0.13112,"33":0.00596,"34":0.06556,"35":0.03576,"36":0.66156,"37":0.01192,"38":0.05364,"39":0.0298,"40":0.02384,"41":0.01192,"42":0.01192,"43":0.07152,"44":0.03576,"45":0.0298,"46":0.04172,"47":0.0298,"48":0.0298,"49":1.06684,"50":0.07748,"51":0.19072,"52":0.1788,"53":0.35164,"54":0.48276,"55":33.93028,"56":0.7152,"57":0.16092,"58":null,"59":null},"firefox":{"2":null,"3":null,"3.5":null,"3.6":0.01192,"4":null,"5":null,"6":null,"7":null,"8":null,"9":null,"10":null,"11":0.01192,"12":0.00596,"13":null,"14":null,"15":null,"16":0.00596,"17":null,"18":null,"19":null,"20":null,"21":null,"22":null,"23":null,"24":null,"25":null,"26":null,"27":null,"28":null,"29":null,"30":null,"31":null,"32":null,"33":0.00596,"34":null,"35":null,"36":null,"37":0.01788,"38":0.0298,"39":0.01192,"40":0.01192,"41":0.00596,"42":0.00596,"43":0.0894,"44":0.01192,"45":0.05364,"46":0.01192,"47":0.1192,"48":0.16688,"49":0.07748,"50":4.34484,"51":0.61388,"52":0.0298,"53":null,"54":null},"opera":{"9":null,"9.5-9.6":null,"10.0-10.1":0,"10.5":null,"10.6":null,"11":null,"11.1":null,"11.5":null,"11.6":null,"12":null,"12.1":0.02384,"15":null,"16":null,"17":null,"18":null,"19":null,"20":null,"21":null,"22":null,"23":null,"24":null,"25":null,"26":null,"27":null,"28":null,"29":0.02384,"30":null,"31":null,"32":null,"33":0.00596,"34":null,"35":0.01788,"36":0.01192,"37":0.04172,"38":0.01192,"39":null,"40":0.01192,"41":0.00596,"42":0.37548,"43":null,"44":null},"safari":{"3.1":null,"3.2":null,"4":0,"5":0.03576,"5.1":0.05364,"6":0.00596,"6.1":0.0298,"7":0.02384,"7.1":null,"8":0.13112,"9":0.06556,"9.1":0.39336,"10":1.74032,"10.1":null,"0":null},"ios_saf":{"3.2":0,"4.0-4.1":0,"4.2-4.3":0,"5.0-5.1":0,"6.0-6.1":0.0256256432155,"7.0-7.1":0.120440523113,"8":0,"8.1-8.4":0.144784884168,"9.0-9.2":0.0653453901996,"9.3":0.562482868581,"10.0-10.2":5.08220569072},"android":{"2.1":0,"2.2":0,"2.3":0,"3":0,"4":0.0476057232376,"4.1":0.153958934726,"4.2-4.3":0.468967018277,"4.4":1.06251922715,"4.4.3-4.4.4":0.594565096606,"53":null},"op_mob":{"10":0,"11":0,"11.1":0,"11.5":0,"12":0,"12.1":0,"0":0.0023910720524},"ie":{"5.5":null,"6":null,"7":0.01788,"8":0.21456,"9":0.3278,"10":0.23244,"11":3.49256},"edge":{"12":0.1192,"13":0.40528,"14":2.50916,"15":null},"bb":{"7":0.044451,"10":null},"ie_mob":{"10":0.0896866601942,"11":0.423520339806},"and_ff":{"0":0.032328},"samsung":{"0":5.29371},"and_uc":{"0":0.468756},"op_mini":{"0":1.09271992795},"and_chr":{"0":27.840489}},"total":98.245913}