{"id":"TV","name":"Tuvalu","month":"2017-01","access_date":"2017-02-02","data":{"chrome":{"4":null,"5":null,"6":null,"7":null,"8":null,"9":null,"10":null,"11":null,"12":null,"13":null,"14":null,"15":null,"16":null,"17":null,"18":null,"19":null,"20":null,"21":null,"22":null,"23":null,"24":null,"25":null,"26":1.5715,"27":null,"28":null,"29":0.46696,"30":null,"31":null,"32":null,"33":null,"34":null,"35":null,"36":null,"37":null,"38":null,"39":null,"40":null,"41":null,"42":null,"43":1.4817,"44":null,"45":null,"46":null,"47":null,"48":null,"49":0.0898,"50":null,"51":0.0898,"52":0.55676,"53":2.50542,"54":1.5715,"55":58.0108,"56":0.46696,"57":null,"58":null,"59":null},"firefox":{"2":null,"3":null,"3.5":null,"3.6":null,"4":null,"5":null,"6":null,"7":null,"8":null,"9":null,"10":null,"11":null,"12":0.0898,"13":null,"14":null,"15":null,"16":null,"17":null,"18":null,"19":null,"20":null,"21":null,"22":null,"23":null,"24":null,"25":null,"26":null,"27":null,"28":null,"29":null,"30":null,"31":null,"32":null,"33":null,"34":null,"35":null,"36":null,"37":null,"38":null,"39":null,"40":0.46696,"41":null,"42":null,"43":null,"44":null,"45":null,"46":null,"47":null,"48":0.46696,"49":1.11352,"50":8.24364,"51":0.27838,"52":null,"53":null,"54":null},"opera":{"9":null,"9.5-9.6":null,"10.0-10.1":0,"10.5":null,"10.6":null,"11":null,"11.1":null,"11.5":null,"11.6":null,"12":null,"12.1":null,"15":null,"16":null,"17":null,"18":null,"19":null,"20":null,"21":null,"22":null,"23":null,"24":null,"25":null,"26":null,"27":null,"28":null,"29":null,"30":null,"31":null,"32":null,"33":null,"34":null,"35":null,"36":null,"37":null,"38":null,"39":null,"40":null,"41":null,"42":null,"43":null,"44":null},"safari":{"3.1":null,"3.2":null,"4":0,"5":null,"5.1":null,"6":null,"6.1":null,"7":null,"7.1":null,"8":0.0898,"9":0.36818,"9.1":null,"10":0.0898,"10.1":null,"0":null},"ios_saf":{"3.2":0,"4.0-4.1":0,"4.2-4.3":0,"5.0-5.1":0,"6.0-6.1":0.0233106992634,"7.0-7.1":0.109560286538,"8":0,"8.1-8.4":0.131705450838,"9.0-9.2":0.0594422831216,"9.3":0.511669848831,"10.0-10.2":4.62309443141},"android":{"2.1":0,"2.2":0,"2.3":0,"3":0,"4":0.0124004939077,"4.1":0.0401037249782,"4.2-4.3":0.122158057006,"4.4":0.276768470409,"4.4.3-4.4.4":0.154874253699,"53":null},"op_mob":{"10":0,"11":0,"11.1":0,"11.5":0,"12":0,"12.1":0,"0":0.000529524017467},"ie":{"5.5":null,"6":0.0907782135076,"7":null,"8":0.844237385621,"9":0.0907782135076,"10":0.47204671024,"11":6.83559947712},"edge":{"12":1.29312,"13":1.67028,"14":0.36818,"15":null},"bb":{"7":0,"10":null},"ie_mob":{"10":0.148338699029,"11":0.700488300971},"and_ff":{"0":null},"samsung":{"0":0.121261},"and_uc":{"0":null},"op_mini":{"0":0.241992475983},"and_chr":{"0":2.911283}},"total":99.872241}