{"id":"TW","name":"Taiwan","month":"2017-01","access_date":"2017-02-02","data":{"chrome":{"4":null,"5":null,"6":null,"7":null,"8":null,"9":null,"10":null,"11":0.042896,"12":null,"13":null,"14":null,"15":null,"16":null,"17":null,"18":null,"19":null,"20":null,"21":null,"22":null,"23":null,"24":null,"25":null,"26":null,"27":0.032172,"28":0.005362,"29":0.010724,"30":0.005362,"31":0.032172,"32":0.010724,"33":0.058982,"34":0.010724,"35":0.02681,"36":0.05362,"37":0.010724,"38":0.085792,"39":0.05362,"40":0.016086,"41":0.032172,"42":0.021448,"43":0.112602,"44":0.048258,"45":0.155498,"46":0.069706,"47":0.096516,"48":0.123326,"49":2.241316,"50":0.230566,"51":0.782852,"52":0.273462,"53":0.310996,"54":0.664888,"55":32.080846,"56":0.29491,"57":0.075068,"58":0.005362,"59":null},"firefox":{"2":null,"3":0.005362,"3.5":null,"3.6":null,"4":null,"5":null,"6":null,"7":null,"8":null,"9":null,"10":null,"11":null,"12":0.005362,"13":null,"14":null,"15":null,"16":null,"17":null,"18":null,"19":null,"20":null,"21":0.016086,"22":null,"23":null,"24":null,"25":null,"26":null,"27":null,"28":0.005362,"29":null,"30":null,"31":0.005362,"32":0.005362,"33":0.005362,"34":null,"35":0.010724,"36":0.010724,"37":0.016086,"38":0.02681,"39":0.010724,"40":0.010724,"41":0.016086,"42":0.010724,"43":0.085792,"44":0.016086,"45":0.075068,"46":0.064344,"47":0.300272,"48":0.18767,"49":0.064344,"50":3.034892,"51":0.300272,"52":0.005362,"53":null,"54":null},"opera":{"9":null,"9.5-9.6":null,"10.0-10.1":0,"10.5":null,"10.6":null,"11":null,"11.1":null,"11.5":null,"11.6":null,"12":null,"12.1":0.010724,"15":null,"16":null,"17":null,"18":null,"19":null,"20":null,"21":null,"22":null,"23":null,"24":null,"25":null,"26":null,"27":null,"28":0.016086,"29":null,"30":null,"31":null,"32":null,"33":null,"34":null,"35":null,"36":0.010724,"37":0.016086,"38":0.117964,"39":null,"40":null,"41":null,"42":0.123326,"43":null,"44":null},"safari":{"3.1":null,"3.2":null,"4":0.010724,"5":0.010724,"5.1":0.02681,"6":null,"6.1":0.021448,"7":0.021448,"7.1":null,"8":0.10724,"9":0.085792,"9.1":0.327082,"10":1.029504,"10.1":null,"0":null},"ios_saf":{"3.2":0,"4.0-4.1":0,"4.2-4.3":0,"5.0-5.1":0,"6.0-6.1":0.0561491619515,"7.0-7.1":0.263901061172,"8":0,"8.1-8.4":0.317242765026,"9.0-9.2":0.143180362976,"9.3":1.23247410484,"10.0-10.2":11.135782544},"android":{"2.1":0,"2.2":0,"2.3":0,"3":0,"4":0.0316829086162,"4.1":0.102463874674,"4.2-4.3":0.312110355091,"4.4":0.707135556136,"4.4.3-4.4.4":0.395699305483,"53":null},"op_mob":{"10":0,"11":0,"11.1":0,"11.5":0,"12":0,"12.1":0,"0":0.000627851528384},"ie":{"5.5":null,"6":0.0328881575342,"7":0.0219254383562,"8":0.926349770548,"9":0.290512058219,"10":0.328881575342,"11":4.79618964041},"edge":{"12":0.02681,"13":0.171584,"14":1.050952,"15":null},"bb":{"7":0.002319,"10":null},"ie_mob":{"10":0.0137789126214,"11":0.0650670873786},"and_ff":{"0":0.027828},"samsung":{"0":3.019338},"and_uc":{"0":0.2319},"op_mini":{"0":0.286928148472},"and_chr":{"0":28.777662}},"total":99.0755696404}