{"id":"TZ","name":"Tanzania","month":"2017-01","access_date":"2017-02-02","data":{"chrome":{"4":null,"5":null,"6":null,"7":null,"8":null,"9":0.003134,"10":0.007835,"11":0.04701,"12":null,"13":null,"14":null,"15":null,"16":null,"17":null,"18":0.003134,"19":0.001567,"20":0.007835,"21":0.029773,"22":0.004701,"23":0.007835,"24":null,"25":0.004701,"26":0.004701,"27":0.001567,"28":0.003134,"29":0.007835,"30":0.004701,"31":0.020371,"32":0.009402,"33":0.007835,"34":0.003134,"35":0.001567,"36":0.043876,"37":null,"38":0.007835,"39":0.006268,"40":0.009402,"41":0.006268,"42":0.004701,"43":0.098721,"44":0.003134,"45":0.020371,"46":0.006268,"47":0.010969,"48":0.007835,"49":0.150432,"50":0.018804,"51":0.070515,"52":0.06268,"53":0.17237,"54":0.089319,"55":5.934229,"56":0.092453,"57":0.026639,"58":null,"59":null},"firefox":{"2":null,"3":0.006268,"3.5":0.003134,"3.6":0.010969,"4":0.023505,"5":0.007835,"6":0.020371,"7":0.007835,"8":0.009402,"9":0.007835,"10":0.020371,"11":0.014103,"12":0.028206,"13":0.021938,"14":0.012536,"15":0.020371,"16":0.021938,"17":0.012536,"18":0.014103,"19":0.01567,"20":0.025072,"21":0.014103,"22":0.007835,"23":0.032907,"24":0.009402,"25":0.009402,"26":0.012536,"27":0.006268,"28":0.009402,"29":0.040742,"30":0.032907,"31":0.017237,"32":0.01567,"33":0.023505,"34":0.018804,"35":0.023505,"36":0.017237,"37":0.026639,"38":0.025072,"39":0.020371,"40":0.026639,"41":0.014103,"42":0.026639,"43":0.134762,"44":0.162968,"45":0.054845,"46":0.037608,"47":0.294596,"48":0.115958,"49":0.177071,"50":2.485262,"51":0.492038,"52":0.043876,"53":null,"54":null},"opera":{"9":null,"9.5-9.6":null,"10.0-10.1":0,"10.5":0.003134,"10.6":0.003134,"11":0.001567,"11.1":null,"11.5":0.009402,"11.6":0.012536,"12":0.003134,"12.1":0.014103,"15":0.006268,"16":0.001567,"17":0.003134,"18":0.004701,"19":0.001567,"20":0.004701,"21":0.003134,"22":0.007835,"23":null,"24":null,"25":null,"26":null,"27":null,"28":0.003134,"29":0.004701,"30":0.004701,"31":0.001567,"32":0.004701,"33":0.009402,"34":0.004701,"35":0.010969,"36":0.023505,"37":0.139463,"38":0.003134,"39":0.006268,"40":0.012536,"41":0.042309,"42":0.526512,"43":0.004701,"44":null},"safari":{"3.1":null,"3.2":null,"4":0.001567,"5":0.010969,"5.1":0.01567,"6":0.018804,"6.1":0.010969,"7":0.004701,"7.1":0.004701,"8":0.032907,"9":0.045443,"9.1":0.073649,"10":0.246019,"10.1":null,"0":null},"ios_saf":{"3.2":0,"4.0-4.1":0,"4.2-4.3":0,"5.0-5.1":0,"6.0-6.1":0.00378121063307,"7.0-7.1":0.0177716899754,"8":0,"8.1-8.4":0.0213638400769,"9.0-9.2":0.00964208711434,"9.3":0.082997573396,"10.0-10.2":0.749908598804},"android":{"2.1":0,"2.2":0,"2.3":0,"3":0,"4":0.122630792428,"4.1":0.396593201044,"4.2-4.3":1.20804376371,"4.4":2.73701492037,"4.4.3-4.4.4":1.53158032245,"53":null},"op_mob":{"10":0,"11":0,"11.1":0,"11.5":0,"12":0,"12.1":0,"0":0.104860120087},"ie":{"5.5":null,"6":0.00476690186916,"7":null,"8":0.177964336449,"9":0.0222455420561,"10":0.0492579859813,"11":0.425843233645},"edge":{"12":0.07835,"13":0.070515,"14":0.209978,"15":null},"bb":{"7":0.03162375,"10":null},"ie_mob":{"10":0.12968807767,"11":0.61241592233},"and_ff":{"0":0.016866},"samsung":{"0":1.551672},"and_uc":{"0":11.519478},"op_mini":{"0":47.9210748799},"and_chr":{"0":13.837784}},"total":96.75209975}