{"id":"UA","name":"Ukraine","month":"2017-01","access_date":"2017-02-02","data":{"chrome":{"4":0.016388,"5":0.016388,"6":0.016388,"7":0.008194,"8":0.008194,"9":0.016388,"10":0.016388,"11":0.057358,"12":0.024582,"13":0.032776,"14":0.032776,"15":0.024582,"16":0.032776,"17":0.049164,"18":0.073746,"19":0.032776,"20":0.032776,"21":0.057358,"22":0.08194,"23":0.04097,"24":0.04097,"25":0.024582,"26":0.04097,"27":0.04097,"28":0.04097,"29":0.024582,"30":0.024582,"31":0.049164,"32":0.024582,"33":0.024582,"34":0.04097,"35":0.032776,"36":0.049164,"37":0.024582,"38":0.04097,"39":0.139298,"40":0.065552,"41":0.073746,"42":0.04097,"43":0.28679,"44":0.04097,"45":0.08194,"46":0.073746,"47":0.114716,"48":0.196656,"49":3.15469,"50":0.188462,"51":0.876758,"52":0.32776,"53":0.442476,"54":0.811206,"55":39.57702,"56":0.647326,"57":0.213044,"58":0.008194,"59":null},"firefox":{"2":0.016388,"3":0.057358,"3.5":0.08194,"3.6":0.303178,"4":0.024582,"5":0.008194,"6":0.008194,"7":null,"8":0.008194,"9":0.008194,"10":0.016388,"11":0.016388,"12":0.024582,"13":0.016388,"14":0.016388,"15":0.016388,"16":0.049164,"17":0.008194,"18":0.008194,"19":0.008194,"20":0.016388,"21":0.024582,"22":0.016388,"23":0.024582,"24":0.032776,"25":0.016388,"26":0.008194,"27":null,"28":0.032776,"29":null,"30":0.016388,"31":0.016388,"32":0.016388,"33":0.032776,"34":0.032776,"35":0.032776,"36":0.032776,"37":0.032776,"38":0.114716,"39":0.024582,"40":0.024582,"41":0.04097,"42":0.049164,"43":0.180268,"44":0.032776,"45":0.36873,"46":0.106522,"47":0.49164,"48":0.393312,"49":0.180268,"50":7.325436,"51":0.958698,"52":0.024582,"53":null,"54":null},"opera":{"9":null,"9.5-9.6":null,"10.0-10.1":0,"10.5":0.016388,"10.6":0.04097,"11":0.016388,"11.1":0.016388,"11.5":0.032776,"11.6":0.20485,"12":0.12291,"12.1":2.605692,"15":0.016388,"16":0.016388,"17":null,"18":0.024582,"19":0.008194,"20":0.032776,"21":0.008194,"22":0.008194,"23":null,"24":0.008194,"25":0.008194,"26":0.016388,"27":0.057358,"28":0.024582,"29":0.016388,"30":0.032776,"31":0.016388,"32":0.016388,"33":0.016388,"34":0.032776,"35":0.032776,"36":0.843982,"37":0.08194,"38":0.147492,"39":0.04097,"40":0.057358,"41":0.139298,"42":5.170414,"43":0.04097,"44":0.008194},"safari":{"3.1":null,"3.2":null,"4":0.032776,"5":0.065552,"5.1":0.049164,"6":0.016388,"6.1":0.016388,"7":0.016388,"7.1":null,"8":0.04097,"9":0.057358,"9.1":0.294984,"10":1.245488,"10.1":null,"0":null},"ios_saf":{"3.2":0,"4.0-4.1":0,"4.2-4.3":0,"5.0-5.1":0,"6.0-6.1":0.0135425899434,"7.0-7.1":0.0636501727341,"8":0,"8.1-8.4":0.0765156331803,"9.0-9.2":0.0345336043557,"9.3":0.297259849258,"10.0-10.2":2.68583415053},"android":{"2.1":0,"2.2":0,"2.3":0,"3":0,"4":0.0280723759791,"4.1":0.0907872584856,"4.2-4.3":0.276542767624,"4.4":0.62655154047,"4.4.3-4.4.4":0.350606057441,"53":null},"op_mob":{"10":0,"11":0,"11.1":0,"11.5":0,"12":0,"12.1":0,"0":0.00411279039301},"ie":{"5.5":null,"6":0.0170134961832,"7":0.0255202442748,"8":0.535925129771,"9":0.153121465649,"10":0.255202442748,"11":1.19945148092},"edge":{"12":0.024582,"13":0.114716,"14":0.557192,"15":null},"bb":{"7":0.006321,"10":null},"ie_mob":{"10":0.044185631068,"11":0.208654368932},"and_ff":{"0":0.012642},"samsung":{"0":0.792834},"and_uc":{"0":0.671832},"op_mini":{"0":1.87954520961},"and_chr":{"0":9.93127}},"total":92.7492632595}