{"id":"UY","name":"Uruguay","month":"2017-01","access_date":"2017-02-02","data":{"chrome":{"4":null,"5":0.006116,"6":null,"7":null,"8":null,"9":null,"10":null,"11":0.024464,"12":null,"13":null,"14":null,"15":null,"16":null,"17":null,"18":0.024464,"19":null,"20":null,"21":null,"22":0.012232,"23":null,"24":null,"25":null,"26":0.012232,"27":0.012232,"28":null,"29":null,"30":null,"31":0.018348,"32":0.134552,"33":0.006116,"34":0.024464,"35":0.06116,"36":0.587136,"37":0.024464,"38":0.036696,"39":0.103972,"40":0.018348,"41":0.018348,"42":0.048928,"43":0.140668,"44":0.055044,"45":0.03058,"46":0.507628,"47":0.27522,"48":4.415752,"49":2.623764,"50":0.269104,"51":0.440352,"52":0.201828,"53":0.232408,"54":0.51986,"55":35.07526,"56":0.525976,"57":0.048928,"58":null,"59":null},"firefox":{"2":null,"3":0.024464,"3.5":null,"3.6":0.055044,"4":null,"5":null,"6":null,"7":null,"8":null,"9":0.006116,"10":null,"11":null,"12":0.012232,"13":null,"14":null,"15":null,"16":0.018348,"17":0.06116,"18":null,"19":null,"20":0.024464,"21":null,"22":null,"23":0.006116,"24":null,"25":0.415888,"26":null,"27":0.165132,"28":0.012232,"29":0.006116,"30":null,"31":0.006116,"32":null,"33":0.477048,"34":0.006116,"35":0.048928,"36":0.006116,"37":0.012232,"38":0.140668,"39":0.03058,"40":0.12232,"41":0.018348,"42":0.024464,"43":0.177364,"44":0.018348,"45":0.226292,"46":0.036696,"47":0.262988,"48":0.1529,"49":0.12232,"50":4.146648,"51":0.477048,"52":0.012232,"53":null,"54":null},"opera":{"9":null,"9.5-9.6":null,"10.0-10.1":0,"10.5":null,"10.6":null,"11":null,"11.1":null,"11.5":null,"11.6":null,"12":null,"12.1":0.012232,"15":null,"16":null,"17":null,"18":null,"19":null,"20":null,"21":null,"22":null,"23":null,"24":null,"25":null,"26":null,"27":null,"28":null,"29":null,"30":null,"31":null,"32":null,"33":null,"34":null,"35":null,"36":0.024464,"37":0.006116,"38":0.042812,"39":null,"40":null,"41":0.018348,"42":0.409772,"43":0.006116,"44":null},"safari":{"3.1":null,"3.2":null,"4":0.006116,"5":null,"5.1":0.018348,"6":null,"6.1":0.03058,"7":null,"7.1":null,"8":0.079508,"9":0.048928,"9.1":0.256872,"10":0.715572,"10.1":null,"0":null},"ios_saf":{"3.2":0,"4.0-4.1":0,"4.2-4.3":0,"5.0-5.1":0,"6.0-6.1":0.0204058930287,"7.0-7.1":0.095907697235,"8":0,"8.1-8.4":0.115293295612,"9.0-9.2":0.0520350272232,"9.3":0.44790935198,"10.0-10.2":4.04699873492},"android":{"2.1":0,"2.2":0,"2.3":0,"3":0,"4":0.0385372389034,"4.1":0.124631070496,"4.2-4.3":0.379632800261,"4.4":0.860118374674,"4.4.3-4.4.4":0.481305515666,"53":null},"op_mob":{"10":0,"11":0,"11.1":0,"11.5":0,"12":0,"12.1":0,"0":0.00166257641921},"ie":{"5.5":null,"6":0.012788,"7":null,"8":0.35167,"9":0.12788,"10":0.115092,"11":1.221254},"edge":{"12":0.067276,"13":0.12232,"14":0.623832,"15":null},"bb":{"7":0.02039625,"10":null},"ie_mob":{"10":0.37273368932,"11":1.76013131068},"and_ff":{"0":0.0777},"samsung":{"0":1.993005},"and_uc":{"0":0.151515},"op_mini":{"0":0.759797423581},"and_chr":{"0":27.864568}},"total":97.85190825}