{"id":"UZ","name":"Uzbekistan","month":"2017-01","access_date":"2017-02-02","data":{"chrome":{"4":0.035688,"5":0.066915,"6":0.004461,"7":0.022305,"8":0.022305,"9":0.013383,"10":0.026766,"11":0.031227,"12":0.107064,"13":0.022305,"14":0.053532,"15":0.040149,"16":0.316731,"17":0.066915,"18":0.062454,"19":0.031227,"20":0.040149,"21":0.053532,"22":0.057993,"23":0.071376,"24":0.066915,"25":0.031227,"26":0.066915,"27":0.066915,"28":0.049071,"29":0.008922,"30":0.022305,"31":0.111525,"32":0.031227,"33":0.008922,"34":0.013383,"35":0.057993,"36":0.013383,"37":0.057993,"38":0.053532,"39":0.218589,"40":0.138291,"41":0.053532,"42":0.035688,"43":0.13383,"44":0.040149,"45":0.075837,"46":0.04461,"47":0.080298,"48":0.111525,"49":2.212656,"50":0.062454,"51":0.35688,"52":0.107064,"53":0.187362,"54":0.410412,"55":22.710951,"56":0.370263,"57":0.075837,"58":null,"59":null},"firefox":{"2":0.022305,"3":0.080298,"3.5":0.075837,"3.6":0.276582,"4":0.022305,"5":0.008922,"6":null,"7":0.008922,"8":null,"9":0.017844,"10":0.008922,"11":0.004461,"12":0.004461,"13":0.017844,"14":0.040149,"15":0.013383,"16":0.013383,"17":0.013383,"18":0.017844,"19":0.013383,"20":0.013383,"21":0.008922,"22":0.013383,"23":0.017844,"24":0.080298,"25":0.008922,"26":0.008922,"27":null,"28":0.008922,"29":null,"30":0.04461,"31":0.013383,"32":0.022305,"33":0.040149,"34":0.017844,"35":0.017844,"36":0.022305,"37":0.035688,"38":0.040149,"39":0.035688,"40":0.138291,"41":0.013383,"42":0.107064,"43":0.165057,"44":0.026766,"45":0.049071,"46":0.031227,"47":0.285504,"48":0.093681,"49":0.205206,"50":2.694444,"51":0.272121,"52":null,"53":null,"54":null},"opera":{"9":null,"9.5-9.6":0.013383,"10.0-10.1":0,"10.5":0.04461,"10.6":0.049071,"11":0.013383,"11.1":0.071376,"11.5":0.022305,"11.6":0.08922,"12":0.17844,"12.1":0.8922,"15":0.004461,"16":0.004461,"17":0.004461,"18":0.031227,"19":0.008922,"20":0.022305,"21":0.013383,"22":0.013383,"23":0.013383,"24":0.008922,"25":0.017844,"26":0.013383,"27":0.071376,"28":0.004461,"29":0.013383,"30":0.013383,"31":0.022305,"32":0.008922,"33":0.022305,"34":0.022305,"35":0.017844,"36":0.285504,"37":0.017844,"38":0.040149,"39":0.017844,"40":0.013383,"41":0.053532,"42":1.713024,"43":0.035688,"44":0.008922},"safari":{"3.1":0.026766,"3.2":null,"4":0.026766,"5":0.049071,"5.1":0.026766,"6":null,"6.1":0.013383,"7":null,"7.1":null,"8":0.013383,"9":0.017844,"9.1":0.13383,"10":0.495171,"10.1":null,"0":null},"ios_saf":{"3.2":0,"4.0-4.1":0,"4.2-4.3":0,"5.0-5.1":0,"6.0-6.1":0.021453498452,"7.0-7.1":0.100831442724,"8":0,"8.1-8.4":0.121212266254,"9.0-9.2":0.0547064210526,"9.3":0.470904291022,"10.0-10.2":4.2547650805},"android":{"2.1":0,"2.2":0,"2.3":0,"3":0,"4":0.113626631419,"4.1":0.367473361184,"4.2-4.3":1.11934319887,"4.4":2.53604970975,"4.4.3-4.4.4":1.41912409878,"53":null},"op_mob":{"10":0,"11":0,"11.1":0,"11.5":0,"12":0,"12.1":0,"0":0.0127711441048},"ie":{"5.5":null,"6":0.0319755924658,"7":0.00913588356164,"8":0.44309035274,"9":0.118766486301,"10":0.16901384589,"11":0.561856839041},"edge":{"12":0.035688,"13":0.057993,"14":0.151674,"15":null},"bb":{"7":0.005539,"10":null},"ie_mob":{"10":0.0416231650485,"11":0.196553834951},"and_ff":{"0":0.016617},"samsung":{"0":3.899456},"and_uc":{"0":19.369883},"op_mini":{"0":5.8364128559},"and_chr":{"0":13.885239}},"total":94.563593}