{"id":"VA","name":"Holy See (Vatican City State)","month":"2017-01","access_date":"2017-02-02","data":{"chrome":{"4":null,"5":null,"6":null,"7":null,"8":null,"9":null,"10":null,"11":null,"12":null,"13":null,"14":null,"15":null,"16":null,"17":null,"18":0.052944,"19":null,"20":null,"21":null,"22":0.141184,"23":null,"24":null,"25":null,"26":null,"27":null,"28":null,"29":null,"30":null,"31":0.026472,"32":null,"33":null,"34":null,"35":11.709448,"36":2.258944,"37":0.008824,"38":null,"39":null,"40":null,"41":null,"42":null,"43":0.008824,"44":null,"45":null,"46":null,"47":null,"48":null,"49":1.755976,"50":null,"51":null,"52":null,"53":0.105888,"54":0.04412,"55":30.072192,"56":0.820632,"57":null,"58":null,"59":null},"firefox":{"2":null,"3":null,"3.5":null,"3.6":0.026472,"4":null,"5":null,"6":null,"7":null,"8":null,"9":null,"10":null,"11":null,"12":null,"13":0.017648,"14":null,"15":0.08824,"16":null,"17":null,"18":null,"19":null,"20":null,"21":null,"22":null,"23":null,"24":null,"25":null,"26":null,"27":null,"28":null,"29":null,"30":0.30884,"31":null,"32":null,"33":null,"34":null,"35":0.061768,"36":0.26472,"37":null,"38":null,"39":0.061768,"40":null,"41":null,"42":0.017648,"43":null,"44":0.035296,"45":0.141184,"46":0.097064,"47":0.476496,"48":0.273544,"49":0.04412,"50":14.20664,"51":1.967752,"52":null,"53":null,"54":null},"opera":{"9":null,"9.5-9.6":null,"10.0-10.1":0,"10.5":null,"10.6":null,"11":null,"11.1":null,"11.5":null,"11.6":null,"12":null,"12.1":null,"15":null,"16":null,"17":null,"18":null,"19":null,"20":null,"21":null,"22":null,"23":null,"24":null,"25":null,"26":null,"27":null,"28":null,"29":null,"30":null,"31":null,"32":null,"33":null,"34":null,"35":null,"36":null,"37":null,"38":null,"39":null,"40":null,"41":null,"42":0.123536,"43":null,"44":null},"safari":{"3.1":null,"3.2":null,"4":0,"5":null,"5.1":0.070592,"6":null,"6.1":null,"7":null,"7.1":0.017648,"8":null,"9":0.008824,"9.1":0.432376,"10":1.755976,"10.1":null,"0":null},"ios_saf":{"3.2":0,"4.0-4.1":0,"4.2-4.3":0,"5.0-5.1":0,"6.0-6.1":0.0307088288673,"7.0-7.1":0.144331495676,"8":0,"8.1-8.4":0.1735048831,"9.0-9.2":0.0783075136116,"9.3":0.674058793637,"10.0-10.2":6.09032848511},"android":{"2.1":0,"2.2":0,"2.3":0,"3":0,"4":0.0110399686684,"4.1":0.0357037284595,"4.2-4.3":0.108755436031,"4.4":0.246402704961,"4.4.3-4.4.4":0.13788216188,"53":null},"op_mob":{"10":0,"11":0,"11.1":0,"11.5":0,"12":0,"12.1":0,"0":3.08122270742e-5},"ie":{"5.5":null,"6":null,"7":null,"8":0.273544,"9":0.255896,"10":0.105888,"11":18.671584},"edge":{"12":0.070592,"13":0.052944,"14":0.891224,"15":null},"bb":{"7":0.003528,"10":null},"ie_mob":{"10":0.0106867572816,"11":0.0504652427184},"and_ff":{"0":null},"samsung":{"0":0.806736},"and_uc":{"0":null},"op_mini":{"0":0.0140811877729},"and_chr":{"0":3.00116}},"total":99.442984}