{"id":"VC","name":"Saint Vincent and the Grenadines","month":"2017-01","access_date":"2017-02-02","data":{"chrome":{"4":null,"5":null,"6":null,"7":null,"8":null,"9":null,"10":null,"11":0.043435,"12":null,"13":null,"14":0.006205,"15":null,"16":null,"17":null,"18":0.01241,"19":null,"20":null,"21":null,"22":0.043435,"23":null,"24":null,"25":null,"26":null,"27":null,"28":null,"29":0.006205,"30":null,"31":0.02482,"32":0.1241,"33":null,"34":0.02482,"35":0.01241,"36":1.9856,"37":0.01241,"38":0.06205,"39":0.01241,"40":0.018615,"41":0.02482,"42":0.01241,"43":0.117895,"44":0.02482,"45":0.018615,"46":0.01241,"47":0.02482,"48":0.09928,"49":1.073465,"50":0.068255,"51":0.45917,"52":0.117895,"53":0.31025,"54":0.353685,"55":35.076865,"56":0.57086,"57":0.16133,"58":null,"59":null},"firefox":{"2":null,"3":null,"3.5":null,"3.6":0.01241,"4":null,"5":null,"6":null,"7":null,"8":null,"9":null,"10":null,"11":0.01241,"12":null,"13":null,"14":null,"15":null,"16":0.018615,"17":null,"18":null,"19":null,"20":null,"21":null,"22":null,"23":null,"24":null,"25":null,"26":null,"27":null,"28":null,"29":null,"30":null,"31":null,"32":null,"33":null,"34":null,"35":null,"36":0.02482,"37":null,"38":0.07446,"39":null,"40":null,"41":0.006205,"42":0.01241,"43":0.043435,"44":0.01241,"45":0.068255,"46":0.21097,"47":0.403325,"48":0.17374,"49":0.06205,"50":3.977405,"51":0.639115,"52":0.03723,"53":null,"54":null},"opera":{"9":null,"9.5-9.6":null,"10.0-10.1":0,"10.5":null,"10.6":null,"11":null,"11.1":null,"11.5":null,"11.6":null,"12":null,"12.1":0.01241,"15":null,"16":null,"17":null,"18":null,"19":null,"20":null,"21":null,"22":null,"23":null,"24":null,"25":null,"26":null,"27":null,"28":null,"29":0.01241,"30":null,"31":null,"32":null,"33":0.01241,"34":null,"35":0.01241,"36":0.02482,"37":0.018615,"38":0.043435,"39":null,"40":null,"41":null,"42":0.47158,"43":null,"44":null},"safari":{"3.1":null,"3.2":null,"4":0,"5":0.031025,"5.1":0.17374,"6":0.01241,"6.1":0.01241,"7":null,"7.1":null,"8":0.055845,"9":0.043435,"9.1":0.48399,"10":1.259615,"10.1":null,"0":null},"ios_saf":{"3.2":0,"4.0-4.1":0,"4.2-4.3":0,"5.0-5.1":0,"6.0-6.1":0.0168054446461,"7.0-7.1":0.0789855898367,"8":0,"8.1-8.4":0.0949507622505,"9.0-9.2":0.0428538838475,"9.3":0.368879509982,"10.0-10.2":3.33293980944},"android":{"2.1":0,"2.2":0,"2.3":0,"3":0,"4":0.106879288512,"4.1":0.345652167102,"4.2-4.3":1.05287469321,"4.4":2.38545475849,"4.4.3-4.4.4":1.33485409269,"53":null},"op_mob":{"10":0,"11":0,"11.1":0,"11.5":0,"12":0,"12.1":0,"0":0.00145005458515},"ie":{"5.5":null,"6":null,"7":null,"8":0.08687,"9":0.1241,"10":0.291635,"11":2.674355},"edge":{"12":0.85629,"13":0.67014,"14":3.46239,"15":null},"bb":{"7":0.17457,"10":null},"ie_mob":{"10":0.10810223301,"11":0.51048276699},"and_ff":{"0":0.026565},"samsung":{"0":2.721015},"and_uc":{"0":1.104345},"op_mini":{"0":0.662674945415},"and_chr":{"0":25.83818}},"total":97.85989}