{"id":"VE","name":"Venezuela","month":"2017-01","access_date":"2017-02-02","data":{"chrome":{"4":null,"5":null,"6":0.07299,"7":null,"8":null,"9":null,"10":null,"11":0.043794,"12":0.014598,"13":0.014598,"14":null,"15":null,"16":null,"17":null,"18":0.021897,"19":null,"20":0.036495,"21":0.014598,"22":0.014598,"23":0.007299,"24":0.029196,"25":0.014598,"26":0.021897,"27":0.051093,"28":0.007299,"29":0.021897,"30":0.021897,"31":0.029196,"32":0.087588,"33":0.021897,"34":0.029196,"35":0.160578,"36":0.335754,"37":0.065691,"38":0.051093,"39":0.058392,"40":0.153279,"41":0.021897,"42":0.043794,"43":0.189774,"44":0.094887,"45":0.07299,"46":0.138681,"47":0.160578,"48":0.094887,"49":5.445054,"50":0.167877,"51":0.970767,"52":0.379548,"53":0.489033,"54":0.795591,"55":42.867027,"56":0.708003,"57":0.043794,"58":null,"59":null},"firefox":{"2":0.058392,"3":0.036495,"3.5":0.007299,"3.6":0.248166,"4":0.007299,"5":0.021897,"6":null,"7":null,"8":0.65691,"9":null,"10":null,"11":0.007299,"12":0.014598,"13":0.014598,"14":0.014598,"15":null,"16":0.014598,"17":null,"18":null,"19":null,"20":0.014598,"21":0.007299,"22":null,"23":0.058392,"24":0.007299,"25":0.014598,"26":0.07299,"27":1.058355,"28":0.007299,"29":0.029196,"30":0.021897,"31":0.029196,"32":0.014598,"33":0.021897,"34":0.021897,"35":0.029196,"36":0.021897,"37":0.036495,"38":0.07299,"39":0.051093,"40":0.094887,"41":0.051093,"42":0.036495,"43":0.204372,"44":0.051093,"45":0.240867,"46":0.07299,"47":0.452538,"48":0.408744,"49":0.197073,"50":6.729678,"51":0.934272,"52":0.029196,"53":null,"54":null},"opera":{"9":null,"9.5-9.6":null,"10.0-10.1":0,"10.5":null,"10.6":null,"11":null,"11.1":null,"11.5":null,"11.6":null,"12":null,"12.1":0.014598,"15":null,"16":null,"17":null,"18":null,"19":null,"20":null,"21":null,"22":null,"23":null,"24":null,"25":null,"26":null,"27":null,"28":null,"29":null,"30":null,"31":null,"32":null,"33":0.014598,"34":null,"35":0.007299,"36":0.043794,"37":0.014598,"38":0.07299,"39":0.007299,"40":0.007299,"41":0.007299,"42":0.554724,"43":null,"44":null},"safari":{"3.1":null,"3.2":null,"4":0.007299,"5":0.021897,"5.1":0.014598,"6":null,"6.1":0.014598,"7":0.014598,"7.1":0.007299,"8":0.036495,"9":0.021897,"9.1":0.14598,"10":0.394146,"10.1":null,"0":null},"ios_saf":{"3.2":0,"4.0-4.1":0,"4.2-4.3":0,"5.0-5.1":0,"6.0-6.1":0.00890433223017,"7.0-7.1":0.0418503614818,"8":0,"8.1-8.4":0.0503094771005,"9.0-9.2":0.0227060471869,"9.3":0.195450092452,"10.0-10.2":1.76595168955},"android":{"2.1":0,"2.2":0,"2.3":0,"3":0,"4":0.111976313751,"4.1":0.362136163621,"4.2-4.3":1.10308581419,"4.4":2.49921602393,"4.4.3-4.4.4":1.39851268451,"53":null},"op_mob":{"10":0,"11":0,"11.1":0,"11.5":0,"12":0,"12.1":0,"0":0.0054491790393},"ie":{"5.5":null,"6":0.0153870810811,"7":0.0230806216216,"8":0.43083827027,"9":0.123096648649,"10":0.115403108108,"11":1.28482127027},"edge":{"12":0.065691,"13":0.124083,"14":0.401445,"15":null},"bb":{"7":0.267399,"10":null},"ie_mob":{"10":0.106204368932,"11":0.501520631068},"and_ff":{"0":0.067525},"samsung":{"0":0.769785},"and_uc":{"0":0.361934},"op_mini":{"0":2.49027482096},"and_chr":{"0":15.376797}},"total":97.796358}