{"id":"VG","name":"British Virgin Islands","month":"2017-01","access_date":"2017-02-02","data":{"chrome":{"4":null,"5":null,"6":null,"7":null,"8":null,"9":null,"10":null,"11":0.006155,"12":0.01231,"13":null,"14":null,"15":null,"16":null,"17":null,"18":0.09848,"19":null,"20":0.01231,"21":null,"22":0.01231,"23":0.01231,"24":0.03693,"25":null,"26":null,"27":null,"28":null,"29":0.006155,"30":0.006155,"31":0.055395,"32":0.25851,"33":0.01231,"34":null,"35":0.006155,"36":0.01231,"37":null,"38":null,"39":0.04924,"40":null,"41":0.067705,"42":0.06155,"43":0.215425,"44":0.018465,"45":0.018465,"46":null,"47":0.06155,"48":0.04924,"49":1.163295,"50":0.1231,"51":1.04635,"52":0.14772,"53":0.264665,"54":0.75091,"55":27.001985,"56":0.16003,"57":0.01231,"58":null,"59":null},"firefox":{"2":null,"3":0.01231,"3.5":null,"3.6":0.006155,"4":0.01231,"5":0.01231,"6":null,"7":null,"8":null,"9":null,"10":null,"11":0.02462,"12":null,"13":null,"14":null,"15":null,"16":null,"17":null,"18":null,"19":null,"20":null,"21":null,"22":null,"23":null,"24":null,"25":null,"26":null,"27":null,"28":null,"29":null,"30":null,"31":null,"32":null,"33":0.01231,"34":null,"35":null,"36":0.01231,"37":null,"38":0.03693,"39":null,"40":null,"41":0.006155,"42":null,"43":0.04924,"44":0.01231,"45":0.043085,"46":0.116945,"47":0.264665,"48":0.16003,"49":0.116945,"50":4.043835,"51":0.46778,"52":null,"53":null,"54":null},"opera":{"9":null,"9.5-9.6":null,"10.0-10.1":0,"10.5":null,"10.6":null,"11":null,"11.1":null,"11.5":null,"11.6":null,"12":null,"12.1":null,"15":null,"16":null,"17":null,"18":null,"19":null,"20":null,"21":null,"22":null,"23":null,"24":null,"25":null,"26":null,"27":null,"28":null,"29":0.178495,"30":null,"31":null,"32":null,"33":null,"34":null,"35":0.01231,"36":null,"37":null,"38":0.14772,"39":null,"40":null,"41":0.006155,"42":0.23389,"43":null,"44":null},"safari":{"3.1":null,"3.2":null,"4":0,"5":0.02462,"5.1":0.178495,"6":null,"6.1":0.01231,"7":0.006155,"7.1":0.018465,"8":0.486245,"9":0.17234,"9.1":1.311015,"10":2.49893,"10.1":null,"0":null},"ios_saf":{"3.2":0,"4.0-4.1":0,"4.2-4.3":0,"5.0-5.1":0,"6.0-6.1":0.0553660296787,"7.0-7.1":0.26022033949,"8":0,"8.1-8.4":0.312818067684,"9.0-9.2":0.141183375681,"9.3":1.21528435145,"10.0-10.2":10.980467836},"android":{"2.1":0,"2.2":0,"2.3":0,"3":0,"4":0.0265803611836,"4.1":0.0859620191471,"4.2-4.3":0.261844834639,"4.4":0.593251040035,"4.4.3-4.4.4":0.331971744996,"53":null},"op_mob":{"10":0,"11":0,"11.1":0,"11.5":0,"12":0,"12.1":0,"0":0.00114174672489},"ie":{"5.5":null,"6":null,"7":0.01242540625,"8":0.36033678125,"9":0.53429246875,"10":0.21123190625,"11":6.8339734375},"edge":{"12":0.289285,"13":1.07097,"14":5.619515,"15":null},"bb":{"7":0.0211475,"10":null},"ie_mob":{"10":0.0490517475728,"11":0.231633252427},"and_ff":{"0":0.011535},"samsung":{"0":4.248725},"and_uc":{"0":0.35374},"op_mini":{"0":0.521778253275},"and_chr":{"0":21.26423}},"total":98.3571525}