{"id":"VI","name":"Virgin Islands (US)","month":"2017-01","access_date":"2017-02-02","data":{"chrome":{"4":null,"5":null,"6":null,"7":null,"8":null,"9":null,"10":null,"11":null,"12":null,"13":null,"14":null,"15":null,"16":null,"17":null,"18":0.010522,"19":null,"20":null,"21":null,"22":null,"23":null,"24":null,"25":null,"26":null,"27":null,"28":null,"29":null,"30":null,"31":null,"32":0.042088,"33":null,"34":0.005261,"35":null,"36":null,"37":null,"38":0.021044,"39":0.010522,"40":null,"41":0.010522,"42":0.015783,"43":0.026305,"44":0.010522,"45":0.010522,"46":0.063132,"47":0.026305,"48":0.05261,"49":0.726018,"50":0.015783,"51":0.257789,"52":0.378792,"53":0.373531,"54":0.320921,"55":21.733191,"56":0.357748,"57":0.068393,"58":null,"59":null},"firefox":{"2":null,"3":null,"3.5":null,"3.6":null,"4":null,"5":null,"6":null,"7":null,"8":null,"9":null,"10":0.021044,"11":0.005261,"12":null,"13":null,"14":null,"15":null,"16":null,"17":null,"18":null,"19":null,"20":null,"21":0.010522,"22":null,"23":0.010522,"24":null,"25":null,"26":null,"27":null,"28":null,"29":null,"30":null,"31":null,"32":0.005261,"33":null,"34":null,"35":null,"36":null,"37":null,"38":0.005261,"39":0.005261,"40":0.005261,"41":0.015783,"42":null,"43":0.031566,"44":null,"45":0.031566,"46":null,"47":0.084176,"48":0.10522,"49":0.047349,"50":5.860754,"51":0.615537,"52":0.005261,"53":null,"54":null},"opera":{"9":null,"9.5-9.6":null,"10.0-10.1":0,"10.5":null,"10.6":null,"11":null,"11.1":null,"11.5":null,"11.6":null,"12":null,"12.1":null,"15":null,"16":null,"17":null,"18":null,"19":null,"20":null,"21":null,"22":null,"23":null,"24":null,"25":null,"26":null,"27":null,"28":0.010522,"29":0.115742,"30":null,"31":null,"32":null,"33":null,"34":0.005261,"35":null,"36":null,"37":0.005261,"38":null,"39":null,"40":null,"41":null,"42":0.047349,"43":null,"44":null},"safari":{"3.1":null,"3.2":null,"4":0.015783,"5":0.005261,"5.1":0.173613,"6":null,"6.1":0.084176,"7":0.010522,"7.1":0.021044,"8":0.363009,"9":0.799672,"9.1":1.815045,"10":2.704154,"10.1":null,"0":null},"ios_saf":{"3.2":0,"4.0-4.1":0,"4.2-4.3":0,"5.0-5.1":0,"6.0-6.1":0.0997279470481,"7.0-7.1":0.468721351126,"8":0,"8.1-8.4":0.563462900822,"9.0-9.2":0.254306264973,"9.3":2.18902843771,"10.0-10.2":19.7785450983},"android":{"2.1":0,"2.2":0,"2.3":0,"3":0,"4":0.0229711579634,"4.1":0.0742897023499,"4.2-4.3":0.226290343342,"4.4":0.512696695822,"4.4.3-4.4.4":0.286895100522,"53":null},"op_mob":{"10":0,"11":0,"11.1":0,"11.5":0,"12":0,"12.1":0,"0":7.24301310044e-5},"ie":{"5.5":null,"6":null,"7":null,"8":0.084176,"9":0.252528,"10":0.099959,"11":7.307529},"edge":{"12":0.236745,"13":0.536622,"14":5.139997,"15":null},"bb":{"7":0.0071085,"10":null},"ie_mob":{"10":0.0737075533981,"11":0.348063446602},"and_ff":{"0":0.042651},"samsung":{"0":5.625193},"and_uc":{"0":0.146909},"op_mini":{"0":0.033100569869},"and_chr":{"0":16.80216}},"total":98.7927795}