{"id":"VN","name":"Viet Nam","month":"2017-01","access_date":"2017-02-02","data":{"chrome":{"4":null,"5":null,"6":null,"7":null,"8":null,"9":null,"10":null,"11":0.016785,"12":null,"13":null,"14":null,"15":null,"16":null,"17":0.01119,"18":0.005595,"19":0.005595,"20":0.005595,"21":0.01119,"22":0.016785,"23":0.005595,"24":null,"25":null,"26":0.01119,"27":null,"28":0.01119,"29":0.02238,"30":0.01119,"31":0.039165,"32":0.016785,"33":0.01119,"34":0.02238,"35":0.01119,"36":0.04476,"37":0.005595,"38":0.03357,"39":0.06714,"40":0.005595,"41":0.07833,"42":0.04476,"43":0.30213,"44":0.07833,"45":0.06714,"46":0.274155,"47":0.10071,"48":0.13428,"49":2.22681,"50":0.36927,"51":2.333115,"52":0.374865,"53":0.38046,"54":0.497955,"55":22.553445,"56":0.274155,"57":0.04476,"58":null,"59":null},"firefox":{"2":null,"3":0.039165,"3.5":null,"3.6":0.01119,"4":null,"5":0.005595,"6":0.005595,"7":null,"8":null,"9":null,"10":null,"11":null,"12":0.01119,"13":null,"14":null,"15":null,"16":null,"17":null,"18":null,"19":null,"20":0.005595,"21":null,"22":0.01119,"23":0.005595,"24":null,"25":null,"26":0.005595,"27":null,"28":null,"29":0.01119,"30":0.005595,"31":null,"32":null,"33":0.01119,"34":0.005595,"35":0.02238,"36":0.027975,"37":0.01119,"38":0.07833,"39":0.02238,"40":0.016785,"41":0.02238,"42":0.02238,"43":0.229395,"44":0.02238,"45":0.162255,"46":0.17904,"47":0.86163,"48":0.430815,"49":0.072735,"50":2.747145,"51":0.195825,"52":0.01119,"53":null,"54":null},"opera":{"9":null,"9.5-9.6":null,"10.0-10.1":0,"10.5":null,"10.6":null,"11":null,"11.1":null,"11.5":null,"11.6":null,"12":null,"12.1":0.016785,"15":null,"16":null,"17":null,"18":null,"19":null,"20":null,"21":null,"22":null,"23":null,"24":null,"25":null,"26":null,"27":null,"28":null,"29":null,"30":null,"31":null,"32":null,"33":null,"34":null,"35":null,"36":0.005595,"37":null,"38":0.374865,"39":0.016785,"40":0.005595,"41":0.005595,"42":0.16785,"43":null,"44":null},"safari":{"3.1":null,"3.2":null,"4":0.016785,"5":0.016785,"5.1":0.016785,"6":null,"6.1":null,"7":0.03357,"7.1":0.01119,"8":0.07833,"9":0.072735,"9.1":0.23499,"10":0.64902,"10.1":null,"0":null},"ios_saf":{"3.2":0,"4.0-4.1":0,"4.2-4.3":0,"5.0-5.1":0,"6.0-6.1":0.0738508807516,"7.0-7.1":0.347099139532,"8":0,"8.1-8.4":0.417257476246,"9.0-9.2":0.188319745917,"9.3":1.6210268325,"10.0-10.2":14.6464759251},"android":{"2.1":0,"2.2":0,"2.3":0,"3":0,"4":0.0384699499565,"4.1":0.124413455178,"4.2-4.3":0.37896993255,"4.4":0.858616542646,"4.4.3-4.4.4":0.480465119669,"53":null},"op_mob":{"10":0,"11":0,"11.1":0,"11.5":0,"12":0,"12.1":0,"0":0.00141383187773},"ie":{"5.5":null,"6":0.0185963309353,"7":0.0247951079137,"8":0.644672805755,"9":0.111577985612,"10":0.23555352518,"11":0.688064244604},"edge":{"12":0.027975,"13":0.15666,"14":0.30213,"15":null},"bb":{"7":0.0682775,"10":null},"ie_mob":{"10":0.206307961165,"11":0.974232038835},"and_ff":{"0":0.02643},"samsung":{"0":1.537345},"and_uc":{"0":1.625445},"op_mini":{"0":0.646121168122},"and_chr":{"0":19.599225}},"total":83.5898575}