{"id":"VU","name":"Vanuatu","month":"2017-01","access_date":"2017-02-02","data":{"chrome":{"4":null,"5":null,"6":null,"7":null,"8":null,"9":null,"10":null,"11":null,"12":0.014334,"13":null,"14":null,"15":null,"16":null,"17":null,"18":null,"19":null,"20":0.033446,"21":null,"22":null,"23":null,"24":0.014334,"25":0.616362,"26":null,"27":0.02389,"28":0.004778,"29":null,"30":null,"31":0.019112,"32":0.009556,"33":0.004778,"34":0.210232,"35":null,"36":0.009556,"37":null,"38":null,"39":null,"40":0.009556,"41":null,"42":null,"43":0.100338,"44":0.009556,"45":0.057336,"46":0.009556,"47":0.090782,"48":null,"49":0.434798,"50":0.028668,"51":0.057336,"52":0.186342,"53":0.205454,"54":0.320126,"55":23.034738,"56":0.26279,"57":0.100338,"58":null,"59":null},"firefox":{"2":null,"3":null,"3.5":null,"3.6":0.038224,"4":null,"5":null,"6":0.019112,"7":0.009556,"8":null,"9":0.019112,"10":null,"11":null,"12":0.009556,"13":null,"14":null,"15":0.019112,"16":null,"17":null,"18":0.009556,"19":0.014334,"20":0.038224,"21":null,"22":null,"23":null,"24":null,"25":null,"26":null,"27":null,"28":0.004778,"29":0.014334,"30":null,"31":null,"32":0.100338,"33":0.009556,"34":0.086004,"35":null,"36":0.014334,"37":0.004778,"38":0.04778,"39":null,"40":0.04778,"41":0.014334,"42":0.014334,"43":0.14334,"44":0.129006,"45":0.043002,"46":0.028668,"47":0.391796,"48":0.69281,"49":0.186342,"50":6.134952,"51":1.12283,"52":0.086004,"53":null,"54":null},"opera":{"9":null,"9.5-9.6":null,"10.0-10.1":0,"10.5":null,"10.6":null,"11":null,"11.1":null,"11.5":null,"11.6":null,"12":null,"12.1":0.004778,"15":null,"16":null,"17":null,"18":null,"19":null,"20":null,"21":null,"22":null,"23":null,"24":null,"25":null,"26":null,"27":null,"28":null,"29":null,"30":null,"31":null,"32":null,"33":null,"34":null,"35":null,"36":null,"37":null,"38":null,"39":null,"40":null,"41":0.062114,"42":0.019112,"43":null,"44":null},"safari":{"3.1":null,"3.2":null,"4":0,"5":null,"5.1":0.009556,"6":null,"6.1":0.019112,"7":null,"7.1":null,"8":0.019112,"9":0.09556,"9.1":0.277124,"10":1.251836,"10.1":null,"0":null},"ios_saf":{"3.2":0,"4.0-4.1":0,"4.2-4.3":0,"5.0-5.1":0,"6.0-6.1":0.0272946642468,"7.0-7.1":0.12828492196,"8":0,"8.1-8.4":0.154214852995,"9.0-9.2":0.0696013938294,"9.3":0.599117880218,"10.0-10.2":5.41321428675},"android":{"2.1":0,"2.2":0,"2.3":0,"3":0,"4":0.122076180157,"4.1":0.394799561358,"4.2-4.3":1.20258024282,"4.4":2.72463644648,"4.4.3-4.4.4":1.52465356919,"53":null},"op_mob":{"10":0,"11":0,"11.1":0,"11.5":0,"12":0,"12.1":0,"0":0.000855131004367},"ie":{"5.5":null,"6":null,"7":null,"8":1.24023580412,"9":0.181965098675,"10":0.186753653903,"11":4.8939034433},"edge":{"12":0.148118,"13":0.16723,"14":1.79175,"15":null},"bb":{"7":0.002611,"10":null},"ie_mob":{"10":0.134149631068,"11":0.633484368932},"and_ff":{"0":2.005248},"samsung":{"0":3.242862},"and_uc":{"0":2.026136},"op_mini":{"0":0.390794868996},"and_chr":{"0":32.905738}},"total":99.432591}