{"id":"WF","name":"Wallis and Futuna","month":"2017-01","access_date":"2017-02-02","data":{"chrome":{"4":null,"5":null,"6":null,"7":null,"8":null,"9":null,"10":null,"11":null,"12":null,"13":null,"14":null,"15":null,"16":null,"17":null,"18":null,"19":null,"20":null,"21":null,"22":null,"23":0.134432,"24":null,"25":null,"26":null,"27":1.886249,"28":null,"29":null,"30":null,"31":null,"32":null,"33":null,"34":0.079819,"35":null,"36":null,"37":null,"38":null,"39":null,"40":0.054613,"41":null,"42":null,"43":0.134432,"44":null,"45":null,"46":null,"47":null,"48":null,"49":0.268864,"50":null,"51":0.025206,"52":0.134432,"53":0.025206,"54":0.025206,"55":27.377917,"56":null,"57":null,"58":null,"59":null},"firefox":{"2":null,"3":null,"3.5":null,"3.6":0.025206,"4":null,"5":0.054613,"6":null,"7":null,"8":null,"9":null,"10":null,"11":null,"12":null,"13":null,"14":0.079819,"15":null,"16":null,"17":0.054613,"18":null,"19":null,"20":null,"21":null,"22":null,"23":null,"24":null,"25":null,"26":null,"27":null,"28":null,"29":null,"30":null,"31":null,"32":null,"33":null,"34":null,"35":null,"36":null,"37":null,"38":0.079819,"39":0.37809,"40":null,"41":null,"42":null,"43":0.348683,"44":0.054613,"45":1.403134,"46":null,"47":0.054613,"48":null,"49":0.054613,"50":4.986587,"51":0.189045,"52":null,"53":null,"54":null},"opera":{"9":null,"9.5-9.6":null,"10.0-10.1":0,"10.5":null,"10.6":null,"11":null,"11.1":null,"11.5":null,"11.6":null,"12":null,"12.1":null,"15":null,"16":null,"17":null,"18":null,"19":null,"20":null,"21":null,"22":null,"23":null,"24":null,"25":null,"26":null,"27":null,"28":null,"29":null,"30":null,"31":null,"32":null,"33":null,"34":null,"35":null,"36":null,"37":null,"38":null,"39":null,"40":null,"41":null,"42":null,"43":null,"44":null},"safari":{"3.1":null,"3.2":null,"4":0.054613,"5":null,"5.1":null,"6":0.025206,"6.1":null,"7":null,"7.1":null,"8":null,"9":0.134432,"9.1":0.079819,"10":0.567135,"10.1":null,"0":null},"ios_saf":{"3.2":0,"4.0-4.1":0,"4.2-4.3":0,"5.0-5.1":0,"6.0-6.1":0.0138675776663,"7.0-7.1":0.0651776150315,"8":0,"8.1-8.4":0.0783518138145,"9.0-9.2":0.035362323049,"9.3":0.304393329775,"10.0-10.2":2.75028734066},"android":{"2.1":0,"2.2":0,"2.3":0,"3":0,"4":0.0221790300261,"4.1":0.071727926893,"4.2-4.3":0.21848704047,"4.4":0.495017074413,"4.4.3-4.4.4":0.277001928198,"53":null},"op_mob":{"10":0,"11":0,"11.1":0,"11.5":0,"12":0,"12.1":0,"0":0},"ie":{"5.5":null,"6":null,"7":null,"8":null,"9":null,"10":null,"11":1.214089},"edge":{"12":0.109226,"13":1.239295,"14":0.025206,"15":null},"bb":{"7":0.65673675,"10":null},"ie_mob":{"10":0.0405366990291,"11":0.191423300971},"and_ff":{"0":0.040593},"samsung":{"0":3.751953},"and_uc":{"0":0.307347},"op_mini":{"0":0},"and_chr":{"0":47.230321}},"total":97.90960875}