{"id":"WS","name":"Samoa","month":"2017-01","access_date":"2017-02-02","data":{"chrome":{"4":null,"5":null,"6":null,"7":null,"8":null,"9":null,"10":null,"11":null,"12":null,"13":null,"14":null,"15":null,"16":null,"17":null,"18":0.156039,"19":null,"20":null,"21":0.088022,"22":null,"23":null,"24":0.244061,"25":0.072018,"26":null,"27":0.116029,"28":0.008002,"29":null,"30":null,"31":0.020005,"32":0.020005,"33":0.020005,"34":null,"35":0.008002,"36":null,"37":0.008002,"38":null,"39":0.032008,"40":null,"41":null,"42":null,"43":null,"44":0.032008,"45":0.036009,"46":0.008002,"47":0.008002,"48":null,"49":4.209052,"50":0.020005,"51":0.012003,"52":0.028007,"53":0.08002,"54":0.208052,"55":19.308826,"56":0.192048,"57":0.036009,"58":null,"59":null},"firefox":{"2":null,"3":0.068017,"3.5":null,"3.6":0.008002,"4":0.020005,"5":0.012003,"6":0.024006,"7":null,"8":null,"9":null,"10":0.052013,"11":null,"12":0.060015,"13":null,"14":0.012003,"15":0.020005,"16":0.020005,"17":0.04001,"18":null,"19":0.008002,"20":null,"21":null,"22":null,"23":null,"24":null,"25":null,"26":null,"27":null,"28":0.028007,"29":null,"30":0.048012,"31":null,"32":null,"33":null,"34":null,"35":null,"36":0.008002,"37":0.012003,"38":0.032008,"39":0.008002,"40":0.084021,"41":0.032008,"42":0.016004,"43":0.192048,"44":0.04001,"45":0.144036,"46":null,"47":0.468117,"48":0.128032,"49":0.216054,"50":5.149287,"51":0.844211,"52":null,"53":null,"54":null},"opera":{"9":null,"9.5-9.6":null,"10.0-10.1":0,"10.5":null,"10.6":null,"11":null,"11.1":null,"11.5":null,"11.6":null,"12":null,"12.1":null,"15":null,"16":null,"17":null,"18":null,"19":null,"20":null,"21":null,"22":null,"23":null,"24":null,"25":null,"26":null,"27":null,"28":null,"29":null,"30":null,"31":null,"32":null,"33":null,"34":null,"35":0.008002,"36":null,"37":null,"38":null,"39":0.008002,"40":null,"41":0.008002,"42":0.092023,"43":null,"44":null},"safari":{"3.1":null,"3.2":null,"4":0,"5":0.152038,"5.1":null,"6":null,"6.1":null,"7":0.016004,"7.1":null,"8":0.016004,"9":0.576144,"9.1":0.068017,"10":0.4001,"10.1":null,"0":null},"ios_saf":{"3.2":0,"4.0-4.1":0,"4.2-4.3":0,"5.0-5.1":0,"6.0-6.1":0.00614719760863,"7.0-7.1":0.0288918287605,"8":0,"8.1-8.4":0.0347316664887,"9.0-9.2":0.015675353902,"9.3":0.134930987509,"10.0-10.2":1.21914296573},"android":{"2.1":0,"2.2":0,"2.3":0,"3":0,"4":0.0214680374238,"4.1":0.0694285465622,"4.2-4.3":0.211483006963,"4.4":0.47914832463,"4.4.3-4.4.4":0.268122084421,"53":null},"op_mob":{"10":0,"11":0,"11.1":0,"11.5":0,"12":0,"12.1":0,"0":0.0501579475983},"ie":{"5.5":null,"6":null,"7":null,"8":0.32008,"9":0.196049,"10":0.276069,"11":3.724931},"edge":{"12":0.116029,"13":0.324081,"14":0.408102,"15":null},"bb":{"7":0,"10":null},"ie_mob":{"10":0.00628916504854,"11":0.0296988349515},"and_ff":{"0":null},"samsung":{"0":0.911696},"and_uc":{"0":29.246248},"op_mini":{"0":22.9221820524},"and_chr":{"0":4.316654}},"total":99.445962}