{"id":"YT","name":"Mayotte","month":"2017-01","access_date":"2017-02-02","data":{"chrome":{"4":null,"5":null,"6":null,"7":null,"8":null,"9":null,"10":0.006813,"11":0.047691,"12":null,"13":null,"14":null,"15":null,"16":null,"17":null,"18":null,"19":null,"20":null,"21":null,"22":null,"23":0.027252,"24":null,"25":0.047691,"26":0.013626,"27":0.006813,"28":null,"29":null,"30":null,"31":null,"32":null,"33":0.020439,"34":0.006813,"35":0.006813,"36":0.422406,"37":null,"38":0.013626,"39":null,"40":0.027252,"41":null,"42":0.034065,"43":0.143073,"44":0.020439,"45":0.020439,"46":0.020439,"47":null,"48":0.040878,"49":0.54504,"50":0.115821,"51":0.463284,"52":0.20439,"53":0.585918,"54":0.367902,"55":35.713746,"56":0.728991,"57":0.027252,"58":0.013626,"59":null},"firefox":{"2":null,"3":0.006813,"3.5":null,"3.6":0.013626,"4":null,"5":0.034065,"6":null,"7":null,"8":null,"9":null,"10":null,"11":null,"12":null,"13":null,"14":null,"15":null,"16":0.013626,"17":0.899316,"18":null,"19":null,"20":null,"21":null,"22":0.006813,"23":null,"24":0.013626,"25":null,"26":null,"27":null,"28":0.013626,"29":null,"30":null,"31":0.006813,"32":null,"33":null,"34":0.020439,"35":0.006813,"36":0.06813,"37":0.013626,"38":0.054504,"39":0.013626,"40":0.040878,"41":0.034065,"42":0.047691,"43":0.102195,"44":0.020439,"45":0.061317,"46":0.034065,"47":0.299772,"48":0.156699,"49":0.190764,"50":10.192248,"51":1.008324,"52":null,"53":null,"54":null},"opera":{"9":null,"9.5-9.6":null,"10.0-10.1":0,"10.5":null,"10.6":null,"11":null,"11.1":null,"11.5":null,"11.6":null,"12":null,"12.1":0.006813,"15":null,"16":null,"17":null,"18":null,"19":null,"20":null,"21":null,"22":null,"23":null,"24":null,"25":null,"26":null,"27":null,"28":null,"29":null,"30":null,"31":null,"32":null,"33":null,"34":null,"35":null,"36":0.020439,"37":0.006813,"38":null,"39":null,"40":0.292959,"41":0.013626,"42":0.572292,"43":null,"44":null},"safari":{"3.1":null,"3.2":null,"4":0,"5":null,"5.1":0.013626,"6":null,"6.1":null,"7":0.013626,"7.1":0.013626,"8":0.020439,"9":0.040878,"9.1":0.565479,"10":1.778193,"10.1":null,"0":null},"ios_saf":{"3.2":0,"4.0-4.1":0,"4.2-4.3":0,"5.0-5.1":0,"6.0-6.1":0.0131603672467,"7.0-7.1":0.0618537260596,"8":0,"8.1-8.4":0.074356074944,"9.0-9.2":0.0335589364791,"9.3":0.288870061065,"10.0-10.2":2.61002983421},"android":{"2.1":0,"2.2":0,"2.3":0,"3":0,"4":0.0389790348129,"4.1":0.126059857267,"4.2-4.3":0.383984959965,"4.4":0.869978883377,"4.4.3-4.4.4":0.486823264578,"53":null},"op_mob":{"10":0,"11":0,"11.1":0,"11.5":0,"12":0,"12.1":0,"0":0.00239372925764},"ie":{"5.5":null,"6":0.047691,"7":0.020439,"8":0.122634,"9":0.081756,"10":0.183951,"11":3.604077},"edge":{"12":0.490536,"13":0.728991,"14":2.486745,"15":null},"bb":{"7":0.012748,"10":null},"ie_mob":{"10":0.121972368932,"11":0.575980631068},"and_ff":{"0":0.019122},"samsung":{"0":2.13529},"and_uc":{"0":0.309139},"op_mini":{"0":1.09393427074},"and_chr":{"0":24.800996}},"total":98.251317}