{"id":"ZM","name":"Zambia","month":"2017-01","access_date":"2017-02-02","data":{"chrome":{"4":null,"5":null,"6":null,"7":null,"8":null,"9":null,"10":0.003596,"11":0.021576,"12":0.003596,"13":null,"14":null,"15":null,"16":null,"17":null,"18":null,"19":0.001798,"20":null,"21":0.003596,"22":0.001798,"23":null,"24":null,"25":0.012586,"26":0.014384,"27":0.005394,"28":0.016182,"29":0.003596,"30":0.003596,"31":0.030566,"32":0.021576,"33":0.028768,"34":0.010788,"35":0.032364,"36":0.086304,"37":null,"38":0.016182,"39":0.00899,"40":0.025172,"41":0.003596,"42":0.012586,"43":0.115072,"44":0.01798,"45":0.064728,"46":0.023374,"47":0.01798,"48":0.021576,"49":0.208568,"50":0.109678,"51":0.079112,"52":0.061132,"53":0.230144,"54":0.226548,"55":6.129382,"56":0.13485,"57":0.019778,"58":null,"59":null},"firefox":{"2":0.001798,"3":0.01798,"3.5":0.005394,"3.6":0.034162,"4":0.02697,"5":0.014384,"6":0.014384,"7":0.001798,"8":0.00899,"9":0.007192,"10":0.00899,"11":0.00899,"12":0.034162,"13":0.007192,"14":0.012586,"15":0.012586,"16":0.023374,"17":0.016182,"18":0.016182,"19":0.014384,"20":0.016182,"21":0.019778,"22":0.005394,"23":0.005394,"24":0.007192,"25":0.005394,"26":0.010788,"27":0.007192,"28":0.003596,"29":0.02697,"30":0.016182,"31":0.010788,"32":0.007192,"33":0.010788,"34":0.016182,"35":0.019778,"36":0.016182,"37":0.023374,"38":0.025172,"39":0.021576,"40":0.019778,"41":0.021576,"42":0.014384,"43":0.122264,"44":0.122264,"45":0.059334,"46":0.03596,"47":0.24273,"48":0.111476,"49":0.133052,"50":2.73296,"51":0.604128,"52":0.052142,"53":0.003596,"54":null},"opera":{"9":null,"9.5-9.6":null,"10.0-10.1":0,"10.5":null,"10.6":0.003596,"11":0.003596,"11.1":0.007192,"11.5":0.007192,"11.6":0.019778,"12":0.00899,"12.1":0.021576,"15":0.003596,"16":0.005394,"17":null,"18":0.003596,"19":null,"20":0.003596,"21":0.001798,"22":0.001798,"23":null,"24":null,"25":null,"26":null,"27":null,"28":0.003596,"29":0.007192,"30":0.003596,"31":null,"32":null,"33":0.001798,"34":0.010788,"35":0.00899,"36":0.021576,"37":0.03596,"38":0.00899,"39":0.007192,"40":0.016182,"41":0.04495,"42":0.562774,"43":0.001798,"44":null},"safari":{"3.1":null,"3.2":null,"4":0,"5":0.003596,"5.1":0.00899,"6":0.003596,"6.1":0.01798,"7":0.01798,"7.1":0.02697,"8":0.05394,"9":0.02697,"9.1":0.095294,"10":0.239134,"10.1":null,"0":null},"ios_saf":{"3.2":0,"4.0-4.1":0,"4.2-4.3":0,"5.0-5.1":0,"6.0-6.1":0.00518371303512,"7.0-7.1":0.0243634512651,"8":0,"8.1-8.4":0.0292879786484,"9.0-9.2":0.0132184682396,"9.3":0.113782501121,"10.0-10.2":1.02805988769},"android":{"2.1":0,"2.2":0,"2.3":0,"3":0,"4":0.0811919477807,"4.1":0.262578214099,"4.2-4.3":0.799827060052,"4.4":1.81213517493,"4.4.3-4.4.4":1.01403560313,"53":null},"op_mob":{"10":0,"11":0,"11.1":0,"11.5":0,"12":0,"12.1":0,"0":0.0889146943231},"ie":{"5.5":null,"6":0.0036227787234,"7":0.0036227787234,"8":0.297067855319,"9":0.0742669638298,"10":0.1702706,"11":1.1538550234},"edge":{"12":0.169012,"13":0.154628,"14":0.334428,"15":null},"bb":{"7":0.229656,"10":null},"ie_mob":{"10":0.374106757282,"11":1.76661524272},"and_ff":{"0":0.024606},"samsung":{"0":2.280156},"and_uc":{"0":20.234334},"op_mini":{"0":40.6340153057},"and_chr":{"0":10.096106}},"total":97.261388}