{"id":"ZW","name":"Zimbabwe","month":"2017-01","access_date":"2017-02-02","data":{"chrome":{"4":null,"5":null,"6":null,"7":null,"8":null,"9":null,"10":null,"11":0.030321,"12":null,"13":0.003369,"14":null,"15":null,"16":null,"17":null,"18":0.003369,"19":null,"20":null,"21":0.003369,"22":null,"23":null,"24":null,"25":0.010107,"26":0.006738,"27":0.010107,"28":0.023583,"29":0.026952,"30":0.010107,"31":0.030321,"32":0.080856,"33":0.023583,"34":0.030321,"35":0.006738,"36":0.232461,"37":null,"38":0.006738,"39":0.016845,"40":0.030321,"41":0.020214,"42":0.013476,"43":0.256044,"44":0.016845,"45":0.03369,"46":0.016845,"47":0.037059,"48":0.037059,"49":0.40428,"50":0.043797,"51":0.144867,"52":0.104439,"53":0.289734,"54":0.293103,"55":12.953805,"56":0.245937,"57":0.043797,"58":null,"59":null},"firefox":{"2":null,"3":0.050535,"3.5":0.006738,"3.6":0.016845,"4":0.006738,"5":0.003369,"6":null,"7":0.003369,"8":null,"9":0.003369,"10":0.016845,"11":0.030321,"12":0.016845,"13":0.006738,"14":0.010107,"15":0.016845,"16":0.010107,"17":0.003369,"18":0.010107,"19":0.013476,"20":0.013476,"21":0.016845,"22":0.016845,"23":0.003369,"24":0.026952,"25":0.006738,"26":0.006738,"27":0.013476,"28":0.013476,"29":0.030321,"30":0.047166,"31":0.043797,"32":0.016845,"33":0.043797,"34":0.016845,"35":0.016845,"36":0.020214,"37":0.03369,"38":0.050535,"39":0.020214,"40":0.050535,"41":0.050535,"42":0.030321,"43":0.175188,"44":0.242568,"45":0.128022,"46":0.077487,"47":0.448077,"48":0.178557,"49":0.360483,"50":5.353341,"51":1.155567,"52":0.104439,"53":0.006738,"54":null},"opera":{"9":null,"9.5-9.6":null,"10.0-10.1":0,"10.5":null,"10.6":0.003369,"11":null,"11.1":null,"11.5":0.010107,"11.6":0.023583,"12":0.020214,"12.1":0.03369,"15":0.003369,"16":0.003369,"17":0.003369,"18":0.006738,"19":null,"20":0.003369,"21":0.010107,"22":0.010107,"23":null,"24":null,"25":null,"26":null,"27":null,"28":0.003369,"29":0.010107,"30":0.013476,"31":null,"32":0.016845,"33":0.023583,"34":0.016845,"35":0.037059,"36":0.040428,"37":0.057273,"38":0.010107,"39":0.016845,"40":0.026952,"41":0.064011,"42":1.14546,"43":0.010107,"44":null},"safari":{"3.1":null,"3.2":null,"4":0,"5":0.006738,"5.1":0.043797,"6":null,"6.1":0.006738,"7":0.006738,"7.1":0.013476,"8":0.043797,"9":0.047166,"9.1":0.117915,"10":0.454815,"10.1":null,"0":null},"ios_saf":{"3.2":0,"4.0-4.1":0,"4.2-4.3":0,"5.0-5.1":0,"6.0-6.1":0.00603139959432,"7.0-7.1":0.0283475780933,"8":0,"8.1-8.4":0.0340774077079,"9.0-9.2":0.0153800689655,"9.3":0.132389221095,"10.0-10.2":1.19617732454},"android":{"2.1":0,"2.2":0,"2.3":0,"3":0,"4":0.0912729160139,"4.1":0.295180494343,"4.2-4.3":0.899135321584,"4.4":2.03713380635,"4.4.3-4.4.4":1.13994046171,"53":null},"op_mob":{"10":0,"11":0,"11.1":0,"11.5":0,"12":0,"12.1":0,"0":0.0852329628821},"ie":{"5.5":null,"6":0.00676714359862,"7":0.00338357179931,"8":0.622577211073,"9":0.284220031142,"10":0.375576469723,"11":2.61888457266},"edge":{"12":0.350376,"13":0.309948,"14":0.619896,"15":null},"bb":{"7":0.0762565,"10":null},"ie_mob":{"10":0.37545623301,"11":1.77298776699},"and_ff":{"0":0.019893},"samsung":{"0":1.936252},"and_uc":{"0":7.55934},"op_mini":{"0":38.9514640371},"and_chr":{"0":9.18148}},"total":97.9770575}